# File exported by ZBrush version 2025
# www.zbrush.com
g ZBrushPolyMesh3D
#Vertex Count 12001
#Face Count 12000
#Auto scale x=1.000000 y=1.000000 z=1.000000
#Auto offset x=0.000000 y=0.000000 z=0.000000
v -0.02469487 -0.17969375 0.09175544
v -0.29305952 -0.29511436 0.02575201
v -0.29084697 -0.28718519 0.02385337
v -0.33702102 -0.29271331 0.02226368
v -0.25438615 -0.35862261 0.02245273
v -0.26272612 -0.36224955 0.0241812
v -0.25134214 -0.36952808 0.02282547
v -0.28728455 -0.4193829 0.02300993
v -0.33609771 -0.28088915 0.01754717
v -0.32441088 -0.28817796 0.01956605
v -0.10514587 -0.31545573 0.016438
v -0.13765063 -0.3235659 0.01034263
v -0.25901159 -0.3599925 0.02086096
v -0.30543077 -0.38712751 0.01728153
v -0.33642429 -0.31502997 0.01592671
v -0.30648937 -0.31847876 0.0133249
v -0.27744045 -0.35901215 0.01480572
v -0.27022829 -0.36283484 0.01375271
v -0.35144037 -0.39274454 0.01220771
v -0.27627286 -0.47629961 0.01288384
v -0.33772182 -0.28514179 0.00764783
v -0.10522956 -0.3058601 0.00793173
v -0.29795044 -0.31417989 0.01200351
v -0.10481768 -0.31537932 0.00928351
v -0.11894363 -0.31604695 0.00830721
v -0.33438286 -0.38427805 0.00662298
v -0.25925606 -0.48036176 0.00782887
v -0.08595792 -0.29238754 -0.00005055
v -0.09103091 -0.29260161 -0.00168372
v -0.33855101 -0.30965802 0.00268235
v -0.11110406 -0.31970837 0.0033867
v -0.36618298 -0.32435584 0.00280695
v -0.13814044 -0.32716757 0.00504633
v -0.33190301 -0.3808113 0.00067998
v -0.35252127 -0.40227985 0.00524193
v -0.10905794 0.01389641 -0.00346564
v -0.36511153 -0.30937784 -0.00005485
v -0.33891615 -0.31781315 -0.0009667
v -0.29763448 -0.33017516 -0.00496982
v -0.35863816 -0.38688868 0.0014236
v -0.35916161 -0.38880896 0.00099501
v -0.29938733 -0.44962152 -0.0068583
v -0.11728476 0.00252818 -0.0097863
v -0.35446226 -0.31425848 -0.00554776
v -0.26587784 -0.38937893 -0.00662729
v -0.25260478 -0.43814837 -0.01166745
v -0.12241016 -0.12319603 -0.01672083
v -0.32432055 -0.40456223 -0.0141592
v -0.15119984 -0.30898073 -0.02766824
v -0.1711419 -0.31868094 -0.02876363
v -0.17093011 -0.32156533 -0.02817113
v -0.15880353 -0.29026302 -0.03486844
v -0.16230174 -0.32095783 -0.03331555
v -0.17082895 -0.32165485 -0.03398032
v -0.15023176 -0.3077943 -0.04177581
v -0.12924611 0.00912263 -0.06404501
v -0.27284491 -0.42769524 -0.05806344
v -0.28091579 -0.47582125 -0.06666364
v -0.13331225 0.03314315 -0.08025896
v -0.12284886 -0.22466407 -0.09225188
v -0.09964504 -0.19804684 -0.09560471
v -0.16822215 -0.35441085 -0.10257121
v -0.08300413 0.10585823 -0.10471431
v -0.14588816 -0.18719376 -0.10661283
v -0.09720812 -0.2886908 -0.10856322
v -0.11093269 0.09527049 -0.11372473
v -0.1828483 -0.29617661 -0.12005812
v -0.16080196 -0.17168803 -0.1237198
v -0.1421585 0.03565783 -0.15334866
v -0.12751786 0.08321877 -0.16649121
v -0.16801513 -0.52944612 -0.16161266
v -0.13900919 0.02891152 -0.20060552
v -0.15817253 0.16078493 -0.21555426
v -0.29775512 -0.37950345 -0.21793432
v -0.26744061 -0.33023229 -0.22856184
v -0.16908603 0.12625806 -0.23964223
v -0.0850586 0.06444238 -0.23262697
v -0.15178686 0.18284837 -0.24134749
v -0.14350633 0.1204726 -0.24667674
v -0.10763567 -0.5661984 -0.48013266
v -0.02760563 -0.17620503 0.0972117
v -0.03423683 -0.17615413 0.08991296
v -0.02721059 -0.18077217 0.08523433
v -0.01810904 -0.18135964 0.09245892
v -0.01896653 -0.17705506 0.10203968
v -0.01870032 -0.18372613 0.08318843
v -0.29117035 -0.29409003 0.02657226
v -0.29148078 -0.29069703 0.02479181
v -0.29323211 -0.29357466 0.02376343
v -0.29529625 -0.29996675 0.02597969
v -0.29261177 -0.29994326 0.0285915
v -0.29656204 -0.2991006 0.02233409
v -0.29051607 -0.28741967 0.02237428
v -0.29104691 -0.28990891 0.02123117
v -0.29178842 -0.29011291 0.02279075
v -0.29004293 -0.29021936 0.02522018
v -0.33425161 -0.29089644 0.02314062
v -0.33626696 -0.28720009 0.02147167
v -0.33869296 -0.29078206 0.01985666
v -0.33748364 -0.29787781 0.0223901
v -0.33299493 -0.29711771 0.02472491
v -0.34066048 -0.29744347 0.01865661
v -0.25586554 -0.35863184 0.02374264
v -0.25476485 -0.3601886 0.0257118
v -0.25443658 -0.361225 0.02020393
v -0.25678986 -0.36030668 0.0201591
v -0.25316825 -0.36097022 0.02459545
v -0.25263086 -0.36279851 0.02177466
v -0.25837966 -0.36552959 0.02922872
v -0.25639918 -0.36210632 0.02742957
v -0.25903511 -0.36022171 0.02442061
v -0.26069948 -0.36147987 0.01868811
v -0.26532599 -0.36765682 0.02759398
v -0.26104289 -0.3706699 0.02933871
v -0.26571047 -0.36278456 0.01929406
v -0.26791811 -0.3659389 0.02328988
v -0.26310238 -0.36305117 0.01559428
v -0.25240036 -0.36870655 0.02554848
v -0.25392916 -0.3736971 0.02486792
v -0.25228458 -0.37311935 0.02112249
v -0.25129631 -0.36741 0.02075898
v -0.25204369 -0.36504849 0.02381443
v -0.25247737 -0.37154883 0.01767987
v -0.29601043 -0.41135093 0.02218822
v -0.30176344 -0.41829425 0.0218522
v -0.29481083 -0.42702093 0.02248621
v -0.28478878 -0.40733611 0.02452981
v -0.29159483 -0.40399825 0.02197527
v -0.27891394 -0.42066311 0.02164413
v -0.27808505 -0.41013449 0.02445352
v -0.33914366 -0.28276419 0.01649205
v -0.3380109 -0.28493207 0.01909272
v -0.33464759 -0.2824983 0.01952213
v -0.33111327 -0.2817474 0.01746241
v -0.33413809 -0.28031936 0.01510941
v -0.33776763 -0.28115186 0.01285294
v -0.32723364 -0.28831541 0.02208202
v -0.32457748 -0.29384389 0.02289142
v -0.32174944 -0.29191076 0.01918514
v -0.32117787 -0.29008981 0.01476833
v -0.32556152 -0.28591811 0.01691615
v -0.3293361 -0.28420543 0.02014744
v -0.10657736 -0.31648123 0.01573015
v -0.10496705 -0.31682482 0.01491708
v -0.10560756 -0.31379896 0.01483282
v -0.10748256 -0.31556722 0.01477729
v -0.10523731 -0.31659698 0.01306263
v -0.13361504 -0.32250535 0.01083192
v -0.13580098 -0.31883803 0.00957571
v -0.14006413 -0.32082441 0.00846384
v -0.14137734 -0.32392066 0.00548273
v -0.13859313 -0.32618373 0.00786954
v -0.13312736 -0.32572051 0.00837735
v -0.25785556 -0.36254626 0.016972
v -0.30916059 -0.3798753 0.01951299
v -0.31970787 -0.38138169 0.01582378
v -0.31993243 -0.38747021 0.0144997
v -0.29465907 -0.38006243 0.01773296
v -0.30037772 -0.3755624 0.02036736
v -0.29409661 -0.39204594 0.01820578
v -0.28724411 -0.38359108 0.01853186
v -0.32155531 -0.39351266 0.01426084
v -0.31086129 -0.39551898 0.01772763
v -0.30035495 -0.40005442 0.01922624
v -0.33081296 -0.31268793 0.02178972
v -0.33191278 -0.30442699 0.02372233
v -0.33707815 -0.30562257 0.02016139
v -0.33289361 -0.32281237 0.01665148
v -0.32743126 -0.32023936 0.02015101
v -0.3396866 -0.31313672 0.01172115
v -0.34521099 -0.31737592 0.01243203
v -0.34278255 -0.32104185 0.0144373
v -0.33852848 -0.32647648 0.01644603
v -0.33958491 -0.3049792 0.01593526
v -0.31133258 -0.32127338 0.01857154
v -0.3066141 -0.32595923 0.01950313
v -0.30217057 -0.32122692 0.01855839
v -0.31254056 -0.3121483 0.0152158
v -0.31594616 -0.3148843 0.01984623
v -0.29923674 -0.31411072 0.0188995
v -0.30588507 -0.31577131 0.0077197
v -0.31152752 -0.31037297 0.00965926
v -0.2989133 -0.31784257 0.0059927
v -0.28216248 -0.35619565 0.01787727
v -0.28443908 -0.36503669 0.01697323
v -0.27835473 -0.3682464 0.01645657
v -0.27704316 -0.34531921 0.01736297
v -0.28079196 -0.34563458 0.02157905
v -0.27316114 -0.37080815 0.02048433
v -0.27107814 -0.36503708 0.01834023
v -0.27621743 -0.35519853 0.01066651
v -0.27548432 -0.34346437 0.0119201
v -0.26646423 -0.36541569 0.01200392
v -0.27078953 -0.3663479 0.00585465
v -0.27419909 -0.36131349 0.00568621
v -0.27672901 -0.35217112 0.00501593
v -0.3523792 -0.38985118 0.01062749
v -0.35585907 -0.39175435 0.00926879
v -0.35371419 -0.39464139 0.01127573
v -0.34864717 -0.39681336 0.01328374
v -0.34693917 -0.39299684 0.01311948
v -0.34617251 -0.38890942 0.01114522
v -0.27903792 -0.47197735 0.01419207
v -0.2822332 -0.4739587 0.00865572
v -0.27745699 -0.47926887 0.00841233
v -0.27240219 -0.47669032 0.01448071
v -0.27448487 -0.47019976 0.01751187
v -0.27245751 -0.48210036 0.00875649
v -0.34007838 -0.28556898 0.01045425
v -0.33429777 -0.2827605 0.00844195
v -0.33044496 -0.28908723 0.00378166
v -0.33554568 -0.29113695 0.00345958
v -0.34004479 -0.29318773 0.00603897
v -0.10594815 -0.30774372 0.00987399
v -0.10335084 -0.31244459 0.00678865
v -0.10200753 -0.30929118 0.00457503
v -0.10857389 -0.30331152 0.00644982
v -0.1153249 -0.30694428 0.00824383
v -0.11370976 -0.30905631 0.01003851
v -0.11236488 -0.31028789 0.01095232
v -0.10106863 -0.30405959 0.00466055
v -0.10304962 -0.30208575 0.00371613
v -0.1000414 -0.30706846 0.0023441
v -0.29630273 -0.30578011 0.01550571
v -0.29254987 -0.30443814 0.01233144
v -0.29228624 -0.31219303 0.00818348
v -0.29256442 -0.31816583 0.00450319
v -0.2977083 -0.30634969 0.02061729
v -0.10625149 -0.30971878 0.0117698
v -0.10612301 -0.31172293 0.01291478
v -0.10522059 -0.31607413 0.01067242
v -0.10969226 -0.31725129 0.01253338
v -0.11166986 -0.31562668 0.01200567
v -0.11357676 -0.31938335 0.00698463
v -0.12031129 -0.31251528 0.00740564
v -0.12548479 -0.31597244 0.00692448
v -0.12455351 -0.31910842 0.00783547
v -0.11525842 -0.31608569 0.00998503
v -0.12400957 -0.32173088 0.00611108
v -0.11915782 -0.31984353 0.00571135
v -0.32707369 -0.38249006 0.01130728
v -0.32711032 -0.37710213 0.01160319
v -0.33123976 -0.37836849 0.00709832
v -0.33895486 -0.38502204 0.00215312
v -0.33776548 -0.38905584 0.01000982
v -0.32866606 -0.38814994 0.0114542
v -0.34552416 -0.38599014 0.00750662
v -0.26268661 -0.48260846 0.00798212
v -0.26125541 -0.48410499 0.00140663
v -0.25673034 -0.47938656 0.00340272
v -0.25826194 -0.47347042 0.01182304
v -0.26277393 -0.47517815 0.01441834
v -0.25464823 -0.47143068 0.00714102
v -0.08570362 -0.29360309 0.00107973
v -0.08278501 -0.29322829 -0.00038648
v -0.0834354 -0.29284718 -0.00188728
v -0.08831049 -0.29264181 -0.00073855
v -0.08819872 -0.29485189 0.00085368
v -0.08466359 -0.29194912 -0.00434831
v -0.08650271 -0.29077401 -0.00644054
v -0.09085036 -0.2962915 0.00031143
v -0.09549672 -0.29560196 -0.00090237
v -0.09474733 -0.29829818 0.00031205
v -0.08872418 -0.28944358 -0.00952441
v -0.09270182 -0.28915333 -0.00529505
v -0.09678386 -0.29227706 -0.00319338
v -0.08532141 -0.29579353 0.00180431
v -0.08321243 -0.29668161 -0.00004343
v -0.33170202 -0.30594328 -0.00165569
v -0.32946839 -0.31311211 -0.00314121
v -0.3383567 -0.30062115 0.00371576
v -0.3334681 -0.29782387 -0.00010453
v -0.34036752 -0.31059461 0.00643555
v -0.3403221 -0.30247241 0.00760427
v -0.34606757 -0.31330874 0.00317483
v -0.34643545 -0.31379032 0.00613926
v -0.34628009 -0.31534686 -0.00130401
v -0.11894292 -0.32073956 0.00300717
v -0.11270148 -0.31979954 -0.00023753
v -0.11923772 -0.32060277 0.00013443
v -0.36717736 -0.32204619 0.00583854
v -0.36677694 -0.31735807 0.00107305
v -0.3650493 -0.32189822 -0.00162034
v -0.36423343 -0.32860899 0.00325668
v -0.36554861 -0.32803824 0.00856658
v -0.36214304 -0.32704883 -0.00227911
v -0.13936409 -0.32631492 0.00253671
v -0.13436777 -0.32771307 0.00140703
v -0.13363859 -0.32716083 0.00478946
v -0.33412697 -0.37140092 0.00185129
v -0.33347562 -0.36938279 -0.00461783
v -0.33017301 -0.37759766 -0.0054091
v -0.33290216 -0.37166479 0.00730864
v -0.33074486 -0.38597291 -0.00844102
v -0.33586782 -0.38692557 -0.00488233
v -0.34216681 -0.38713574 -0.00289191
v -0.34761139 -0.4059143 0.00587479
v -0.34601298 -0.40460088 0.00987176
v -0.35272848 -0.4014427 0.0086987
v -0.35598689 -0.39796701 0.00591063
v -0.35388562 -0.40049856 0.00276985
v -0.34848961 -0.40551057 0.00173838
v -0.10562823 0.01779935 -0.00291009
v -0.10776937 0.01987522 -0.0091456
v -0.11132964 0.01405485 -0.00757225
v -0.10912337 0.00984398 -0.00064191
v -0.10424801 0.01338415 0.00242857
v -0.11240445 0.0089211 -0.0046736
v -0.36130237 -0.30893543 0.00153693
v -0.3601734 -0.31109127 -0.00417049
v -0.3642764 -0.31368535 -0.00300201
v -0.36599993 -0.31371676 0.0045503
v -0.362641 -0.31169781 0.00703672
v -0.33237752 -0.3247962 -0.00553091
v -0.33847537 -0.32937005 -0.0086758
v -0.34382775 -0.32323178 -0.00623447
v -0.32464256 -0.32007926 -0.0072506
v -0.34803012 -0.31959182 -0.00582237
v -0.30481821 -0.32178622 -0.00399825
v -0.30087652 -0.31975635 0.00147862
v -0.2942534 -0.32332158 0.00097208
v -0.30546695 -0.3317793 -0.01260249
v -0.31087386 -0.3234083 -0.01023352
v -0.29416292 -0.34392026 -0.01000048
v -0.30104953 -0.34434106 -0.01574432
v -0.28698533 -0.32621717 0.0005507
v -0.28736078 -0.33424401 -0.00338262
v -0.28620058 -0.34607562 -0.00688836
v -0.35806781 -0.38770645 0.00420213
v -0.3534297 -0.3853971 0.0041622
v -0.35437089 -0.38637438 0.00031619
v -0.3553482 -0.38902327 -0.00096974
v -0.35922908 -0.39014023 0.00277779
v -0.35635894 -0.39200326 -0.00017759
v -0.30472227 -0.43712487 -0.00162457
v -0.30335059 -0.43409386 -0.0088208
v -0.3001132 -0.44302222 -0.0147954
v -0.29924109 -0.44896295 0.00486866
v -0.30508557 -0.43805593 0.00598451
v -0.29925617 -0.45124965 -0.02698405
v -0.29841777 -0.45828542 -0.0220783
v -0.29451078 -0.46596437 -0.01873455
v -0.29531416 -0.46193057 -0.00549359
v -0.29358863 -0.45927825 0.00330666
v -0.11546581 0.00280672 -0.00624809
v -0.11512731 0.00810984 -0.00901936
v -0.11739935 0.00625057 -0.01330741
v -0.11887424 -0.0014941 -0.01220884
v -0.11689221 -0.00289599 -0.00669611
v -0.11973629 0.00231765 -0.01799779
v -0.35537779 -0.31123611 -0.0017816
v -0.35103872 -0.31342017 -0.00119853
v -0.3515779 -0.31678286 -0.00570323
v -0.35500559 -0.32044351 -0.00798747
v -0.35779804 -0.31601586 -0.00663919
v -0.27161893 -0.3806732 -0.00849971
v -0.26752254 -0.37762802 -0.00032537
v -0.26259747 -0.38212332 0.00162709
v -0.27235469 -0.39122599 -0.01480484
v -0.27657133 -0.38319549 -0.01548427
v -0.26283022 -0.40264609 -0.00872511
v -0.26855427 -0.40250843 -0.01467224
v -0.25791946 -0.38685065 0.0061142
v -0.259108 -0.39441359 0.00134023
v -0.2585031 -0.40546274 -0.0014346
v -0.25673455 -0.42705148 -0.00568104
v -0.2558338 -0.42958599 0.00147044
v -0.25409987 -0.44021108 -0.0010693
v -0.2521452 -0.45033916 -0.0024234
v -0.24836069 -0.44942942 -0.01096052
v -0.25637674 -0.43136093 -0.01878993
v -0.26020443 -0.42423296 -0.01236979
v -0.24328689 -0.44980374 -0.02387415
v -0.24607266 -0.44130203 -0.02510859
v -0.2504487 -0.43480488 -0.02850244
v -0.11263499 -0.11866208 0.0056249
v -0.11577809 -0.10546055 0.01107848
v -0.12481886 -0.10642769 -0.00516124
v -0.13388824 -0.1048037 -0.01991739
v -0.13366884 -0.11889975 -0.03152675
v -0.13575537 -0.12876237 -0.04945963
v -0.12575429 -0.13563989 -0.04099315
v -0.11476573 -0.1326763 -0.01636312
v -0.10808784 -0.12849986 0.00233829
v -0.1171312 -0.1419148 -0.03671501
v -0.32583797 -0.41218015 -0.00912889
v -0.33382082 -0.40789169 -0.00860959
v -0.33298581 -0.40165135 -0.01148499
v -0.33223074 -0.39359358 -0.01140761
v -0.32584455 -0.39317247 -0.01477511
v -0.31906825 -0.39013221 -0.01890344
v -0.31718802 -0.4004119 -0.0182551
v -0.31136241 -0.40970864 -0.01822794
v -0.31507211 -0.41405656 -0.01376297
v -0.31697589 -0.41884467 -0.00859908
v -0.15059058 -0.30515602 -0.02396708
v -0.1562424 -0.30416843 -0.02843316
v -0.15825748 -0.30919277 -0.02943332
v -0.14684803 -0.31102496 -0.02061712
v -0.14832867 -0.30803293 -0.01829678
v -0.15573531 -0.3140507 -0.03616223
v -0.15323874 -0.3111934 -0.03821156
v -0.14751541 -0.30893325 -0.0290309
v -0.14390133 -0.31177255 -0.02231688
v -0.17052824 -0.31542804 -0.02965556
v -0.17236512 -0.31614643 -0.03211611
v -0.17183306 -0.31990614 -0.03002889
v -0.16959181 -0.31990593 -0.02776201
v -0.16753837 -0.31637263 -0.02824149
v -0.17162688 -0.32087534 -0.03202318
v -0.16993227 -0.32261192 -0.03001563
v -0.16745616 -0.32162001 -0.02863567
v -0.15357261 -0.29450893 -0.02651555
v -0.15185473 -0.28984838 -0.02487114
v -0.15601122 -0.28519353 -0.03282667
v -0.1597653 -0.27692517 -0.04296143
v -0.16223295 -0.28088983 -0.04600982
v -0.16383759 -0.28345766 -0.04988225
v -0.16346071 -0.29059135 -0.04106703
v -0.16425998 -0.29687836 -0.03691045
v -0.15947125 -0.29776334 -0.03245523
v -0.15462473 -0.29948079 -0.02783271
v -0.16186054 -0.31447085 -0.02930633
v -0.15945464 -0.31574147 -0.03095038
v -0.15988691 -0.31834977 -0.03487436
v -0.1632485 -0.32028523 -0.03071427
v -0.16615563 -0.32299113 -0.03134678
v -0.16436313 -0.32226139 -0.03494219
v -0.16221827 -0.31903931 -0.03828701
v -0.17248144 -0.3177554 -0.03493917
v -0.1703858 -0.31976118 -0.03665388
v -0.16901572 -0.32300835 -0.0328985
v -0.16731536 -0.32160648 -0.03668109
v -0.14443846 -0.30888545 -0.03038599
v -0.14409209 -0.30565258 -0.03982596
v -0.13968014 -0.30783611 -0.03036827
v -0.15113334 -0.30298546 -0.05187924
v -0.14606748 -0.30221235 -0.05024379
v -0.15655134 -0.30808836 -0.04756034
v -0.15606387 -0.30277991 -0.05376792
v -0.15781353 -0.31189978 -0.04391351
v -0.129269 0.00381042 -0.05997757
v -0.12153428 0.00678861 -0.05567752
v -0.12568268 0.01473659 -0.06381098
v -0.13765628 0.00931857 -0.0728183
v -0.13998772 0.00179699 -0.06775645
v -0.13557288 0.01864546 -0.07704682
v -0.28214889 -0.43492981 -0.05795218
v -0.28529766 -0.43310996 -0.04615524
v -0.27726501 -0.42821109 -0.04494927
v -0.26973587 -0.42630356 -0.04161822
v -0.26425176 -0.42680111 -0.05104851
v -0.25845968 -0.42276042 -0.0576048
v -0.26545169 -0.42026779 -0.06355919
v -0.27891674 -0.42548495 -0.070358
v -0.28342029 -0.43437162 -0.07004062
v -0.27357184 -0.41704055 -0.07138154
v -0.28634592 -0.46676459 -0.06796122
v -0.29148262 -0.46855232 -0.07944843
v -0.28860932 -0.477187 -0.07984053
v -0.28511306 -0.4721232 -0.04872022
v -0.28885299 -0.46517589 -0.05168224
v -0.2733567 -0.48153337 -0.05651012
v -0.27959525 -0.47826227 -0.0433446
v -0.28514871 -0.4867542 -0.08134387
v -0.27664703 -0.48642697 -0.07260173
v -0.26774746 -0.48710933 -0.06476493
v -0.12500159 0.0406632 -0.06896757
v -0.12681347 0.0531979 -0.07601998
v -0.13395054 0.04762323 -0.08824767
v -0.13975477 0.04338153 -0.0978776
v -0.14168429 0.03160207 -0.09374765
v -0.14371459 0.01832436 -0.08890876
v -0.12866883 -0.22086568 -0.08525519
v -0.12789724 -0.22844265 -0.07885934
v -0.12298237 -0.23153334 -0.08302111
v -0.11901038 -0.23734556 -0.08651241
v -0.11779186 -0.2343118 -0.09379042
v -0.12603899 -0.21322782 -0.09874632
v -0.13080431 -0.21224777 -0.09249936
v -0.11629716 -0.22177907 -0.10092193
v -0.12023682 -0.21081884 -0.10359258
v -0.11245656 -0.23165947 -0.09960631
v -0.09484338 -0.18670316 -0.09374352
v -0.10407158 -0.1806344 -0.09887828
v -0.10823282 -0.18849684 -0.10113652
v -0.08557973 -0.19972036 -0.08861375
v -0.08290009 -0.19051083 -0.08796541
v -0.09609576 -0.21169768 -0.09377212
v -0.08550152 -0.21091166 -0.08861595
v -0.11284177 -0.19357049 -0.10367988
v -0.1078181 -0.20318022 -0.1002499
v -0.10317719 -0.21453498 -0.09785166
v -0.15460908 -0.35194656 -0.09683978
v -0.15412508 -0.34144231 -0.10351235
v -0.16510188 -0.34207275 -0.10949893
v -0.16351103 -0.36897796 -0.09288871
v -0.15362414 -0.36545369 -0.08984998
v -0.17946748 -0.3653796 -0.10379567
v -0.17343692 -0.37585926 -0.09579057
v -0.18162372 -0.34881097 -0.11647145
v -0.18902744 -0.35857519 -0.11530299
v -0.17758092 -0.34059166 -0.11992606
v -0.26010099 -0.52464586 -0.11364787
v -0.25377181 -0.52546268 -0.11038888
v -0.25931999 -0.52051013 -0.1013674
v -0.26594033 -0.52162098 -0.11081297
v -0.08148944 0.10805993 -0.11312928
v -0.09082861 0.10394289 -0.11622869
v -0.09565379 0.09920287 -0.10488842
v -0.08513478 0.10125673 -0.08781084
v -0.06977652 0.1085036 -0.09134842
v -0.06789571 0.11209413 -0.10696598
v -0.1434841 -0.18474592 -0.11048682
v -0.15791226 -0.1791176 -0.1151283
v -0.15601776 -0.18552726 -0.1078739
v -0.1530369 -0.19249081 -0.10052745
v -0.14220067 -0.19311267 -0.10173689
v -0.13729563 -0.19315503 -0.10520879
v -0.10510968 -0.2826198 -0.1109877
v -0.11424017 -0.29104852 -0.1149547
v -0.1105381 -0.29655158 -0.11290045
v -0.10816785 -0.30414643 -0.10997441
v -0.09556903 -0.30090937 -0.10710717
v -0.0921273 -0.27499079 -0.10410978
v -0.09888999 -0.27249673 -0.10648013
v -0.08229551 -0.28900206 -0.1036378
v -0.08092133 -0.27647754 -0.10047667
v -0.08183136 -0.30148983 -0.10346315
v -0.11628218 0.10182903 -0.11809822
v -0.12271931 0.09788137 -0.11857615
v -0.12124897 0.08974713 -0.11578357
v -0.12385192 0.07775534 -0.11148208
v -0.11634542 0.08337991 -0.10494696
v -0.10739599 0.08887136 -0.09495937
v -0.10141754 0.10056239 -0.11871904
v -0.10930249 0.10445404 -0.12084401
v -0.19105446 -0.28554526 -0.11603909
v -0.19855596 -0.28132396 -0.12694996
v -0.19283388 -0.29055842 -0.13189366
v -0.17921367 -0.29527542 -0.10812014
v -0.18526187 -0.28732681 -0.10596681
v -0.18893975 -0.29606917 -0.13734594
v -0.1793176 -0.30147919 -0.12824457
v -0.17267397 -0.30289545 -0.11665894
v -0.17245981 -0.30071076 -0.107909
v -0.17148491 -0.30562812 -0.12280514
v -0.15236845 -0.16815927 -0.12469965
v -0.1636092 -0.15975171 -0.13562475
v -0.17051029 -0.1629868 -0.1374178
v -0.18047222 -0.16729277 -0.14086948
v -0.17520113 -0.17406381 -0.12952844
v -0.17133745 -0.18028986 -0.12060137
v -0.13691064 0.04915957 -0.15092335
v -0.13692611 0.04873098 -0.16112142
v -0.14229117 0.04012145 -0.16484278
v -0.14390389 0.02493638 -0.16251054
v -0.14882245 0.01394385 -0.15324144
v -0.14826691 0.02200028 -0.14388342
v -0.14373192 0.03182746 -0.16964951
v -0.12509344 0.08567008 -0.16074802
v -0.12662258 0.09570049 -0.16391757
v -0.12939059 0.08963156 -0.17117509
v -0.1330049 0.08200197 -0.17728245
v -0.12924608 0.07693583 -0.16902151
v -0.12555182 0.07630688 -0.16149219
v -0.1606775 -0.51618772 -0.14419984
v -0.17031961 -0.51410567 -0.14100237
v -0.17940111 -0.52494996 -0.15338614
v -0.19250127 -0.53249728 -0.16278448
v -0.18567113 -0.53539502 -0.17373086
v -0.15334954 -0.52941227 -0.15764054
v -0.15074418 -0.51780468 -0.14263097
v -0.18172496 -0.54221737 -0.1832277
v -0.16555325 -0.53923207 -0.17455853
v -0.15355655 -0.53761869 -0.16909894
v -0.14790357 0.03576797 -0.20404289
v -0.1410312 0.03568616 -0.20900039
v -0.13352075 0.03124537 -0.20708668
v -0.12884299 0.02161457 -0.21140906
v -0.13265495 0.01713096 -0.20687699
v -0.13906593 0.0199974 -0.19189243
v -0.14376473 0.02872799 -0.18313621
v -0.14798817 0.03404022 -0.19064053
v -0.15342572 0.03976585 -0.19619025
v -0.13738124 0.01018736 -0.20061819
v -0.15451239 0.15949842 -0.21023483
v -0.15841178 0.16798801 -0.20592999
v -0.16275322 0.1674155 -0.2153462
v -0.16615873 0.16362324 -0.22418513
v -0.15929248 0.15673786 -0.22072425
v -0.15429864 0.15191891 -0.21551023
v -0.29492873 -0.37776783 -0.21206004
v -0.29043173 -0.37439689 -0.21746546
v -0.29567802 -0.37779077 -0.22400037
v -0.30198773 -0.3828271 -0.23029081
v -0.30308857 -0.38342678 -0.2203879
v -0.30145818 -0.38211718 -0.21086576
v -0.25488266 -0.33175307 -0.20585587
v -0.24964013 -0.32187277 -0.20888805
v -0.25937679 -0.31903851 -0.22827978
v -0.26492524 -0.31246218 -0.24770328
v -0.2725813 -0.3206256 -0.25099712
v -0.27931341 -0.32703647 -0.25644949
v -0.27696609 -0.33575028 -0.23994672
v -0.27609956 -0.34494337 -0.22756668
v -0.26784145 -0.34256169 -0.21537025
v -0.16683094 0.13298879 -0.23767714
v -0.17325209 0.13732636 -0.24268953
v -0.17497885 0.12632715 -0.24394372
v -0.16718109 0.12050055 -0.23738931
v -0.16232675 0.12786641 -0.23293063
v -0.17410375 0.11681897 -0.24185173
v -0.08500819 0.07603117 -0.21998038
v -0.07463108 0.07592109 -0.22575737
v -0.07356252 0.06614565 -0.2370654
v -0.07116346 0.05560115 -0.24817033
v -0.07947509 0.05295019 -0.24622777
v -0.08849248 0.04827877 -0.24404464
v -0.094767 0.05602854 -0.23278369
v -0.15597651 0.18784993 -0.24201639
v -0.14830131 0.1901519 -0.23037838
v -0.14592795 0.18204169 -0.23350122
v -0.14566804 0.17108476 -0.23874038
v -0.15268097 0.17449957 -0.24683503
v -0.15870742 0.17782908 -0.25150471
v -0.14268577 0.1294011 -0.24439695
v -0.13689942 0.12583608 -0.23522338
v -0.14001387 0.11547391 -0.24159909
v -0.14499953 0.1083192 -0.24954131
v -0.1482445 0.1181356 -0.25362071
v -0.14939181 0.13095949 -0.25378489
v -0.10997043 -0.56648325 -0.4735904
v -0.12134329 -0.56672406 -0.48279571
v -0.11491305 -0.56621807 -0.48973575
v -0.10737054 -0.56573444 -0.49561911
v -0.10151688 -0.56591248 -0.481424
v -0.10068129 -0.56615525 -0.47083455
v -0.10386222 -0.56649881 -0.4632636
v -0.11496128 -0.56690686 -0.46738505
v -0.09466352 -0.56553852 -0.48546123
v -0.09304662 -0.56582742 -0.47223302
v -0.09460468 -0.56616109 -0.46230614
v -0.09748196 -0.56657016 -0.45280477
v -0.10802835 -0.56694954 -0.45507782
v -0.0849592 -0.56548804 -0.47473046
v -0.08562886 -0.56585741 -0.46285113
v -0.08747082 -0.56627208 -0.45190903
v -0.08998183 -0.56675511 -0.44118854
v -0.1008393 -0.56707447 -0.44307726
v -0.07644041 -0.56559306 -0.46402272
v -0.0776039 -0.56604659 -0.45189756
v -0.07945916 -0.56653797 -0.44019737
v -0.08168891 -0.56706404 -0.42873975
v -0.09279581 -0.567312 -0.43040016
v -0.0678475 -0.56589031 -0.45237609
v -0.06917785 -0.56640511 -0.43985053
v -0.07087149 -0.56691187 -0.42773878
v -0.0727492 -0.56741845 -0.41582059
v -0.0839744 -0.5676074 -0.41736593
v -0.0590829 -0.56634187 -0.43993178
v -0.06036619 -0.56685227 -0.42719921
v -0.06183791 -0.56733101 -0.4147433
v -0.0633405 -0.56776881 -0.40239599
v -0.07461512 -0.56791287 -0.40392324
v -0.05007327 -0.56686818 -0.42694681
v -0.05117635 -0.56732398 -0.41401511
v -0.05236099 -0.56772851 -0.40125897
v -0.05355461 -0.56808543 -0.38857102
v -0.06482024 -0.56817323 -0.39005723
v -0.04073509 -0.56738257 -0.41354575
v -0.04162438 -0.56776791 -0.4004333
v -0.04254709 -0.56809431 -0.38744029
v -0.04343873 -0.56838119 -0.37445145
v -0.0546991 -0.56840843 -0.37586268
v -0.03104516 -0.56785494 -0.39983576
v -0.03173693 -0.56816148 -0.38662436
v -0.03237792 -0.56842207 -0.3734056
v -0.03297352 -0.5686689 -0.36017626
v -0.04424986 -0.56864893 -0.36141732
v -0.0210528 -0.56824618 -0.38600882
v -0.02148901 -0.568493 -0.3726955
v -0.02187223 -0.56872916 -0.3592776
v -0.02221236 -0.56900245 -0.34580555
v -0.03350798 -0.56894385 -0.34690466
v -0.01070383 -0.56855291 -0.37220785
v -0.01089966 -0.56878304 -0.35875797
v -0.0110717 -0.5690599 -0.34515935
v -0.01122333 -0.56942194 -0.33142772
v -0.02252655 -0.56936067 -0.33214068
v 0 -0.56880378 -0.3585515
v 0 -0.5690636 -0.34492814
v 0 -0.56943118 -0.33112472
v 0 -0.56995225 -0.31714633
v -0.01139491 -0.56993925 -0.31747031
v -0.01161013 -0.57058244 -0.3033784
v -0.02330537 -0.57048553 -0.30429995
v -0.0228791 -0.56986367 -0.31829991
v 0 -0.57061958 -0.30297482
v 0 -0.57134747 -0.28874641
v -0.01188352 -0.5712561 -0.28913164
v -0.01219841 -0.57178115 -0.27500876
v -0.02446766 -0.57162344 -0.276113
v -0.02384949 -0.57112532 -0.29019317
v 0 -0.57194548 -0.27452743
v 0 -0.57203209 -0.26034894
v -0.01248303 -0.57189178 -0.26088312
v -0.0127213 -0.57111871 -0.24669058
v -0.02542342 -0.57081204 -0.24782064
v -0.02500543 -0.57163119 -0.2620176
v 0 -0.57123202 -0.24616995
v 0 -0.5695427 -0.23197467
v -0.01288213 -0.5694502 -0.23241478
v -0.0130301 -0.56692361 -0.2180998
v -0.0260181 -0.56669098 -0.21920512
v -0.02574459 -0.56915926 -0.23354339
v 0 -0.56699025 -0.21763666
v 0 -0.56379818 -0.20329614
v -0.01315265 -0.5636729 -0.2037554
v -0.01337619 -0.56000304 -0.18942648
v -0.0267174 -0.55973452 -0.19057939
v -0.02631119 -0.56346088 -0.20485355
v 0 -0.56010192 -0.18891559
v 0 -0.55606478 -0.17469616
v -0.01364728 -0.55597776 -0.17522077
v -0.01392108 -0.55133897 -0.16126926
v -0.02780842 -0.55109655 -0.16247743
v -0.02722817 -0.55567205 -0.17640157
v 0 -0.55141592 -0.16073559
v 0 -0.54579949 -0.14722037
v -0.0141832 -0.54579234 -0.14775197
v -0.01441532 -0.53900837 -0.134847
v -0.0288373 -0.53882801 -0.13616706
v -0.02837092 -0.54558759 -0.14903712
v 0 -0.53898382 -0.13428129
v 0 -0.53092849 -0.1220498
v -0.01461336 -0.5309447 -0.12262591
v -0.01475114 -0.52163761 -0.11117345
v -0.02939808 -0.52142268 -0.11254189
v -0.02918471 -0.53075945 -0.12398675
v 0 -0.52162551 -0.11064343
v 0 -0.51111352 -0.10008993
v -0.01480874 -0.51108223 -0.10059557
v -0.01476501 -0.49934989 -0.0910253
v -0.02934607 -0.49903667 -0.0922521
v -0.02944782 -0.51081109 -0.10192225
v 0 -0.499419 -0.09055532
v 0 -0.48659732 -0.08219397
v -0.01464967 -0.48650333 -0.08256437
v -0.01448193 -0.47261008 -0.07539284
v -0.02880709 -0.47226849 -0.07632336
v -0.02912131 -0.48616814 -0.08364974
v 0 -0.47273224 -0.07508476
v 0 -0.45801752 -0.0693283
v -0.01428609 -0.45787501 -0.0695983
v -0.01410986 -0.44251686 -0.06517631
v -0.02811082 -0.44213494 -0.06595958
v -0.0284519 -0.45751524 -0.07043754
v 0 -0.44267255 -0.06493477
v 0 -0.4269239 -0.06197856
v -0.01395882 -0.42675373 -0.06223227
v -0.01384197 -0.41081792 -0.06081211
v -0.02758472 -0.41039657 -0.06158109
v -0.02782057 -0.42634761 -0.06301816
v 0 -0.41098207 -0.06054432
v 0 -0.39513236 -0.06060865
v -0.01377478 -0.39495277 -0.06086368
v -0.01375304 -0.37945723 -0.0624495
v -0.02744939 -0.3790532 -0.06323121
v -0.02745864 -0.39453283 -0.06165232
v 0 -0.37963494 -0.06216323
v 0 -0.36468654 -0.06502349
v -0.01377109 -0.3645178 -0.06530909
v -0.0138187 -0.35038086 -0.0695052
v -0.02763806 -0.35006675 -0.07022822
v -0.02751515 -0.36414998 -0.06608703
v 0 -0.35052886 -0.0692383
v 0 -0.33740395 -0.07498408
v -0.013856 -0.33729797 -0.07526794
v -0.01383544 -0.3255063 -0.08254202
v -0.027699 -0.32540234 -0.08324527
v -0.02772278 -0.33712288 -0.07604271
v 0 -0.32567581 -0.08219742
v 0 -0.31440925 -0.08953922
v -0.01377483 -0.3143948 -0.08975388
v -0.01375338 -0.30230864 -0.09471017
v -0.02752279 -0.30253124 -0.09532689
v -0.02760445 -0.31443595 -0.09037752
v 0 -0.30225136 -0.09450887
v 0 -0.2876887 -0.0931488
v -0.0138493 -0.28885859 -0.09365183
v -0.01392827 -0.27723717 -0.09000698
v -0.02785572 -0.2774668 -0.09092646
v -0.02765837 -0.28968915 -0.0945613
v 0 -0.27705204 -0.0896612
v 0 -0.26542118 -0.08513415
v -0.01403321 -0.26539617 -0.08543052
v -0.01420079 -0.25297173 -0.08099547
v -0.02841596 -0.25265479 -0.08193435
v -0.02805634 -0.2652949 -0.08631432
v 0 -0.25305581 -0.08067888
v 0 -0.24065405 -0.07696381
v -0.01444257 -0.24048312 -0.07732184
v -0.01461849 -0.22845663 -0.07468812
v -0.02924938 -0.22756326 -0.07584672
v -0.02890229 -0.23989328 -0.07835338
v 0 -0.22876036 -0.07432077
v 0 -0.21793821 -0.07272568
v -0.0145835 -0.21753639 -0.07320068
v -0.01431185 -0.20848463 -0.07252153
v -0.02871164 -0.20769172 -0.07380995
v -0.02921517 -0.2166703 -0.07445687
v 0 -0.20889788 -0.07191939
v 0 -0.20207445 -0.071763
v -0.01398341 -0.20173957 -0.07206329
v -0.01369766 -0.19529077 -0.07078202
v -0.02736644 -0.19401745 -0.07286535
v -0.02802171 -0.20073273 -0.07355696
v 0 -0.19543311 -0.07152459
v 0 -0.18937981 -0.06932972
v -0.01370067 -0.18991324 -0.06752319
v -0.01398223 -0.18643096 -0.06262993
v -0.02772878 -0.1845404 -0.06496777
v -0.02704158 -0.18756184 -0.07070314
v 0 -0.18496686 -0.06355142
v 0 -0.18390438 -0.05630193
v -0.01437506 -0.18427079 -0.05686287
v -0.01486048 -0.18314747 -0.05070807
v -0.02994454 -0.18311035 -0.05194599
v -0.02885108 -0.18374569 -0.05852195
v 0 -0.18308183 -0.05011621
v 0 -0.18177811 -0.04347987
v -0.015339 -0.18198028 -0.04389111
v -0.01575456 -0.18040336 -0.03528541
v -0.03156032 -0.18028651 -0.03534633
v -0.03080171 -0.18199446 -0.04451013
v 0 -0.18007826 -0.03499744
v 0 -0.17840458 -0.02517087
v -0.01601042 -0.1786509 -0.02528624
v -0.01601669 -0.17751593 -0.01479956
v -0.03149709 -0.17713765 -0.01414038
v -0.03167951 -0.17844492 -0.0249471
v 0 -0.1774819 -0.01487381
v 0 -0.17773237 -0.00450416
v -0.01577001 -0.17760703 -0.00417627
v -0.01529458 -0.17874907 0.0065107
v -0.03012454 -0.17796918 0.00777665
v -0.03097528 -0.17702208 -0.00319145
v 0 -0.17904928 0.00589809
v 0 -0.18093836 0.01626004
v -0.01475068 -0.18052825 0.01694765
v -0.01399721 -0.18238027 0.02748079
v -0.02759977 -0.18114048 0.02945197
v -0.02907464 -0.17950075 0.01853787
v 0 -0.18279641 0.02667974
v 0 -0.18435098 0.03753421
v -0.01306592 -0.18401247 0.03843127
v -0.01215934 -0.18546122 0.0494177
v -0.02407521 -0.18416087 0.05140009
v -0.02585818 -0.18271297 0.04043168
v 0 -0.18573077 0.04858429
v 0 -0.18681885 0.05955012
v -0.01119123 -0.18650113 0.06047277
v -0.01023508 -0.18661691 0.07152698
v -0.02023613 -0.18497254 0.07309625
v -0.02215357 -0.18499058 0.06238286
v 0 -0.18710351 0.07068614
v 0 -0.18614448 0.08167938
v -0.00950213 -0.18553452 0.08225424
v -0.00921804 -0.183008 0.09253507
v 0 -0.18389678 0.09174334
v 0 -0.17840005 0.1049579
v -0.00958828 -0.17789343 0.1044988
v 0 -0.16974467 0.11681322
v -0.01047362 -0.16996276 0.11535815
v -0.02102269 -0.16984792 0.1112186
v -0.01145597 -0.15846836 0.1230822
v -0.02323975 -0.16026294 0.1181629
v -0.03390319 -0.16076701 0.11141855
v -0.03085848 -0.1694107 0.10439065
v -0.04300716 -0.16019405 0.10328773
v -0.03930408 -0.16927628 0.09642123
v -0.05058314 -0.15976186 0.0938006
v -0.04577393 -0.1691634 0.08707223
v -0.03887736 -0.17655116 0.08075788
v -0.05092349 -0.169152 0.07697449
v -0.04262298 -0.17673787 0.07063817
v -0.03277297 -0.181832 0.06565185
v -0.02997331 -0.18181526 0.07595982
v -0.0461223 -0.17602974 0.0599481
v -0.03556694 -0.18114168 0.05478403
v -0.04944237 -0.17497879 0.04876991
v -0.0381357 -0.17983505 0.04378915
v -0.05241407 -0.17398239 0.03714988
v -0.04049398 -0.1784785 0.03263034
v -0.05517915 -0.17283131 0.02529826
v -0.04268458 -0.17711059 0.02125037
v -0.05754972 -0.17186744 0.01324951
v -0.0443726 -0.17592337 0.00990911
v -0.05926448 -0.17128549 0.00109319
v -0.04560722 -0.17514857 -0.00150032
v -0.06048316 -0.17145529 -0.01081444
v -0.0464394 -0.1753377 -0.01286362
v -0.06128802 -0.17295207 -0.02250768
v -0.04685779 -0.17665505 -0.02407731
v -0.06134851 -0.1751641 -0.03392699
v -0.04677263 -0.17864002 -0.03495079
v -0.06052687 -0.17747901 -0.04482731
v -0.04597517 -0.18059319 -0.04500252
v -0.05907151 -0.17920272 -0.05461126
v -0.04469924 -0.18181833 -0.0534835
v -0.0574359 -0.17995837 -0.06237083
v -0.04327973 -0.18239764 -0.06058906
v -0.05578709 -0.18053184 -0.06943427
v -0.0420142 -0.18360385 -0.06701941
v -0.05495728 -0.18397393 -0.07516434
v -0.04121735 -0.18663267 -0.07253254
v -0.05531163 -0.18990406 -0.07818195
v -0.04132689 -0.19225888 -0.0755395
v -0.05635194 -0.19682119 -0.07908252
v -0.04215671 -0.19906795 -0.07590602
v -0.0573899 -0.20425716 -0.07921052
v -0.04303436 -0.2062647 -0.07605215
v -0.05805938 -0.21354045 -0.07967053
v -0.04367375 -0.21522645 -0.07663212
v -0.05810125 -0.22477777 -0.08069509
v -0.04381331 -0.22618037 -0.0778466
v -0.05732551 -0.23800359 -0.08274842
v -0.04327233 -0.23898571 -0.08015582
v -0.05641674 -0.25148055 -0.08586806
v -0.04255263 -0.25213378 -0.08353314
v -0.05585279 -0.2646723 -0.08994005
v -0.04204573 -0.26504436 -0.08779941
v -0.05550152 -0.27743515 -0.09430976
v -0.04173514 -0.27754062 -0.0923413
v -0.05517962 -0.2898893 -0.09779333
v -0.04144567 -0.28993815 -0.09595914
v -0.05502097 -0.30248612 -0.09789969
v -0.04128884 -0.30261212 -0.0962847
v -0.05518417 -0.31438297 -0.0934337
v -0.04139515 -0.31450921 -0.09161895
v -0.0554509 -0.32514557 -0.086291
v -0.04158702 -0.32531979 -0.08447296
v -0.0555501 -0.33646971 -0.07898622
v -0.04164229 -0.33684223 -0.07728304
v -0.05527753 -0.34911239 -0.07314516
v -0.04147262 -0.34962618 -0.07144262
v -0.05485333 -0.36299625 -0.06888286
v -0.04121531 -0.36361873 -0.06732121
v -0.05449165 -0.37777847 -0.06603182
v -0.04103856 -0.37846189 -0.06447626
v -0.05435535 -0.39320504 -0.06447899
v -0.04101184 -0.39392867 -0.06290564
v -0.05449083 -0.40901467 -0.06443066
v -0.04116695 -0.40976777 -0.06281579
v -0.05482557 -0.42498922 -0.06597706
v -0.04146885 -0.4257386 -0.06428716
v -0.05535574 -0.44080418 -0.06903283
v -0.04188754 -0.44155204 -0.06726922
v -0.05601407 -0.45624432 -0.07367473
v -0.04239488 -0.4569571 -0.0718095
v -0.05669849 -0.47109782 -0.07979085
v -0.04290619 -0.47174766 -0.07783811
v -0.05732078 -0.48512715 -0.08738078
v -0.04336706 -0.48570647 -0.08527231
v -0.05779611 -0.49810251 -0.09629712
v -0.04369167 -0.49857598 -0.09408371
v -0.05809452 -0.50996112 -0.10628777
v -0.04388568 -0.51042074 -0.10385324
v -0.05812915 -0.5205596 -0.11721026
v -0.04386705 -0.52104389 -0.11457802
v -0.05790016 -0.52987349 -0.1288326
v -0.04361802 -0.53036731 -0.12610448
v -0.05735347 -0.5379008 -0.1410368
v -0.04315433 -0.53841543 -0.13825936
v -0.0565011 -0.54464572 -0.15373615
v -0.04249215 -0.5451774 -0.15105187
v -0.05546 -0.55025541 -0.16693987
v -0.04166303 -0.55069565 -0.16439244
v -0.05435939 -0.55491143 -0.18050864
v -0.04078286 -0.55529022 -0.17817577
v -0.05334596 -0.55901706 -0.19441543
v -0.04003426 -0.55939608 -0.19224676
v -0.05252609 -0.56264752 -0.20855368
v -0.03943289 -0.56310039 -0.20647774
v -0.05192802 -0.56571477 -0.22289787
v -0.03898733 -0.56625133 -0.22082904
v -0.05139009 -0.56814718 -0.23733639
v -0.03859943 -0.56870424 -0.2352149
v -0.05078295 -0.56979948 -0.25171977
v -0.03814361 -0.57032799 -0.24950827
v -0.05002525 -0.57069903 -0.26599276
v -0.03752251 -0.57119536 -0.26372209
v -0.04910446 -0.57095235 -0.28009289
v -0.0367641 -0.57132977 -0.2778162
v -0.04806474 -0.57067352 -0.29407599
v -0.03592038 -0.57093095 -0.29183051
v -0.04711436 -0.57019424 -0.30794167
v -0.03514048 -0.57034492 -0.30589133
v -0.04626812 -0.56969308 -0.32148399
v -0.03447333 -0.56977081 -0.31964981
v -0.04561364 -0.56926548 -0.33500707
v -0.03398071 -0.56929397 -0.33337017
v -0.04496249 -0.56892716 -0.34831184
v -0.0574852 -0.56931144 -0.33706501
v -0.05666478 -0.56900298 -0.35013806
v -0.05574663 -0.56871074 -0.36306551
v -0.06860829 -0.56919604 -0.35241094
v -0.06749106 -0.56888383 -0.36512798
v -0.06622152 -0.56854492 -0.37766087
v -0.07951653 -0.569202 -0.36758631
v -0.07803674 -0.5688107 -0.3798615
v -0.07639072 -0.56837916 -0.39195168
v -0.09018813 -0.56921595 -0.38250938
v -0.08828268 -0.56870305 -0.39430764
v -0.0861991 -0.56816178 -0.40591079
v -0.10054919 -0.56915944 -0.39719316
v -0.0981564 -0.56852805 -0.40847793
v -0.09555582 -0.56790387 -0.41954898
v -0.11051656 -0.56903618 -0.41168919
v -0.10752619 -0.56833118 -0.42246422
v -0.10425706 -0.56766694 -0.43292531
v -0.11994817 -0.56889605 -0.42626985
v -0.1162218 -0.56815183 -0.43649298
v -0.11221344 -0.56750351 -0.44613888
v -0.12875343 -0.56877464 -0.44129911
v -0.12446426 -0.56805002 -0.45081403
v -0.11994602 -0.56744134 -0.45956638
v -0.13681678 -0.56860071 -0.45730513
v -0.13195602 -0.56788784 -0.46651986
v -0.12677371 -0.56726127 -0.47509768
v -0.14369562 -0.56817197 -0.47465872
v -0.13773386 -0.56739425 -0.48400625
v -0.13101647 -0.56671142 -0.49277871
v -0.14795382 -0.56701397 -0.49344348
v -0.1401118 -0.56615024 -0.50294578
v -0.13138544 -0.565364 -0.51178747
v -0.12317045 -0.56607967 -0.5007627
v -0.12182233 -0.5646829 -0.51949745
v -0.11443882 -0.56547981 -0.50775164
v -0.11156579 -0.56405341 -0.5261867
v -0.1051665 -0.5649048 -0.51345342
v -0.09925143 -0.56526619 -0.50019198
v -0.09537155 -0.56433975 -0.51829403
v -0.09050416 -0.56479537 -0.50414758
v -0.08684958 -0.56515246 -0.48896813
v -0.08123561 -0.56429523 -0.50755012
v -0.07838295 -0.56476813 -0.49198195
v -0.07657171 -0.56516754 -0.47719582
v -0.06937275 -0.56438034 -0.49463835
v -0.06773003 -0.56487858 -0.47950631
v -0.0672377 -0.56537199 -0.46545949
v -0.0585587 -0.56463724 -0.48150885
v -0.0579889 -0.56522411 -0.4669153
v -0.05820633 -0.56579482 -0.45309522
v -0.04855803 -0.56514507 -0.46826279
v -0.04857781 -0.56577414 -0.45391726
v -0.049142 -0.56634908 -0.44019204
v -0.03895615 -0.56580197 -0.45472377
v -0.03931088 -0.56640607 -0.4405505
v -0.03993235 -0.56693273 -0.42687228
v -0.02939118 -0.56648999 -0.44089099
v -0.02979833 -0.56703138 -0.42684531
v -0.03038127 -0.56748145 -0.41320991
v -0.01981519 -0.56712371 -0.4269143
v -0.02016456 -0.56757855 -0.41302797
v -0.02060185 -0.5679503 -0.39942815
v -0.01006884 -0.56765228 -0.41295915
v -0.01027387 -0.56802028 -0.39921319
v -0.01048495 -0.56831383 -0.38566213
v 0 -0.56808716 -0.3991521
v 0 -0.56836527 -0.38553816
v 0 -0.56859093 -0.37202978
v 0 -0.56771618 -0.41293805
v -0.00989872 -0.56719142 -0.42699828
v 0 -0.56724989 -0.42703902
v -0.00979286 -0.56662678 -0.44144815
v 0 -0.56668776 -0.44154754
v -0.00976028 -0.56596064 -0.45651075
v 0 -0.56600344 -0.45686513
v -0.00984855 -0.56515532 -0.47249198
v 0 -0.56516969 -0.47327259
v -0.00998431 -0.5643031 -0.48740682
v 0 -0.56434416 -0.48766201
v -0.01017779 -0.56328469 -0.50312781
v 0 -0.56332522 -0.50335007
v -0.01043081 -0.5620355 -0.5195896
v 0 -0.56207042 -0.51983022
v -0.01077802 -0.56050407 -0.53660899
v 0 -0.56052058 -0.53690689
v -0.01126009 -0.55850321 -0.55401927
v 0 -0.55851191 -0.55442547
v -0.01188625 -0.55585128 -0.57152575
v 0 -0.5558263 -0.5720117
v -0.01263405 -0.55215507 -0.58872836
v 0 -0.55207914 -0.58929449
v -0.01350202 -0.54692715 -0.60528087
v 0 -0.54683136 -0.60599428
v -0.01451623 -0.53980428 -0.62072354
v 0 -0.53962492 -0.62155365
v -0.01548889 -0.53064161 -0.63467472
v 0 -0.53040957 -0.63558906
v -0.01643751 -0.51959872 -0.64681398
v 0 -0.51932066 -0.64783752
v -0.01736696 -0.50710356 -0.65698742
v 0 -0.50670957 -0.65807676
v -0.01835854 -0.49370068 -0.66515719
v 0 -0.49307712 -0.66637915
v -0.01931191 -0.47973358 -0.67144984
v 0 -0.479135 -0.67276591
v -0.02015213 -0.46557229 -0.67611461
v 0 -0.46504488 -0.67747622
v -0.02082993 -0.45136311 -0.67934823
v 0 -0.45095869 -0.68076902
v -0.02117477 -0.43711012 -0.68146145
v 0 -0.43705725 -0.68290537
v -0.0210499 -0.42266774 -0.6825537
v 0 -0.42260515 -0.68402284
v -0.02065168 -0.40791428 -0.6828444
v 0 -0.40787679 -0.68429279
v -0.0201311 -0.39276751 -0.68234503
v 0 -0.39299252 -0.68376243
v -0.01958913 -0.37717667 -0.68112409
v 0 -0.3773733 -0.68249291
v -0.01905021 -0.3611975 -0.67917424
v 0 -0.36136302 -0.68054229
v -0.01857719 -0.34504479 -0.67671048
v 0 -0.34516432 -0.67802119
v -0.01813176 -0.32873129 -0.67365205
v 0 -0.32882899 -0.67491382
v -0.01770698 -0.312305 -0.67009681
v 0 -0.31234902 -0.67128318
v -0.01727922 -0.29574629 -0.66603028
v 0 -0.29575669 -0.66716116
v -0.01682814 -0.27898156 -0.6615231
v 0 -0.27893051 -0.66260922
v -0.01636469 -0.26194679 -0.65645492
v 0 -0.26183536 -0.65748751
v -0.01587974 -0.24462796 -0.65064477
v 0 -0.24441418 -0.6516065
v -0.01546525 -0.22706727 -0.64393931
v 0 -0.22674466 -0.6447888
v -0.0151469 -0.20951329 -0.63612616
v 0 -0.20901885 -0.63682216
v -0.01499444 -0.19215948 -0.62714618
v 0 -0.1915141 -0.62763351
v -0.01500231 -0.17535637 -0.61698669
v 0 -0.17467036 -0.61727947
v -0.0151116 -0.15935996 -0.6057623
v 0 -0.15877473 -0.60592854
v -0.01521126 -0.14437156 -0.59364694
v 0 -0.1439882 -0.5937733
v -0.01520611 -0.13043868 -0.58075386
v 0 -0.13024756 -0.58093482
v -0.01510236 -0.11743663 -0.56731259
v 0 -0.11739686 -0.56761068
v -0.01491055 -0.10524673 -0.5534724
v 0 -0.10524935 -0.55392932
v -0.01466772 -0.09380338 -0.53934538
v 0 -0.09376724 -0.53993201
v -0.01442683 -0.08301463 -0.5250982
v 0 -0.08289662 -0.52577751
v -0.01419367 -0.07295297 -0.5107789
v 0 -0.07265804 -0.51149541
v -0.01399186 -0.06363222 -0.49645316
v 0 -0.06318449 -0.49719771
v -0.01382852 -0.05501264 -0.48222822
v 0 -0.05453206 -0.48289594
v -0.01366829 -0.04697902 -0.4681403
v 0 -0.04643667 -0.46875852
v -0.0134763 -0.03947434 -0.45424839
v 0 -0.03883407 -0.45486781
v -0.0132401 -0.03240091 -0.44052147
v 0 -0.03167768 -0.44111198
v -0.01297654 -0.02566531 -0.42683762
v 0 -0.02494123 -0.42736643
v -0.01267526 -0.01921779 -0.41314452
v 0 -0.01851637 -0.41359782
v -0.01234794 -0.01298338 -0.3993934
v 0 -0.01231933 -0.39980569
v -0.01198226 -0.00695453 -0.38553658
v 0 -0.00633935 -0.38590478
v -0.01159646 -0.00112442 -0.3715409
v 0 -0.00055033 -0.37187176
v -0.01120681 0.00448496 -0.35740014
v 0 0.0050482 -0.35770446
v -0.0108214 0.00991459 -0.34308823
v 0 0.01044481 -0.34336218
v -0.010439 0.01509155 -0.32860159
v 0 0.01558532 -0.32885158
v -0.0100981 0.02006197 -0.31398448
v 0 0.02051839 -0.3142029
v -0.00979953 0.02451899 -0.29919606
v 0 0.02527352 -0.29943594
v -0.00981402 0.03103166 -0.28536248
v 0 0.0310565 -0.2850191
v -0.01031491 0.04204624 -0.27584773
v 0 0.04214092 -0.27617612
v -0.01079412 0.05249015 -0.26617562
v 0 0.05244031 -0.26661652
v -0.01103739 0.06188801 -0.25633844
v 0 0.0618309 -0.25678524
v -0.0110979 0.07058752 -0.24620869
v 0 0.0705595 -0.24659489
v -0.01109724 0.07897162 -0.2355483
v 0 0.0790597 -0.23573498
v -0.01113676 0.08687124 -0.22445987
v 0 0.0869346 -0.22466212
v -0.01127914 0.09452961 -0.21265874
v 0 0.09461388 -0.21282446
v -0.01157582 0.10165441 -0.20025903
v 0 0.1018132 -0.20033411
v -0.01200029 0.107992 -0.18748827
v 0 0.10820879 -0.18746864
v -0.01254529 0.11317861 -0.17441387
v 0 0.11342948 -0.17427149
v -0.0132244 0.11720771 -0.16132234
v 0 0.11754282 -0.16106286
v -0.01404213 0.12010676 -0.14832437
v 0 0.12051288 -0.14792361
v -0.0149826 0.12196154 -0.13550578
v 0 0.12244954 -0.13499175
v -0.01591929 0.12294217 -0.1228738
v 0 0.12347675 -0.12232031
v -0.01670987 0.1230845 -0.11029315
v 0 0.12369485 -0.10970665
v -0.01719151 0.12223141 -0.09750472
v 0 0.12294352 -0.09706312
v -0.0170743 0.12021085 -0.08395535
v 0 0.121138 -0.08383011
v -0.01648502 0.11731025 -0.06926461
v 0 0.11838728 -0.06930799
v -0.01568256 0.11382718 -0.05328001
v 0 0.1149321 -0.05338217
v -0.01476909 0.11014422 -0.03629305
v 0 0.11125172 -0.03655911
v -0.01391589 0.10583333 -0.0184154
v 0 0.10687244 -0.0186388
v -0.01321468 0.1001552 0.00011086
v 0 0.10106416 -0.00000675
v -0.01269034 0.09231589 0.01867237
v 0 0.093083 0.018649
v -0.01212141 0.08208154 0.0365686
v 0 0.08292058 0.0363821
v -0.01162789 0.06897834 0.0527303
v 0 0.06972117 0.05251883
v -0.01146235 0.05386699 0.06634555
v 0 0.05448287 0.06614113
v -0.01148083 0.03870887 0.0781461
v 0 0.03929972 0.07806886
v -0.01156093 0.02393539 0.08889285
v 0 0.02450481 0.08891723
v -0.01161362 0.00913414 0.09867528
v 0 0.00971131 0.09888075
v -0.01159811 -0.00580158 0.10836257
v 0 -0.00520821 0.10863701
v -0.01156508 -0.02109301 0.11845596
v 0 -0.02055736 0.11885029
v -0.01158201 -0.03708585 0.12929749
v 0 -0.03676009 0.12990216
v -0.01181203 -0.05415496 0.14092248
v 0 -0.0543917 0.14176237
v -0.01260162 -0.0721327 0.1517817
v 0 -0.07326733 0.15337869
v -0.01589454 -0.0888394 0.15869914
v 0 -0.09059379 0.16262291
v -0.01944533 -0.10229449 0.16369167
v 0 -0.10169658 0.17095941
v -0.01827375 -0.11643962 0.16059841
v 0 -0.11677438 0.16785983
v -0.01516382 -0.13012802 0.15497006
v 0 -0.1255877 0.15745522
v -0.01203662 -0.13952647 0.14268745
v 0 -0.13501644 0.14526368
v -0.01247186 -0.14667752 0.12837515
v 0 -0.14226964 0.12687782
v 0 -0.15678484 0.12461864
v -0.02615939 -0.14435161 0.13784933
v -0.02524454 -0.15066114 0.12567806
v -0.0396512 -0.14455916 0.13123056
v -0.03664523 -0.15144591 0.11961542
v -0.0511375 -0.14286199 0.12126743
v -0.04675476 -0.15082751 0.11134575
v -0.0601554 -0.14089135 0.10956728
v -0.05477458 -0.14967513 0.1010806
v -0.06670399 -0.13903793 0.09666992
v -0.06141538 -0.14884077 0.08974963
v -0.05677646 -0.15946044 0.08331655
v -0.06703407 -0.14833764 0.07779538
v -0.06195021 -0.15915297 0.07211326
v -0.05512035 -0.16866454 0.06612218
v -0.06633717 -0.15870085 0.06026274
v -0.05886104 -0.1678467 0.05458453
v -0.07042291 -0.15821512 0.0478643
v -0.06242817 -0.16711577 0.04251641
v -0.07429185 -0.15764749 0.03498017
v -0.06577548 -0.16621965 0.03016109
v -0.07793638 -0.15710206 0.02154594
v -0.06885868 -0.16541577 0.01730647
v -0.08124027 -0.15677091 0.00779549
v -0.0713168 -0.16486629 0.00429842
v -0.08446437 -0.15739668 -0.00591663
v -0.07334975 -0.16535259 -0.00842768
v -0.08684192 -0.15923997 -0.01866313
v -0.07470587 -0.1670944 -0.02062304
v -0.08776327 -0.16281905 -0.0317906
v -0.07508332 -0.16982875 -0.03257644
v -0.08666882 -0.16736222 -0.04508924
v -0.07421079 -0.17292945 -0.04461291
v -0.08500005 -0.17083494 -0.05694527
v -0.07259518 -0.17533424 -0.05559163
v -0.08319793 -0.17267957 -0.06651195
v -0.07078058 -0.17640423 -0.06419719
v -0.08143387 -0.17380739 -0.07447825
v -0.06900226 -0.17737805 -0.07163589
v -0.08006165 -0.17648683 -0.08157439
v -0.06779918 -0.1801396 -0.07807646
v -0.08060508 -0.18267108 -0.08609337
v -0.06841977 -0.18649844 -0.08186274
v -0.06998504 -0.19385504 -0.08306403
v -0.07181477 -0.20179159 -0.08339183
v -0.07260111 -0.21183726 -0.08378993
v -0.08358099 -0.22370713 -0.08877906
v -0.07213521 -0.22370727 -0.08455767
v -0.08138494 -0.2372031 -0.08992247
v -0.07049178 -0.2372985 -0.08611729
v -0.08015289 -0.25036817 -0.09249174
v -0.06935647 -0.2508403 -0.08899723
v -0.08000589 -0.26348626 -0.09618903
v -0.06886789 -0.26417827 -0.09284915
v -0.06877793 -0.27713921 -0.09706637
v -0.06869439 -0.28953996 -0.10029257
v -0.06855576 -0.30208277 -0.10038109
v -0.0823222 -0.31340688 -0.09871566
v -0.06886737 -0.31399637 -0.09575993
v -0.08271589 -0.32436978 -0.0917636
v -0.06920387 -0.324835 -0.08872871
v -0.08279071 -0.33561521 -0.08424664
v -0.06932132 -0.33606001 -0.08137195
v -0.08237875 -0.34797811 -0.07757777
v -0.06897048 -0.34854993 -0.0751746
v -0.08161044 -0.36174053 -0.07281453
v -0.0683439 -0.36237311 -0.0707848
v -0.08087235 -0.37644246 -0.06971936
v -0.06779741 -0.37709197 -0.0678128
v -0.08045821 -0.39176446 -0.06808919
v -0.06751652 -0.39245414 -0.06625472
v -0.080411 -0.40748742 -0.06809403
v -0.06756465 -0.40821939 -0.06621331
v -0.08070989 -0.42341476 -0.06978341
v -0.06790142 -0.42418244 -0.06786104
v -0.08135075 -0.43922075 -0.07310687
v -0.06850847 -0.43999674 -0.07103756
v -0.08228576 -0.45470139 -0.07804729
v -0.06931377 -0.45547339 -0.07580091
v -0.08334692 -0.46963533 -0.08454348
v -0.07018062 -0.47037899 -0.08205775
v -0.08436506 -0.48379382 -0.09255024
v -0.07098845 -0.48448106 -0.08981351
v -0.08522147 -0.49694252 -0.10194006
v -0.07163942 -0.49755218 -0.09895696
v -0.0858228 -0.50896477 -0.11249802
v -0.0720573 -0.50946098 -0.10920164
v -0.08605866 -0.51961946 -0.12390168
v -0.07215698 -0.52003699 -0.120352
v -0.08588357 -0.52887165 -0.13582965
v -0.07194831 -0.52932256 -0.13210484
v -0.08532322 -0.53687524 -0.14804758
v -0.07137907 -0.53733289 -0.1443542
v -0.08439337 -0.54383623 -0.16050139
v -0.07046071 -0.54418605 -0.1569225
v -0.08307651 -0.54960817 -0.1733742
v -0.0692685 -0.54989618 -0.16992402
v -0.08154711 -0.55441802 -0.18661321
v -0.06796591 -0.55461037 -0.18332929
v -0.08002249 -0.55848807 -0.20017054
v -0.06670437 -0.5586884 -0.19706286
v -0.07867161 -0.56200289 -0.21416124
v -0.06563362 -0.56225258 -0.21112953
v -0.07762341 -0.56495034 -0.22849997
v -0.06479018 -0.56526541 -0.22546389
v -0.07675784 -0.56725257 -0.24297709
v -0.06409329 -0.56763887 -0.23993314
v -0.07590517 -0.56885534 -0.25745445
v -0.06336291 -0.56928116 -0.2543908
v -0.07494092 -0.56983995 -0.27178293
v -0.06248602 -0.57023233 -0.26870185
v -0.07383368 -0.57029241 -0.2858724
v -0.06142289 -0.57058805 -0.2828215
v -0.07269381 -0.57031297 -0.29969933
v -0.06030206 -0.57045155 -0.29674339
v -0.07161187 -0.57005971 -0.31323081
v -0.05925808 -0.57008081 -0.31040445
v -0.07058876 -0.56977981 -0.32648259
v -0.05831228 -0.5696752 -0.32378327
v -0.0696197 -0.56948328 -0.33954131
v -0.08308015 -0.57008022 -0.32952529
v -0.08200778 -0.5698381 -0.34244421
v -0.08083532 -0.56954342 -0.35512858
v -0.09464918 -0.57037997 -0.3456943
v -0.09336283 -0.57007062 -0.35822907
v -0.0918802 -0.56967562 -0.37048471
v -0.10620243 -0.57076406 -0.36171144
v -0.10457353 -0.57030433 -0.37382441
v -0.10268718 -0.56975996 -0.38563734
v -0.11764232 -0.57108348 -0.37760636
v -0.11558525 -0.57045072 -0.38928642
v -0.11320174 -0.56975609 -0.40064254
v -0.12886966 -0.57129055 -0.39347049
v -0.12628218 -0.57050806 -0.40476554
v -0.12330179 -0.56970447 -0.41568154
v -0.13969849 -0.57139504 -0.40956682
v -0.13646152 -0.57049441 -0.42053654
v -0.13279208 -0.56960332 -0.43111848
v -0.1498292 -0.57134378 -0.42623686
v -0.14583304 -0.57035446 -0.43703645
v -0.14151109 -0.56942981 -0.44740867
v -0.1590321 -0.57101547 -0.44373589
v -0.15429087 -0.56997919 -0.45445242
v -0.14918117 -0.56903368 -0.46478185
v -0.16683583 -0.57012194 -0.46214026
v -0.1611423 -0.56900388 -0.47294452
v -0.15488402 -0.56796306 -0.48339679
v -0.17271752 -0.56806278 -0.481384
v -0.16570109 -0.56684416 -0.49239182
v -0.1578779 -0.56569236 -0.50301826
v -0.17621976 -0.56440556 -0.50134176
v -0.16768737 -0.56307733 -0.51243895
v -0.15837582 -0.56188082 -0.52310007
v -0.14921538 -0.56467819 -0.51310992
v -0.14816786 -0.56088644 -0.53307795
v -0.13975104 -0.56377226 -0.52251696
v -0.13718131 -0.56005418 -0.54224973
v -0.12936608 -0.56300711 -0.53105676
v -0.12566267 -0.55930668 -0.55057448
v -0.11841259 -0.5622648 -0.53856784
v -0.11372316 -0.5585193 -0.55794495
v -0.10714381 -0.56157201 -0.54515135
v -0.10097911 -0.5633949 -0.53192567
v -0.09557958 -0.56075805 -0.55094224
v -0.09011516 -0.56267231 -0.53693193
v -0.08532346 -0.56367576 -0.52252519
v -0.07901173 -0.56182968 -0.54124045
v -0.07496684 -0.5630027 -0.52612048
v -0.07179683 -0.56379938 -0.51043742
v -0.06444211 -0.56235319 -0.52905356
v -0.06195272 -0.56332027 -0.51295465
v -0.0599811 -0.56403207 -0.49693399
v -0.05190078 -0.56288504 -0.51505625
v -0.0503238 -0.56373918 -0.49888289
v -0.04915604 -0.56446641 -0.48322537
v -0.0404745 -0.56351548 -0.50048404
v -0.03956496 -0.56435656 -0.48468765
v -0.03904219 -0.56511545 -0.4694671
v -0.0298146 -0.56430864 -0.4858703
v -0.0293793 -0.56512272 -0.47053495
v -0.02922527 -0.56585389 -0.45545244
v -0.01963699 -0.56514757 -0.47149813
v -0.01949769 -0.56591343 -0.45605909
v -0.01957767 -0.56656807 -0.44121095
v -0.01993027 -0.56429612 -0.48679229
v -0.03046507 -0.56337672 -0.50172096
v -0.02034294 -0.56330645 -0.50259643
v -0.03129523 -0.56226241 -0.51806521
v -0.02086961 -0.56211358 -0.51900309
v -0.03240057 -0.56086981 -0.53482145
v -0.02158584 -0.56062787 -0.5359084
v -0.03387883 -0.55903416 -0.55182975
v -0.02254703 -0.55868905 -0.55315142
v -0.03577188 -0.5565083 -0.56878584
v -0.0238245 -0.55607855 -0.57043403
v -0.03803746 -0.55284547 -0.58537399
v -0.02534343 -0.55236774 -0.58740276
v -0.0405751 -0.54771804 -0.60123705
v -0.02707441 -0.54716718 -0.60364091
v -0.0433586 -0.54072737 -0.61604201
v -0.02893005 -0.54011464 -0.61887008
v -0.04612797 -0.53163999 -0.62928545
v -0.03080396 -0.53100287 -0.63253802
v -0.04890396 -0.52072548 -0.64065355
v -0.0327363 -0.51995593 -0.64429861
v -0.05156601 -0.50840646 -0.65000212
v -0.03463023 -0.5076577 -0.65427011
v -0.05411686 -0.49514588 -0.65739846
v -0.03644895 -0.49435168 -0.66207009
v -0.05648462 -0.48128205 -0.66308283
v -0.03818398 -0.48044198 -0.66812837
v -0.05853507 -0.46704113 -0.66722273
v -0.03971983 -0.4662261 -0.67253172
v -0.0600688 -0.45254343 -0.67005926
v -0.04091749 -0.45185712 -0.67562139
v -0.06088311 -0.43782427 -0.67190212
v -0.04156057 -0.437332 -0.67759984
v -0.06081831 -0.42289418 -0.672966
v -0.0414337 -0.422665 -0.67862647
v -0.0600338 -0.40772944 -0.67336517
v -0.04078102 -0.40777802 -0.67894649
v -0.05875095 -0.39221411 -0.67302441
v -0.03981622 -0.39252904 -0.67851311
v -0.05734919 -0.3764016 -0.67200774
v -0.03879974 -0.37688729 -0.67739534
v -0.05598508 -0.36038592 -0.67025488
v -0.03780573 -0.36092144 -0.67557334
v -0.05470535 -0.34430331 -0.66791951
v -0.03687577 -0.34482863 -0.67317664
v -0.05351904 -0.32815408 -0.66504073
v -0.03601622 -0.32858836 -0.67020732
v -0.05238361 -0.31196916 -0.66174531
v -0.03520488 -0.31227392 -0.66678345
v -0.05120211 -0.29570063 -0.65803194
v -0.03438101 -0.29583415 -0.66288501
v -0.04995508 -0.2792896 -0.65384745
v -0.03351128 -0.27919083 -0.65854221
v -0.0487188 -0.26268106 -0.64915663
v -0.03262093 -0.26230916 -0.65363782
v -0.04750844 -0.24589419 -0.64375358
v -0.03174027 -0.24520815 -0.64801073
v -0.04645112 -0.22897237 -0.63753414
v -0.03094419 -0.2279111 -0.6415106
v -0.04558881 -0.21204794 -0.6303845
v -0.03036199 -0.2106378 -0.63399559
v -0.04503757 -0.1952517 -0.62225467
v -0.03001912 -0.19352683 -0.62539416
v -0.04477812 -0.17874044 -0.61297202
v -0.02994574 -0.17683209 -0.61560529
v -0.0447083 -0.16270682 -0.60243165
v -0.03003425 -0.16074134 -0.60472065
v -0.04471096 -0.14737002 -0.59072578
v -0.03013191 -0.14555089 -0.59272056
v -0.04455259 -0.13306812 -0.57784801
v -0.03010002 -0.13135838 -0.57982355
v -0.04424508 -0.11972718 -0.56423449
v -0.02988884 -0.11818499 -0.56622701
v -0.04380792 -0.10740707 -0.55008053
v -0.02954977 -0.10591285 -0.5521875
v -0.04330291 -0.09604176 -0.53562402
v -0.02914556 -0.09448559 -0.53788608
v -0.04277725 -0.08554363 -0.52107584
v -0.02872794 -0.08385463 -0.52346742
v -0.04227069 -0.07589516 -0.50656575
v -0.02832696 -0.0740133 -0.50903755
v -0.04179086 -0.06702751 -0.4921993
v -0.02795399 -0.06492415 -0.49468901
v -0.04131521 -0.05880617 -0.47803109
v -0.02761249 -0.05651596 -0.48049733
v -0.04079666 -0.05111646 -0.46408218
v -0.02726829 -0.04863908 -0.46645101
v -0.0401938 -0.04388857 -0.45044744
v -0.02687146 -0.04126118 -0.45268327
v -0.03947455 -0.03698014 -0.43698731
v -0.02639598 -0.03425578 -0.4390771
v -0.03863561 -0.03029086 -0.42360481
v -0.02585319 -0.02752799 -0.42553371
v -0.03770191 -0.02375806 -0.41019606
v -0.02524522 -0.02102622 -0.4119735
v -0.03668353 -0.01736255 -0.39670947
v -0.02458022 -0.01471793 -0.39833572
v -0.03559681 -0.01112256 -0.38310346
v -0.02386732 -0.00859191 -0.38459387
v -0.03446646 -0.00506793 -0.3693332
v -0.02310227 -0.00267198 -0.3706918
v -0.03330083 0.00082049 -0.35541018
v -0.02232724 0.00306259 -0.35663831
v -0.03213677 0.00651342 -0.34131056
v -0.02155238 0.00860196 -0.34241497
v -0.03099382 0.01197339 -0.32701465
v -0.0208027 0.01390812 -0.32800608
v -0.02989198 0.01716795 -0.31252774
v -0.02010969 0.0189742 -0.31343886
v -0.02897425 0.02199857 -0.29790997
v -0.01953296 0.02362527 -0.29873493
v -0.02889638 0.02901495 -0.28438583
v -0.01951263 0.03037269 -0.28506436
v -0.03019155 0.04033697 -0.27441778
v -0.02041539 0.04141009 -0.27521649
v -0.03165729 0.0513397 -0.26439577
v -0.0213919 0.05214289 -0.26540559
v -0.03281785 0.06128 -0.25419977
v -0.0220292 0.06175072 -0.25539973
v -0.03341524 0.07019705 -0.24415224
v -0.02227114 0.070511 -0.24535563
v -0.03359533 0.07849297 -0.23390713
v -0.02232584 0.07879971 -0.23494884
v -0.03373122 0.08641313 -0.22300042
v -0.02240607 0.08669569 -0.22392535
v -0.03416262 0.09391704 -0.21142108
v -0.02269003 0.09427947 -0.21222746
v -0.03503714 0.10076262 -0.19932822
v -0.02326584 0.10129157 -0.19997456
v -0.03632497 0.10669382 -0.18689785
v -0.02410442 0.10747788 -0.18735063
v -0.0379545 0.11150201 -0.17431916
v -0.02520804 0.11253442 -0.17450633
v -0.0398942 0.1150584 -0.16180007
v -0.0265502 0.11635873 -0.16165208
v -0.04205392 0.11736674 -0.14948375
v -0.0280563 0.1189931 -0.14890559
v -0.04444253 0.11850379 -0.13746708
v -0.02975103 0.12061683 -0.13636726
v -0.04711983 0.11877138 -0.12573988
v -0.03154235 0.12132921 -0.12399991
v -0.04960681 0.11804039 -0.11411693
v -0.03320083 0.12116741 -0.1116755
v -0.05120711 0.11631628 -0.10213621
v -0.03419664 0.11997281 -0.09902966
v -0.05094068 0.11380592 -0.08716041
v -0.03399829 0.11774083 -0.08507794
v -0.04853219 0.11076148 -0.06992793
v -0.03272632 0.11461707 -0.06948925
v -0.04602982 0.10747856 -0.05252869
v -0.03106384 0.11116549 -0.05304618
v -0.04355756 0.10400533 -0.03496597
v -0.02933518 0.10756208 -0.03584811
v -0.04114325 0.09977613 -0.01712181
v -0.02767753 0.10326581 -0.01802604
v -0.038964 0.0943624 0.00114381
v -0.02628618 0.09780028 0.0003823
v -0.03712749 0.08705277 0.01953452
v -0.02513699 0.09024743 0.01894237
v -0.0356367 0.07712072 0.03728258
v -0.02400037 0.08012935 0.03686975
v -0.03462451 0.06454367 0.05314013
v -0.02321854 0.06723398 0.05298656
v -0.03426117 0.05002842 0.06650926
v -0.02291096 0.05243442 0.06652774
v -0.03435559 0.0349407 0.07781888
v -0.0229783 0.03735726 0.07821738
v -0.03458645 0.02007223 0.08780674
v -0.02311581 0.02250274 0.08862648
v -0.03474457 0.00529669 0.09708277
v -0.02320436 0.00771095 0.09821539
v -0.03482951 -0.00950905 0.10640379
v -0.02323005 -0.00722104 0.10764587
v -0.03503983 -0.02465822 0.11597659
v -0.02326594 -0.02241612 0.11752005
v -0.03541737 -0.04028015 0.12573984
v -0.0234266 -0.03803102 0.12806223
v -0.03647542 -0.05633018 0.13501942
v -0.02425951 -0.05447442 0.13879329
v -0.03907961 -0.07271726 0.14247287
v -0.02644072 -0.07150866 0.14805331
v -0.0428006 -0.08917977 0.14737409
v -0.03008179 -0.08800117 0.15381138
v -0.04578906 -0.10596732 0.14937114
v -0.03347335 -0.10437337 0.1564636
v -0.04540211 -0.12228586 0.14713144
v -0.03296828 -0.12104398 0.15522603
v -0.04269842 -0.13578914 0.14078198
v -0.02906489 -0.13561603 0.14964205
v -0.05673207 -0.1216901 0.13597461
v -0.05453222 -0.13371135 0.12992766
v -0.06660891 -0.11997784 0.12292309
v -0.06438758 -0.13142411 0.11722711
v -0.07471351 -0.11827148 0.1086575
v -0.07213319 -0.1294855 0.10334338
v -0.08110567 -0.11680842 0.09397645
v -0.07742364 -0.12784609 0.08907072
v -0.07205522 -0.13782262 0.08354135
v -0.08183507 -0.12670813 0.07502725
v -0.07666008 -0.13717347 0.0702455
v -0.07190965 -0.14810197 0.06543439
v -0.08116899 -0.13704542 0.05696652
v -0.07634014 -0.14789827 0.05264225
v -0.0857823 -0.13708598 0.04345424
v -0.08074212 -0.14772319 0.0393802
v -0.09063096 -0.13726389 0.02950134
v -0.08503753 -0.14753614 0.02562599
v -0.09584517 -0.13764271 0.01484405
v -0.08926866 -0.14755152 0.01132812
v -0.1017173 -0.1383813 -0.00039642
v -0.09384902 -0.14813867 -0.00314681
v -0.10682483 -0.14136031 -0.01647292
v -0.09751141 -0.15026962 -0.01698025
v -0.10826361 -0.14842775 -0.03389625
v -0.09876316 -0.15538981 -0.03228562
v -0.10780311 -0.1555348 -0.04959406
v -0.09769666 -0.16155947 -0.04679981
v -0.10725757 -0.16079001 -0.06260616
v -0.09637402 -0.16606687 -0.05923196
v -0.10627067 -0.16414354 -0.07308545
v -0.0949236 -0.1688033 -0.06934639
v -0.10470746 -0.16597515 -0.08169951
v -0.09318617 -0.17007434 -0.07774291
v -0.10308601 -0.16815513 -0.08918127
v -0.09147689 -0.17197254 -0.08539854
v -0.10250492 -0.17287401 -0.09518194
v -0.0917463 -0.17801557 -0.09109647
v -0.11446405 -0.16267873 -0.09375824
v -0.11297299 -0.1661849 -0.10053154
v -0.11404833 -0.17247918 -0.10493761
v -0.12514789 -0.15886642 -0.10559842
v -0.12539607 -0.16270865 -0.11085034
v -0.12743203 -0.16734543 -0.1140746
v -0.11684653 -0.17811387 -0.10721175
v -0.13030579 -0.17156511 -0.11604686
v -0.12017407 -0.18255469 -0.1090402
v -0.13384133 -0.1755564 -0.11708382
v -0.12407881 -0.18640993 -0.11052088
v -0.11805236 -0.19717514 -0.10605043
v -0.11376044 -0.20728677 -0.1032087
v -0.12865056 -0.18965329 -0.1104035
v -0.12369672 -0.20002645 -0.10650712
v -0.13320797 -0.19197137 -0.10821385
v -0.12904781 -0.20196647 -0.1035123
v -0.13392342 -0.20197032 -0.09895712
v -0.14031818 -0.20122255 -0.09482345
v -0.13793915 -0.20996308 -0.08765673
v -0.13552451 -0.21822921 -0.08055943
v -0.14989264 -0.2005174 -0.09319404
v -0.14678517 -0.20922878 -0.0858222
v -0.1439815 -0.21816121 -0.07874453
v -0.14173434 -0.22724655 -0.0722927
v -0.13400386 -0.22725752 -0.07459583
v -0.15698576 -0.21057163 -0.08642035
v -0.15354375 -0.21924464 -0.07866082
v -0.15035328 -0.22833457 -0.07159809
v -0.14756679 -0.23774111 -0.06523607
v -0.13985237 -0.23680628 -0.06647819
v -0.16335921 -0.22160093 -0.07951024
v -0.15941821 -0.23042155 -0.07175998
v -0.15562102 -0.23962436 -0.06469808
v -0.15165038 -0.24983449 -0.05893496
v -0.14482714 -0.24782423 -0.05945527
v -0.16784022 -0.23441161 -0.07349007
v -0.16315981 -0.24322727 -0.06586987
v -0.15838579 -0.25286281 -0.05924885
v -0.15438678 -0.26170754 -0.05101102
v -0.14821082 -0.258861 -0.05120975
v -0.16890807 -0.24853116 -0.06922283
v -0.16341452 -0.25719964 -0.06139625
v -0.15940971 -0.26538643 -0.05182034
v -0.15636335 -0.27299866 -0.04094477
v -0.15110471 -0.2691558 -0.04043116
v -0.16652716 -0.26217871 -0.06443581
v -0.16258224 -0.26945969 -0.05399971
v -0.16880205 -0.26730716 -0.06712326
v -0.16433467 -0.27370026 -0.0569195
v -0.16997128 -0.27254054 -0.06955469
v -0.16529814 -0.2778719 -0.05968051
v -0.17008189 -0.27778095 -0.07188344
v -0.16564905 -0.28197062 -0.062206
v -0.16475988 -0.28681811 -0.05339476
v -0.16574378 -0.29236778 -0.04623117
v -0.1650822 -0.28584849 -0.06442095
v -0.16444341 -0.29029071 -0.05640858
v -0.1657664 -0.29535719 -0.05030592
v -0.16774925 -0.30033624 -0.04589878
v -0.16725513 -0.29783195 -0.04159367
v -0.16301272 -0.29357862 -0.05881097
v -0.16405689 -0.29857197 -0.0531124
v -0.16557882 -0.30351981 -0.04874577
v -0.16729754 -0.30814811 -0.04536053
v -0.16995188 -0.30515781 -0.04262445
v -0.1607142 -0.30131396 -0.0545026
v -0.16159018 -0.3062461 -0.04948755
v -0.16286194 -0.31057494 -0.0460452
v -0.16430719 -0.31486898 -0.04339236
v -0.16869905 -0.3127256 -0.04270971
v -0.15968428 -0.31550401 -0.04114988
v -0.16584165 -0.31856685 -0.04017071
v -0.16951894 -0.31666353 -0.03975701
v -0.17186678 -0.3143132 -0.03746177
v -0.17129364 -0.31003817 -0.03994157
v -0.17178562 -0.31217911 -0.03417772
v -0.17108222 -0.30759415 -0.03620477
v -0.16947166 -0.30266335 -0.03848922
v -0.16800433 -0.30672231 -0.03266334
v -0.16599929 -0.3019633 -0.03444651
v -0.16359612 -0.30772638 -0.03033191
v -0.16136005 -0.30293041 -0.03140433
v -0.16572371 -0.31234917 -0.02942127
v -0.16937424 -0.31135138 -0.03123199
v -0.16480328 -0.31854245 -0.02865736
v -0.16051746 -0.29653179 -0.06046723
v -0.15657255 -0.29844033 -0.0610768
v -0.16145169 -0.29240733 -0.06785652
v -0.15846507 -0.29496648 -0.06910663
v -0.15422189 -0.29530316 -0.06981852
v -0.15203762 -0.29848668 -0.06049062
v -0.14977958 -0.29409003 -0.07020347
v -0.1475249 -0.29721158 -0.05969433
v -0.14550022 -0.29188701 -0.07060432
v -0.14345672 -0.29465907 -0.05892246
v -0.14099152 -0.30094325 -0.04922205
v -0.13839115 -0.30456334 -0.03916876
v -0.13940574 -0.29211419 -0.05892711
v -0.13647334 -0.29891073 -0.04918671
v -0.13302846 -0.30286884 -0.03920549
v -0.12955251 -0.30372709 -0.02990865
v -0.13468754 -0.30615618 -0.03005386
v -0.13162998 -0.29654049 -0.04964434
v -0.12776945 -0.30093768 -0.04004023
v -0.12429682 -0.30146423 -0.03064929
v -0.12035325 -0.3044475 -0.02427448
v -0.12579688 -0.30664351 -0.023306
v -0.12300194 -0.2983348 -0.04152391
v -0.1195448 -0.2991378 -0.03224327
v -0.11550685 -0.30163908 -0.0256052
v -0.11177352 -0.30484223 -0.02070107
v -0.11657993 -0.30829954 -0.01962424
v -0.11513241 -0.29656553 -0.03396508
v -0.11111278 -0.29854849 -0.02719877
v -0.10741216 -0.30127757 -0.02211399
v -0.10397893 -0.30389654 -0.01810666
v -0.10828318 -0.30781278 -0.01663011
v -0.10672295 -0.2960923 -0.02917909
v -0.10297294 -0.29889515 -0.02445796
v -0.09962446 -0.30098161 -0.01995674
v -0.09695509 -0.30245021 -0.01587139
v -0.10149058 -0.30521079 -0.01430275
v -0.09890854 -0.29590272 -0.02597142
v -0.09582028 -0.29809472 -0.02141578
v -0.09318706 -0.29992383 -0.01717169
v -0.09080732 -0.30110338 -0.01322411
v -0.0948227 -0.30335298 -0.01204163
v -0.09297812 -0.29407295 -0.02143955
v -0.09046888 -0.29612132 -0.01757103
v -0.0880621 -0.29781991 -0.0138265
v -0.08564488 -0.2988533 -0.01006471
v -0.08904342 -0.3019151 -0.00939181
v -0.08969199 -0.29137396 -0.01603943
v -0.08742412 -0.29340055 -0.0125426
v -0.08536334 -0.29444894 -0.00928196
v -0.08366734 -0.29543137 -0.00611079
v -0.08479851 -0.29940593 -0.00637888
v -0.08508586 -0.29955926 -0.00297687
v -0.08866187 -0.30177003 -0.00299418
v -0.08852037 -0.30203118 -0.0060073
v -0.08278102 -0.29626679 -0.00298815
v -0.08589586 -0.29897382 -0.0001168
v -0.08726058 -0.29720935 0.00149436
v -0.09025514 -0.29883125 0.00092759
v -0.08932787 -0.30083978 -0.00041656
v -0.09399366 -0.30057728 0.00093818
v -0.09321711 -0.30244067 -0.00054104
v -0.09288558 -0.30336758 -0.0031056
v -0.09721555 -0.30448532 0.00021177
v -0.09713312 -0.30544832 -0.00228217
v -0.09759447 -0.30592227 -0.00498753
v -0.09299405 -0.30365747 -0.00580333
v -0.09832644 -0.30610364 -0.00778729
v -0.09344219 -0.30379763 -0.00870285
v -0.09947263 -0.30603617 -0.01091209
v -0.10259529 -0.31053358 -0.00650766
v -0.10410673 -0.31027627 -0.00961759
v -0.1061301 -0.30942124 -0.01293999
v -0.10924381 -0.3152174 -0.00809358
v -0.11132342 -0.31358394 -0.01137869
v -0.11363368 -0.31129425 -0.01524739
v -0.11705828 -0.31580191 -0.0100204
v -0.11941885 -0.31342217 -0.01404816
v -0.1222465 -0.31036388 -0.0184501
v -0.1249718 -0.31526494 -0.01375528
v -0.12743322 -0.31244337 -0.01840432
v -0.13084019 -0.30891338 -0.02339338
v -0.13241002 -0.31436812 -0.01873899
v -0.13550321 -0.31103143 -0.02385119
v -0.13720828 -0.31564834 -0.01883302
v -0.14011541 -0.31181368 -0.02355466
v -0.14163659 -0.3155381 -0.0178221
v -0.13983976 -0.31923201 -0.01374831
v -0.14389613 -0.31757488 -0.01177813
v -0.14508988 -0.31404256 -0.01605627
v -0.1349406 -0.31903144 -0.01444613
v -0.13319942 -0.3215661 -0.01017079
v -0.13832302 -0.32205516 -0.00947541
v -0.1299255 -0.31738793 -0.0142612
v -0.12797425 -0.31964221 -0.01000706
v -0.12640489 -0.32145738 -0.00629954
v -0.13168209 -0.32376903 -0.00634724
v -0.12263792 -0.31743982 -0.00967061
v -0.12113977 -0.31892234 -0.00615595
v -0.11979302 -0.32033029 -0.00286222
v -0.1251474 -0.32276222 -0.00283159
v -0.11537464 -0.3176935 -0.00666022
v -0.11385861 -0.31895676 -0.00347467
v -0.10717571 -0.31571805 -0.00508476
v -0.10493859 -0.31546148 -0.00196891
v -0.10292968 -0.31357741 0.00114153
v -0.10137818 -0.31007757 -0.0035713
v -0.10058506 -0.30865645 -0.00057321
v -0.12456312 -0.32299679 0.00035671
v -0.12946815 -0.32570999 0.00075404
v -0.13037206 -0.32510981 -0.00272552
v -0.13561603 -0.3262484 -0.00208063
v -0.1370226 -0.32459992 -0.00576022
v -0.14029176 -0.32491591 -0.00031063
v -0.14147213 -0.32306253 -0.00390809
v -0.14252586 -0.32053995 -0.00759225
v -0.14417064 -0.32003021 -0.00113582
v -0.14478071 -0.31750884 -0.00475595
v -0.14596927 -0.31437271 -0.00888601
v -0.14439585 -0.31387308 -0.00173342
v -0.14591942 -0.31072592 -0.00573241
v -0.14741221 -0.30729481 -0.01045297
v -0.14707553 -0.31101021 -0.01340319
v -0.14909456 -0.30424115 -0.01573894
v -0.14570879 -0.30375942 -0.00764373
v -0.14817619 -0.30018854 -0.01314496
v -0.15076389 -0.29712539 -0.01956795
v -0.151268 -0.30160605 -0.02178855
v -0.14471635 -0.29671621 -0.01096704
v -0.14860871 -0.29251447 -0.01718915
v -0.1392149 -0.29472014 -0.01043707
v -0.14347899 -0.28945919 -0.01623649
v -0.14797306 -0.28494787 -0.023343
v -0.1377643 -0.28720477 -0.0163445
v -0.14262093 -0.28162312 -0.0231697
v -0.14716555 -0.27599874 -0.03076855
v -0.15247823 -0.28007707 -0.03111138
v -0.13682054 -0.27906483 -0.0236453
v -0.14136143 -0.27254283 -0.03114899
v -0.14519219 -0.26583629 -0.04081603
v -0.13587814 -0.27040869 -0.03267547
v -0.13940395 -0.26353895 -0.04210779
v -0.14218273 -0.25693634 -0.05219217
v -0.13397397 -0.26235652 -0.04416237
v -0.13656505 -0.2562384 -0.05411113
v -0.13829575 -0.24697411 -0.06106584
v -0.1314415 -0.25608247 -0.0563417
v -0.13257418 -0.24702672 -0.06328493
v -0.1329185 -0.23662453 -0.06848429
v -0.12770895 -0.24796979 -0.06605589
v -0.12696205 -0.23735979 -0.07183822
v -0.12370791 -0.24953234 -0.06893461
v -0.12267591 -0.23927156 -0.07520335
v -0.12033574 -0.25190594 -0.07172246
v -0.11905296 -0.24319839 -0.07866417
v -0.11853499 -0.25587976 -0.07511496
v -0.11694625 -0.24934741 -0.08218798
v -0.11633913 -0.24544519 -0.08914446
v -0.11686628 -0.2558794 -0.08555895
v -0.11546629 -0.25309935 -0.09171202
v -0.11348823 -0.25122681 -0.09759269
v -0.11462259 -0.24299146 -0.09533482
v -0.10822958 -0.25022918 -0.10158693
v -0.10969166 -0.24112406 -0.09977618
v -0.10156943 -0.24992598 -0.10147669
v -0.10277901 -0.23961783 -0.09983594
v -0.10537778 -0.22891479 -0.09968673
v -0.10935775 -0.21798957 -0.10105039
v -0.09628003 -0.23851251 -0.09708032
v -0.09896624 -0.22659787 -0.09661114
v -0.08984895 -0.23773303 -0.09376426
v -0.09222474 -0.22484083 -0.09286429
v -0.09508515 -0.25000882 -0.09896186
v -0.08853568 -0.25012588 -0.09591468
v -0.09550393 -0.26143023 -0.1020765
v -0.08890406 -0.26250407 -0.09940391
v -0.10232403 -0.25991576 -0.10448956
v -0.1054601 -0.26939842 -0.10818009
v -0.11211123 -0.26739373 -0.10701056
v -0.1170223 -0.27553722 -0.10965328
v -0.11104853 -0.27837681 -0.11187671
v -0.1090293 -0.2590675 -0.10374239
v -0.11406232 -0.25943031 -0.09968902
v -0.11686095 -0.26705217 -0.10223382
v -0.11989069 -0.26760855 -0.09637354
v -0.12455382 -0.27438214 -0.09828423
v -0.1216301 -0.27444818 -0.10456345
v -0.11670094 -0.26061368 -0.09418195
v -0.11855624 -0.26246079 -0.08813085
v -0.12203358 -0.26876041 -0.09000621
v -0.12331972 -0.27158579 -0.08191453
v -0.12710526 -0.27690884 -0.08306196
v -0.12675038 -0.27469027 -0.09156382
v -0.12022323 -0.26613196 -0.08021766
v -0.118809 -0.27210411 -0.07118403
v -0.12191009 -0.27679076 -0.07236217
v -0.11849526 -0.26091444 -0.0779335
v -0.11694318 -0.26746681 -0.06912105
v -0.11706274 -0.27341562 -0.05880608
v -0.11909702 -0.27739372 -0.06017269
v -0.11733813 -0.2631711 -0.06648064
v -0.11672578 -0.26955232 -0.05691267
v -0.11421632 -0.27467188 -0.04810237
v -0.11472526 -0.27861538 -0.04997852
v -0.1198211 -0.26006037 -0.06378977
v -0.11848431 -0.26642739 -0.05445386
v -0.11570519 -0.27154102 -0.04552034
v -0.11116124 -0.27539122 -0.03817149
v -0.10999243 -0.27884599 -0.0407971
v -0.12130033 -0.26415422 -0.05172224
v -0.11822152 -0.26910847 -0.04264006
v -0.11390759 -0.27344995 -0.0350078
v -0.10902663 -0.27678775 -0.0283304
v -0.10604654 -0.27844521 -0.03165729
v -0.12191812 -0.26813027 -0.0397821
v -0.11776933 -0.27350944 -0.03199749
v -0.11299418 -0.27739438 -0.02519947
v -0.10834355 -0.28077289 -0.01923327
v -0.10434047 -0.27946463 -0.02228896
v -0.12207222 -0.27456921 -0.0295112
v -0.11723855 -0.2792581 -0.02271693
v -0.11252073 -0.28309184 -0.01683898
v -0.10858988 -0.28651964 -0.01208768
v -0.10453577 -0.28330722 -0.01414146
v -0.12167343 -0.28122264 -0.02040669
v -0.11699304 -0.28566443 -0.01474777
v -0.11299417 -0.28949514 -0.01011455
v -0.11005801 -0.29268366 -0.00632727
v -0.10534906 -0.28960233 -0.00803728
v -0.12194754 -0.28751346 -0.01198397
v -0.11817437 -0.29144325 -0.00740585
v -0.11557599 -0.29458668 -0.00375673
v -0.11368013 -0.29709053 -0.00056508
v -0.10784586 -0.29536944 -0.00327361
v -0.12394615 -0.29397714 -0.00570336
v -0.12138927 -0.29730293 -0.0019486
v -0.11960332 -0.30004319 0.00125165
v -0.11790246 -0.30264711 0.00383191
v -0.11202304 -0.29949083 0.00206327
v -0.12705518 -0.30085933 -0.00190379
v -0.12486183 -0.30396542 0.00133486
v -0.12306583 -0.30682617 0.00374462
v -0.12147424 -0.30958744 0.00581277
v -0.11655351 -0.30479911 0.00609606
v -0.13032586 -0.30698445 0.00138788
v -0.1283691 -0.31009396 0.00358957
v -0.12671439 -0.31308889 0.0054877
v -0.13422542 -0.31161719 0.00462783
v -0.13259868 -0.31460657 0.00665208
v -0.13091288 -0.31765905 0.00830452
v -0.12933956 -0.32095968 0.00884587
v -0.13807722 -0.31585899 0.00695238
v -0.13972736 -0.31320855 0.00398065
v -0.14352223 -0.31617274 0.00187053
v -0.14184036 -0.31853646 0.0051538
v -0.14277952 -0.32199204 0.00240887
v -0.14127442 -0.31071874 0.00063213
v -0.13616552 -0.30879047 0.00158657
v -0.13850759 -0.30514404 -0.00185508
v -0.14333725 -0.30740192 -0.00314217
v -0.14143671 -0.30119577 -0.00601828
v -0.13275182 -0.30355048 -0.0019502
v -0.13572904 -0.29950249 -0.00598322
v -0.12979945 -0.29709389 -0.0058153
v -0.13341039 -0.29256212 -0.0104592
v -0.12762329 -0.28972211 -0.0103095
v -0.13208101 -0.28462705 -0.01644336
v -0.12664385 -0.28265541 -0.01787305
v -0.13152094 -0.27723819 -0.02505985
v -0.12653447 -0.27575412 -0.02723059
v -0.13077703 -0.2691057 -0.03494803
v -0.12618657 -0.26825758 -0.03725618
v -0.1290176 -0.2618857 -0.04643749
v -0.12476039 -0.26252415 -0.04898898
v -0.12738639 -0.25704479 -0.05897597
v -0.12350753 -0.25821697 -0.06137258
v -0.12866914 -0.32376605 0.00707995
v -0.12895771 -0.32520175 0.00418656
v -0.12412162 -0.3229289 0.00334747
v -0.11047115 -0.30160749 0.00435858
v -0.10480818 -0.30003076 0.00176117
v -0.10627856 -0.29780626 -0.00053361
v -0.09997553 -0.29819989 -0.00023834
v -0.10115667 -0.29542097 -0.00217017
v -0.10285322 -0.29259997 -0.00491917
v -0.09876801 -0.28916722 -0.00623712
v -0.10129635 -0.28618502 -0.00989813
v -0.09461976 -0.28650111 -0.00874176
v -0.09719201 -0.2838869 -0.01261208
v -0.10048691 -0.28177622 -0.01716265
v -0.09360878 -0.28521692 -0.01647695
v -0.0972926 -0.28345266 -0.02074144
v -0.1010716 -0.28091043 -0.02582966
v -0.09563859 -0.28703263 -0.02388313
v -0.09956862 -0.28446158 -0.02887829
v -0.10462031 -0.28184738 -0.03452603
v -0.10019296 -0.28893068 -0.03065559
v -0.10509359 -0.2862325 -0.03624992
v -0.11049021 -0.28306129 -0.0425461
v -0.10722125 -0.29058232 -0.03661883
v -0.11204767 -0.28737688 -0.0434953
v -0.11659661 -0.28276503 -0.05113083
v -0.11485141 -0.29154875 -0.0435246
v -0.11946217 -0.28655472 -0.05135502
v -0.1220214 -0.28101322 -0.0607589
v -0.1231745 -0.29009142 -0.05097214
v -0.1259711 -0.28428074 -0.06063959
v -0.12564568 -0.28133857 -0.07278412
v -0.13042812 -0.28683018 -0.06008941
v -0.13047355 -0.28486773 -0.07243152
v -0.13195523 -0.28187766 -0.08354991
v -0.1359931 -0.28694376 -0.07170582
v -0.13731454 -0.28599324 -0.08332964
v -0.13767294 -0.28636491 -0.0928397
v -0.13211819 -0.28058815 -0.09268947
v -0.13648793 -0.2877728 -0.10010124
v -0.13022309 -0.28117919 -0.09959074
v -0.13474272 -0.28915435 -0.10656029
v -0.12759043 -0.28210121 -0.10589657
v -0.13213154 -0.29112938 -0.11203564
v -0.12384192 -0.28376403 -0.11115309
v -0.12868233 -0.29439258 -0.115638
v -0.11914981 -0.28675961 -0.11434702
v -0.12507416 -0.29901704 -0.11673312
v -0.13788327 -0.30043891 -0.11610947
v -0.13525287 -0.30497774 -0.11743453
v -0.13323272 -0.31019294 -0.1160383
v -0.12248975 -0.30406275 -0.11498615
v -0.13209751 -0.31558218 -0.11245165
v -0.12064753 -0.31021651 -0.11136598
v -0.13150571 -0.32154297 -0.1080396
v -0.11974485 -0.31728735 -0.10665472
v -0.10727141 -0.3136006 -0.10516399
v -0.11955511 -0.32584196 -0.10061102
v -0.10777804 -0.32418742 -0.09820246
v -0.09573108 -0.32399264 -0.0950834
v -0.0954642 -0.31292575 -0.10226033
v -0.10794697 -0.33531832 -0.09048031
v -0.09574854 -0.33526098 -0.08729542
v -0.1077171 -0.34751382 -0.08314432
v -0.09530986 -0.3476113 -0.08035951
v -0.10699323 -0.36114928 -0.07764816
v -0.09450794 -0.36131495 -0.07508847
v -0.10619208 -0.37574926 -0.07403408
v -0.09368466 -0.37596327 -0.07174419
v -0.10552121 -0.39107084 -0.07222954
v -0.09314906 -0.39124336 -0.07004626
v -0.10522218 -0.4067091 -0.07219249
v -0.09298901 -0.40693259 -0.07003612
v -0.10539963 -0.42243319 -0.07397474
v -0.09322387 -0.422811 -0.07175806
v -0.10610426 -0.43804663 -0.07758589
v -0.09389144 -0.4385631 -0.0752471
v -0.10729563 -0.45335164 -0.08291707
v -0.09494704 -0.45399406 -0.08040131
v -0.10875881 -0.46818947 -0.08999925
v -0.09619014 -0.46889576 -0.08721189
v -0.11023844 -0.48237943 -0.09857937
v -0.0974376 -0.48309478 -0.09551297
v -0.11157579 -0.49576565 -0.10848593
v -0.09854707 -0.49635982 -0.10517145
v -0.11270107 -0.50806921 -0.11970152
v -0.09937138 -0.50848746 -0.11602605
v -0.11343361 -0.51908773 -0.13189809
v -0.09981223 -0.51931303 -0.12777732
v -0.11354979 -0.52865856 -0.14433898
v -0.09978501 -0.52865809 -0.13991902
v -0.11310983 -0.53675687 -0.15633229
v -0.09926926 -0.53672647 -0.15206024
v -0.11202982 -0.5437628 -0.16851143
v -0.09825042 -0.54368662 -0.16442313
v -0.11047304 -0.54976624 -0.18129484
v -0.09681528 -0.54956752 -0.17721623
v -0.10866377 -0.55467969 -0.19462885
v -0.09513933 -0.5544371 -0.19041736
v -0.10668796 -0.55872947 -0.20811496
v -0.09333936 -0.55847632 -0.20383091
v -0.10478077 -0.56208258 -0.22174161
v -0.09170224 -0.56190627 -0.21765816
v -0.10328256 -0.56486392 -0.23584814
v -0.09043579 -0.56479996 -0.23194231
v -0.10217282 -0.5670163 -0.25023216
v -0.08942894 -0.56701177 -0.24641792
v -0.10119359 -0.56863027 -0.26462197
v -0.0884902 -0.56860911 -0.2608715
v -0.10017998 -0.56974953 -0.278862
v -0.08748242 -0.56964457 -0.27517256
v -0.0991061 -0.57043975 -0.29284793
v -0.08638119 -0.57020974 -0.28921806
v -0.0980069 -0.57073086 -0.30650305
v -0.08524982 -0.57037854 -0.3029505
v -0.0969089 -0.5707314 -0.3198347
v -0.08414362 -0.57026416 -0.31636863
v -0.09580219 -0.57060152 -0.33288931
v -0.10992517 -0.57145738 -0.32359993
v -0.10881054 -0.57135456 -0.3365812
v -0.10759244 -0.57111841 -0.34928941
v -0.12210877 -0.57230085 -0.34055444
v -0.12085191 -0.57203412 -0.35319903
v -0.1193813 -0.57162195 -0.36556696
v -0.13446298 -0.5730769 -0.35741797
v -0.132927 -0.57261019 -0.36976996
v -0.13107813 -0.57200253 -0.38181129
v -0.14683727 -0.57369518 -0.37437349
v -0.14489592 -0.57303786 -0.38647466
v -0.14252553 -0.57225698 -0.39819383
v -0.15900585 -0.57410693 -0.39169549
v -0.15645882 -0.57327997 -0.4035725
v -0.15342117 -0.57234144 -0.41504436
v -0.17062005 -0.57421028 -0.40942946
v -0.16727867 -0.57319003 -0.4212099
v -0.16337873 -0.57209998 -0.43266287
v -0.18107289 -0.57372444 -0.42766454
v -0.17683254 -0.57250529 -0.43948411
v -0.17206208 -0.57126247 -0.45096576
v -0.19014868 -0.57209891 -0.44648891
v -0.18491253 -0.57076925 -0.4583911
v -0.17910029 -0.56939852 -0.47002157
v -0.19751659 -0.56901896 -0.46591663
v -0.1910807 -0.56743663 -0.47797629
v -0.18399068 -0.56585395 -0.48981663
v -0.20265115 -0.5636844 -0.48585397
v -0.19489905 -0.56183576 -0.49799472
v -0.18651802 -0.56015741 -0.50993704
v -0.20520439 -0.55535268 -0.50548696
v -0.19617368 -0.5533775 -0.51766663
v -0.18642455 -0.55182373 -0.52960646
v -0.17736139 -0.55862289 -0.52146256
v -0.17596034 -0.55045408 -0.54113745
v -0.16737479 -0.55731308 -0.53258132
v -0.1646876 -0.54939049 -0.55218458
v -0.15655255 -0.55618166 -0.54308164
v -0.1527877 -0.54855436 -0.56254261
v -0.1450693 -0.55531853 -0.5528714
v -0.14032451 -0.54772454 -0.57217329
v -0.13303026 -0.55447971 -0.56186771
v -0.1273328 -0.54693472 -0.58096128
v -0.12053644 -0.55372303 -0.56998443
v -0.11388629 -0.54604411 -0.5889675
v -0.10765115 -0.55286705 -0.57727396
v -0.10148011 -0.5576567 -0.56443578
v -0.09453264 -0.55182158 -0.58368003
v -0.08897054 -0.55668592 -0.57017129
v -0.08377718 -0.55985206 -0.55593705
v -0.0763788 -0.55562019 -0.57509678
v -0.07180378 -0.55891257 -0.56028705
v -0.06773353 -0.56102877 -0.5448926
v -0.05973701 -0.55799007 -0.56383526
v -0.05646467 -0.56024706 -0.54780298
v -0.05390184 -0.56176555 -0.53143149
v -0.04518074 -0.55956679 -0.55005925
v -0.04318814 -0.56125485 -0.53333759
v -0.04166605 -0.56251758 -0.51675462
v -0.04774034 -0.55716341 -0.56661874
v -0.06353338 -0.55457931 -0.57931017
v -0.05082365 -0.55362665 -0.58267951
v -0.06767363 -0.54958206 -0.59409868
v -0.05416305 -0.54856807 -0.59804868
v -0.07205415 -0.54271107 -0.60774439
v -0.05768758 -0.54158031 -0.61230713
v -0.07639314 -0.53370988 -0.61986339
v -0.06130562 -0.53254002 -0.62498521
v -0.08047609 -0.522852 -0.63006323
v -0.0648091 -0.52170485 -0.63578999
v -0.08430373 -0.51059716 -0.6383022
v -0.06814211 -0.5094099 -0.64459991
v -0.08782304 -0.49725523 -0.64463192
v -0.07125678 -0.49611911 -0.65147805
v -0.09095887 -0.48329666 -0.64945393
v -0.07407738 -0.48222631 -0.65670508
v -0.09358805 -0.46885931 -0.65297704
v -0.0764936 -0.46788299 -0.66050845
v -0.09553446 -0.45407295 -0.65547794
v -0.07828791 -0.45326 -0.66324079
v -0.0965859 -0.43894749 -0.65733385
v -0.0792502 -0.43838244 -0.66505688
v -0.09659614 -0.42340314 -0.65866851
v -0.07925652 -0.42319929 -0.6662265
v -0.09558609 -0.40741616 -0.65941041
v -0.07831759 -0.40766674 -0.66675758
v -0.09388604 -0.39117971 -0.65943455
v -0.07679805 -0.3917706 -0.66659671
v -0.09204714 -0.37477853 -0.65861129
v -0.07512463 -0.37567904 -0.66565597
v -0.09031689 -0.35836207 -0.65684956
v -0.07352779 -0.35951384 -0.66396051
v -0.08875292 -0.34204384 -0.65446239
v -0.0720378 -0.34335658 -0.66164463
v -0.08730036 -0.32590729 -0.65163451
v -0.07064037 -0.32725116 -0.65882718
v -0.08580541 -0.30999621 -0.64836698
v -0.06926504 -0.31119614 -0.65561246
v -0.08415716 -0.29426896 -0.64469611
v -0.06780916 -0.29515686 -0.65198797
v -0.08239273 -0.27853053 -0.64069253
v -0.06628478 -0.27906107 -0.64792221
v -0.08049785 -0.26272046 -0.6361894
v -0.06471063 -0.26282057 -0.64335882
v -0.07865816 -0.24682711 -0.63110876
v -0.06316722 -0.24644406 -0.63811564
v -0.07698951 -0.23092116 -0.62531155
v -0.06181839 -0.22999408 -0.63216167
v -0.07564752 -0.21497988 -0.61873954
v -0.06074905 -0.2135142 -0.62534833
v -0.07457354 -0.19911006 -0.61132401
v -0.05993114 -0.19711147 -0.61765778
v -0.07365666 -0.18336351 -0.60288995
v -0.05941345 -0.18087895 -0.60887801
v -0.07305201 -0.16794593 -0.5932694
v -0.05911795 -0.16500204 -0.59883654
v -0.07254738 -0.15303951 -0.5823102
v -0.05890894 -0.14976906 -0.58742958
v -0.0720469 -0.13892364 -0.57007765
v -0.05861235 -0.13543556 -0.57476538
v -0.07147386 -0.12588341 -0.5567398
v -0.05817752 -0.12214865 -0.56120246
v -0.07092654 -0.11363056 -0.54295265
v -0.05764655 -0.10985345 -0.54708761
v -0.07027734 -0.10249266 -0.52863651
v -0.05707018 -0.09857436 -0.53260827
v -0.06969312 -0.09225636 -0.51418143
v -0.05647813 -0.08824823 -0.51798796
v -0.06914667 -0.08294262 -0.49974459
v -0.05592578 -0.0787732 -0.50346517
v -0.06860497 -0.07436537 -0.48547476
v -0.05538908 -0.07010102 -0.48910471
v -0.06805157 -0.0663583 -0.4714044
v -0.05482076 -0.06202237 -0.47495135
v -0.06736622 -0.05891857 -0.45778369
v -0.05417579 -0.05450501 -0.46114799
v -0.06644567 -0.0517838 -0.44447723
v -0.05340287 -0.04737883 -0.44767287
v -0.06527084 -0.04484771 -0.43136996
v -0.05244602 -0.04050147 -0.43438419
v -0.0638357 -0.03802485 -0.41832572
v -0.05130761 -0.03381195 -0.42117315
v -0.06218477 -0.03129069 -0.40525472
v -0.05002249 -0.02721967 -0.40793499
v -0.06041038 -0.02461956 -0.39207649
v -0.04864305 -0.02072153 -0.39460811
v -0.05853732 -0.01806688 -0.37875741
v -0.04716586 -0.01433523 -0.38114091
v -0.0566473 -0.01166928 -0.36530789
v -0.04563759 -0.00811216 -0.36752528
v -0.05471337 -0.00542536 -0.35170742
v -0.04409753 -0.00204686 -0.35377138
v -0.05272948 0.00062002 -0.33792078
v -0.04252013 0.00380099 -0.33980822
v -0.05074663 0.00643817 -0.32389155
v -0.04097401 0.00942276 -0.32563179
v -0.04880159 0.01198473 -0.30964121
v -0.03948759 0.01475366 -0.31124264
v -0.04699142 0.0170492 -0.29530659
v -0.03816432 0.01978627 -0.2967391
v -0.04672161 0.02476615 -0.28218054
v -0.03798387 0.02712228 -0.2833136
v -0.04873362 0.036687 -0.27243301
v -0.03963006 0.03874803 -0.27355578
v -0.05105446 0.04837245 -0.26214772
v -0.041544 0.05007685 -0.26334956
v -0.05321798 0.05919146 -0.25146386
v -0.04323178 0.06037058 -0.25292065
v -0.05464403 0.06871254 -0.2411652
v -0.04427871 0.06957379 -0.2427573
v -0.05525788 0.07726789 -0.23096279
v -0.044663 0.07799493 -0.23255716
v -0.0556389 0.08556228 -0.21985843
v -0.04491217 0.08604623 -0.22167009
v -0.05648913 0.09300189 -0.20823577
v -0.04552363 0.09349735 -0.21012878
v -0.05797705 0.09935284 -0.19630262
v -0.04668903 0.10013423 -0.19816471
v -0.06008773 0.104422 -0.18411706
v -0.04837194 0.10569588 -0.18589772
v -0.06235885 0.10839595 -0.17209044
v -0.05047601 0.11008261 -0.17356984
v -0.06509964 0.11112304 -0.16041287
v -0.05305509 0.11332742 -0.16146628
v -0.06811988 0.11261013 -0.14940525
v -0.05585315 0.1151451 -0.14975877
v -0.07106132 0.11294107 -0.13912899
v -0.05899184 0.11587472 -0.13853284
v -0.07453454 0.11219386 -0.12953122
v -0.06216117 0.11556091 -0.12782806
v -0.07820551 0.11036693 -0.12075925
v -0.06520607 0.11428897 -0.11746972
v -0.08381316 0.10865053 -0.1306066
v -0.08744952 0.10657225 -0.12296165
v -0.0916135 0.10564892 -0.13139827
v -0.09517105 0.1036532 -0.12462003
v -0.09936244 0.10600644 -0.13174259
v -0.10303794 0.10632237 -0.12542475
v -0.10362984 0.11148962 -0.13195964
v -0.10806834 0.1114555 -0.12619848
v -0.11381918 0.11029576 -0.12229423
v -0.1116601 0.11857539 -0.12787874
v -0.11718334 0.11811985 -0.12468919
v -0.1232627 0.11679882 -0.12345466
v -0.12009749 0.10832295 -0.12026662
v -0.12912248 0.11453432 -0.12456481
v -0.12582141 0.10536238 -0.12127
v -0.13262331 0.11150126 -0.12899357
v -0.12972407 0.10182146 -0.12549254
v -0.12706401 0.09300142 -0.12303616
v -0.12560167 0.08331258 -0.12146174
v -0.1297229 0.09885124 -0.13173994
v -0.12706945 0.08881122 -0.12971888
v -0.12610229 0.07794954 -0.12900584
v -0.12458416 0.08541825 -0.13702423
v -0.12618592 0.07329233 -0.13774633
v -0.13194207 0.06336239 -0.1376262
v -0.13047111 0.06742024 -0.1280606
v -0.12803526 0.07203649 -0.1194185
v -0.13693168 0.05719296 -0.12632568
v -0.13455556 0.06175409 -0.11637596
v -0.13030691 0.0667089 -0.10702014
v -0.14029149 0.05077705 -0.11252176
v -0.13619026 0.05532285 -0.10245999
v -0.13069653 0.06017677 -0.09271273
v -0.12438096 0.07228972 -0.09795116
v -0.1239804 0.06551859 -0.08132217
v -0.11695892 0.07771471 -0.08698299
v -0.11740052 0.06935048 -0.06827288
v -0.10938961 0.08093327 -0.07332151
v -0.09853354 0.09178073 -0.08022938
v -0.102918 0.08163123 -0.05784413
v -0.09187392 0.09141475 -0.06277382
v -0.07839599 0.09954731 -0.06771046
v -0.06396745 0.10596034 -0.07004635
v -0.0868376 0.08968852 -0.0452597
v -0.07400135 0.09692141 -0.04889178
v -0.06032127 0.10282655 -0.05131812
v -0.07012221 0.0938655 -0.03109932
v -0.05716253 0.0994478 -0.03343499
v -0.06613808 0.08998874 -0.01356317
v -0.05399873 0.09529186 -0.01566312
v -0.06256445 0.08495619 0.00401774
v -0.05105956 0.09009851 0.00235677
v -0.05955855 0.07766063 0.02136135
v -0.04861113 0.08291637 0.02040846
v -0.057326 0.0674728 0.03754438
v -0.04682209 0.07316752 0.03769537
v -0.05588152 0.05493341 0.05171869
v -0.0456829 0.0606787 0.05296219
v -0.05549526 0.04099807 0.06384288
v -0.04521161 0.04627711 0.06576962
v -0.05603845 0.02661779 0.07428972
v -0.04545183 0.03133268 0.07658366
v -0.05646368 0.01211633 0.08358576
v -0.04576844 0.0165466 0.08608968
v -0.05631171 -0.00255044 0.09193705
v -0.04602459 0.00195698 0.09525768
v -0.05594212 -0.01750652 0.09969844
v -0.04605931 -0.01296085 0.10414645
v -0.05583367 -0.03269735 0.10703099
v -0.04611865 -0.02830756 0.11281316
v -0.05658798 -0.04794634 0.11393663
v -0.04659647 -0.04398536 0.12125201
v -0.05841713 -0.06289599 0.1202875
v -0.04811342 -0.05966528 0.12876482
v -0.06156039 -0.07754714 0.12526658
v -0.0509157 -0.07515402 0.13494388
v -0.06476026 -0.09201791 0.12747347
v -0.05433157 -0.09081685 0.13868363
v -0.06670975 -0.10658124 0.12646883
v -0.05679837 -0.10670416 0.13912512
v -0.07403709 -0.09236979 0.11441965
v -0.07519332 -0.1057555 0.11250078
v -0.08171739 -0.09206718 0.10027408
v -0.08236414 -0.10477175 0.09795451
v -0.08805907 -0.09164739 0.08586148
v -0.0883945 -0.10400662 0.08344894
v -0.08634478 -0.11581526 0.07959616
v -0.09341771 -0.10360082 0.06912376
v -0.09067802 -0.11537949 0.06545151
v -0.08592666 -0.12620697 0.06122389
v -0.09464559 -0.11521903 0.0513431
v -0.09024373 -0.12616509 0.0473789
v -0.09889949 -0.11532659 0.0369484
v -0.09512149 -0.12646913 0.03323822
v -0.10503134 -0.11628128 0.02201567
v -0.10105962 -0.12725298 0.01829125
v -0.10183645 -0.10386908 0.04052033
v -0.10783013 -0.10448075 0.02601543
v -0.10321914 -0.09220399 0.04350717
v -0.10921255 -0.09268182 0.02953452
v -0.11698012 -0.09305858 0.01537821
v -0.10938494 -0.08112915 0.03222134
v -0.1166455 -0.08132915 0.01878834
v -0.12475106 -0.08068167 0.00500538
v -0.12549157 -0.09266609 0.00080248
v -0.13300323 -0.07875117 -0.00875058
v -0.13429623 -0.09086126 -0.01353785
v -0.14123821 -0.07537186 -0.02201013
v -0.14286267 -0.08734155 -0.02719732
v -0.14309024 -0.10039389 -0.03363141
v -0.15084897 -0.08221072 -0.04062081
v -0.15144836 -0.09425217 -0.04708566
v -0.15212641 -0.10390061 -0.05603658
v -0.14337867 -0.11252749 -0.04399879
v -0.15391065 -0.1106349 -0.06874879
v -0.14524367 -0.12057472 -0.05861525
v -0.1555555 -0.11550054 -0.08222287
v -0.14707844 -0.12586088 -0.07333042
v -0.13754829 -0.13485179 -0.06556391
v -0.12753713 -0.14256824 -0.05887409
v -0.14816458 -0.13001526 -0.08564282
v -0.13853952 -0.13942119 -0.07854653
v -0.1283206 -0.14766509 -0.07241287
v -0.11786118 -0.15471039 -0.06706585
v -0.11763441 -0.14925932 -0.05364858
v -0.13881899 -0.14302964 -0.08890099
v -0.12844984 -0.15160247 -0.08289519
v -0.11740899 -0.15845939 -0.07762271
v -0.12770538 -0.15419465 -0.09138821
v -0.11620619 -0.16082669 -0.08622086
v -0.12626801 -0.15617245 -0.09886907
v -0.13840632 -0.14568218 -0.09734335
v -0.13753689 -0.14782767 -0.1047793
v -0.13701145 -0.15021963 -0.11127017
v -0.14739322 -0.13851745 -0.1118964
v -0.14675147 -0.14070461 -0.11837418
v -0.14725674 -0.14364209 -0.12434358
v -0.13749884 -0.15330074 -0.11685095
v -0.1496471 -0.14744837 -0.1290369
v -0.13933049 -0.15720714 -0.12100335
v -0.15353098 -0.15161933 -0.1321755
v -0.1426897 -0.16119404 -0.12340148
v -0.15826287 -0.15584108 -0.13415762
v -0.14700275 -0.16504026 -0.12460888
v -0.13796183 -0.17891854 -0.11680861
v -0.14250978 -0.18155181 -0.11423353
v -0.1607854 -0.14297549 -0.1412446
v -0.16589306 -0.14696775 -0.14401553
v -0.17128789 -0.1508232 -0.14648734
v -0.170603 -0.13810747 -0.15401774
v -0.17657114 -0.14219504 -0.15706852
v -0.18327581 -0.14735902 -0.16079339
v -0.17730876 -0.15531162 -0.14956581
v -0.1907027 -0.15371632 -0.16538268
v -0.18582606 -0.1606491 -0.15326695
v -0.19920398 -0.16054222 -0.17027868
v -0.19562329 -0.1667445 -0.15777005
v -0.1912703 -0.17308017 -0.14590138
v -0.18678073 -0.17933763 -0.13491037
v -0.20486432 -0.17413908 -0.16314713
v -0.20085564 -0.18034926 -0.15141914
v -0.19681847 -0.18631894 -0.14023907
v -0.19275146 -0.19218441 -0.12995754
v -0.18274319 -0.18527422 -0.12532487
v -0.2088945 -0.18890801 -0.15711429
v -0.2048942 -0.19485078 -0.14584216
v -0.20084361 -0.20071001 -0.13508474
v -0.19658899 -0.20669677 -0.12475588
v -0.18868641 -0.19831539 -0.12001392
v -0.21173654 -0.20431053 -0.1512271
v -0.20756286 -0.21013271 -0.14013721
v -0.20299369 -0.21603164 -0.12952496
v -0.19840887 -0.22196818 -0.11914447
v -0.19234223 -0.21272526 -0.11458491
v -0.21336858 -0.22023318 -0.14482101
v -0.20868396 -0.22600808 -0.13380482
v -0.20357525 -0.23181654 -0.12321227
v -0.19853314 -0.23763407 -0.1129089
v -0.19378364 -0.22792363 -0.10906925
v -0.213146 -0.23666037 -0.13772143
v -0.2076596 -0.24241156 -0.12675401
v -0.20196078 -0.24802006 -0.116255
v -0.19618967 -0.25352168 -0.10623281
v -0.19332458 -0.24349203 -0.10301252
v -0.20980745 -0.25362661 -0.13016186
v -0.2035028 -0.25913259 -0.11933893
v -0.1969807 -0.26423865 -0.10912407
v -0.19067417 -0.26854234 -0.09932652
v -0.19026044 -0.25866067 -0.09661901
v -0.20246996 -0.2703827 -0.12288031
v -0.19549524 -0.27492472 -0.11245786
v -0.18896275 -0.27833038 -0.10252062
v -0.18285633 -0.28055504 -0.09278387
v -0.1842263 -0.27188944 -0.09001213
v -0.1796295 -0.28784367 -0.09532908
v -0.17347557 -0.28700962 -0.08540321
v -0.17599867 -0.28139761 -0.08338829
v -0.17529141 -0.2939457 -0.09685199
v -0.16997242 -0.29188743 -0.0869018
v -0.16491915 -0.29082498 -0.07710195
v -0.16742664 -0.28702843 -0.0755804
v -0.16998043 -0.29868766 -0.09762368
v -0.16574731 -0.29576051 -0.087838
v -0.16148148 -0.29398423 -0.07824862
v -0.16034662 -0.29848831 -0.08871682
v -0.15704913 -0.29529985 -0.07942813
v -0.1544433 -0.29838448 -0.0900731
v -0.15221519 -0.29464113 -0.08064191
v -0.1488696 -0.29570236 -0.09154451
v -0.14747548 -0.29254019 -0.0818232
v -0.14328898 -0.29150784 -0.0925356
v -0.14261272 -0.28951537 -0.08277613
v -0.14104007 -0.28926396 -0.0709256
v -0.1349588 -0.28942033 -0.05945631
v -0.1272127 -0.29353669 -0.05035221
v -0.11866693 -0.2952995 -0.04272385
v -0.11086458 -0.29389783 -0.03566081
v -0.10274492 -0.29317244 -0.03072196
v -0.09612406 -0.29161796 -0.02583638
v -0.09218974 -0.28935128 -0.0196093
v -0.09081711 -0.28715363 -0.01279959
v -0.14943531 -0.29850763 -0.09978658
v -0.14275595 -0.29363286 -0.10008375
v -0.14909187 -0.30048328 -0.10677725
v -0.14178118 -0.29533046 -0.10663628
v -0.14823412 -0.30199942 -0.11247444
v -0.14024753 -0.29724174 -0.11223912
v -0.14658419 -0.30452126 -0.11698944
v -0.15616053 -0.30509039 -0.11318457
v -0.15504394 -0.30674299 -0.11819864
v -0.15338949 -0.31114429 -0.1213793
v -0.14446638 -0.30910223 -0.1193076
v -0.15236137 -0.31652632 -0.12076284
v -0.14317059 -0.31431001 -0.11780216
v -0.1522994 -0.32181927 -0.11771202
v -0.14262923 -0.31953415 -0.1143537
v -0.15262274 -0.32732051 -0.11364062
v -0.14248117 -0.32504618 -0.11014076
v -0.1532301 -0.33341538 -0.10919592
v -0.14270883 -0.33154389 -0.10528512
v -0.13135178 -0.3287819 -0.10262129
v -0.14315597 -0.33983406 -0.09944216
v -0.13154836 -0.33765408 -0.09626682
v -0.11969632 -0.33590388 -0.09349675
v -0.13160418 -0.34883433 -0.08940315
v -0.11965935 -0.3479048 -0.08619871
v -0.13104115 -0.3620533 -0.08344364
v -0.11916486 -0.36130452 -0.08041845
v -0.12996959 -0.37676477 -0.07940933
v -0.11830581 -0.37598899 -0.07660691
v -0.12901204 -0.3920544 -0.07750776
v -0.11748632 -0.39131742 -0.07471822
v -0.12847474 -0.4073461 -0.07755222
v -0.11709276 -0.40681588 -0.07470197
v -0.12836413 -0.42250201 -0.07940881
v -0.11721627 -0.42230892 -0.07657516
v -0.1287018 -0.4375787 -0.08301037
v -0.11790242 -0.43767809 -0.0802159
v -0.12951384 -0.4524787 -0.08839141
v -0.11902973 -0.45283317 -0.08563415
v -0.13093757 -0.46689495 -0.09549908
v -0.1205281 -0.46753087 -0.09282596
v -0.13307471 -0.4807192 -0.10420061
v -0.12227768 -0.48163726 -0.10154095
v -0.13531437 -0.49400678 -0.11438509
v -0.1239658 -0.49501735 -0.11170022
v -0.13748428 -0.5067808 -0.12623946
v -0.12557752 -0.50761354 -0.12324899
v -0.13965567 -0.51856732 -0.1397783
v -0.12688152 -0.5189706 -0.13600973
v -0.14102807 -0.52924913 -0.15369471
v -0.12742452 -0.52894896 -0.14900068
v -0.14059604 -0.5372526 -0.16513505
v -0.12694501 -0.53691643 -0.16072422
v -0.1387626 -0.54435253 -0.17672456
v -0.12560677 -0.54394793 -0.17263104
v -0.13660122 -0.55061644 -0.18971666
v -0.12376286 -0.55009526 -0.18545013
v -0.13467039 -0.55577135 -0.20335769
v -0.12184528 -0.55513519 -0.19895719
v -0.13289348 -0.55992353 -0.21729537
v -0.11992607 -0.55925035 -0.21274144
v -0.13118046 -0.56321895 -0.2311723
v -0.11799809 -0.56254339 -0.22641874
v -0.129666 -0.5658524 -0.24497547
v -0.11635689 -0.56519758 -0.24026659
v -0.12840114 -0.56800031 -0.25895121
v -0.11514701 -0.56733775 -0.25443887
v -0.12730562 -0.56970059 -0.273054
v -0.11411372 -0.56897431 -0.26869446
v -0.12627415 -0.57099628 -0.28709179
v -0.11309323 -0.57019776 -0.28284522
v -0.12526807 -0.57187235 -0.30091917
v -0.11204601 -0.57097506 -0.29674783
v -0.12425968 -0.57229214 -0.31444644
v -0.11098738 -0.57136595 -0.31033363
v -0.12322592 -0.57239973 -0.32764464
v -0.13787068 -0.57341378 -0.31882256
v -0.13689379 -0.57350641 -0.33197334
v -0.13576768 -0.57338035 -0.34482318
v -0.15096682 -0.57468646 -0.33659258
v -0.14983452 -0.57454353 -0.34945231
v -0.14846232 -0.57420104 -0.36202284
v -0.16428342 -0.57568287 -0.35440185
v -0.16285353 -0.57532441 -0.36708593
v -0.16110537 -0.5747984 -0.37951582
v -0.17748393 -0.5763247 -0.37217649
v -0.17566581 -0.57580137 -0.38484972
v -0.17339594 -0.57508921 -0.39727512
v -0.19020497 -0.57653135 -0.39002022
v -0.18779163 -0.57579034 -0.40286377
v -0.1847651 -0.57484024 -0.4154289
v -0.20205563 -0.57574576 -0.40833345
v -0.19875104 -0.57470625 -0.42139086
v -0.1947623 -0.57344251 -0.43415358
v -0.212573 -0.57334363 -0.4272356
v -0.20823629 -0.57202309 -0.44052976
v -0.20326679 -0.57055407 -0.45346301
v -0.22140727 -0.56895947 -0.44665673
v -0.21600808 -0.56738555 -0.46016824
v -0.20971237 -0.56559461 -0.47329703
v -0.22793512 -0.56182634 -0.46634614
v -0.22111968 -0.55977839 -0.47997534
v -0.21350431 -0.55747968 -0.49297174
v -0.23073484 -0.55026614 -0.48514965
v -0.22286251 -0.54802912 -0.49854034
v -0.21418388 -0.54596924 -0.51157486
v -0.23052682 -0.53653466 -0.50324964
v -0.22155404 -0.53463172 -0.51655483
v -0.21186186 -0.53293699 -0.52952832
v -0.20473483 -0.54417747 -0.52421969
v -0.20147386 -0.53148531 -0.54219818
v -0.19454522 -0.54257732 -0.53653365
v -0.19037316 -0.53029251 -0.55448514
v -0.18368028 -0.54125201 -0.54841995
v -0.17856149 -0.52934092 -0.56631857
v -0.17204614 -0.54013866 -0.55983603
v -0.16609278 -0.52854484 -0.57762444
v -0.15987169 -0.53938245 -0.57077163
v -0.1530582 -0.52783137 -0.58835387
v -0.14706392 -0.53866434 -0.58100116
v -0.13946059 -0.52707475 -0.59832179
v -0.13371294 -0.5379157 -0.59043484
v -0.12534225 -0.52620637 -0.60746443
v -0.1199075 -0.53707546 -0.59907966
v -0.11080668 -0.52522355 -0.61590153
v -0.1057125 -0.53606814 -0.60687267
v -0.10020204 -0.54497695 -0.59602296
v -0.09118863 -0.53491866 -0.61381924
v -0.08616927 -0.54388755 -0.60235548
v -0.08119373 -0.55072081 -0.58927756
v -0.09583883 -0.52405244 -0.62338972
v -0.1153438 -0.51292789 -0.62305444
v -0.10006078 -0.51179498 -0.63112062
v -0.11931823 -0.49962371 -0.62855052
v -0.10383806 -0.49847507 -0.63700324
v -0.12272682 -0.48560294 -0.63270801
v -0.10715991 -0.4844737 -0.64144605
v -0.12544792 -0.47103053 -0.63583713
v -0.10988147 -0.46995353 -0.64469778
v -0.12732255 -0.45591148 -0.63822829
v -0.11185316 -0.45498204 -0.64714717
v -0.12825076 -0.44018903 -0.640172
v -0.11289075 -0.43953356 -0.64903688
v -0.12810063 -0.42392236 -0.64178097
v -0.11284884 -0.42355838 -0.65049535
v -0.12695801 -0.40722209 -0.64298594
v -0.11174613 -0.40721648 -0.65140312
v -0.12514321 -0.39025241 -0.64344251
v -0.1099764 -0.39059057 -0.65165996
v -0.12320461 -0.37326744 -0.64280545
v -0.10806793 -0.37384435 -0.65097373
v -0.12153405 -0.35636705 -0.64103043
v -0.1063489 -0.35713213 -0.64921969
v -0.12014493 -0.33963826 -0.63821518
v -0.10481258 -0.34058412 -0.64663344
v -0.11891052 -0.32342001 -0.63456332
v -0.10340862 -0.32440084 -0.64349025
v -0.11756208 -0.30775415 -0.63055902
v -0.10192133 -0.30865943 -0.63994449
v -0.11573346 -0.29274043 -0.62648665
v -0.10018704 -0.29330334 -0.63617593
v -0.11348776 -0.2777867 -0.62236297
v -0.09816817 -0.27797216 -0.6321125
v -0.11098738 -0.26286813 -0.61778789
v -0.09600046 -0.26260045 -0.62763792
v -0.10862513 -0.24792556 -0.61280793
v -0.09384793 -0.24722538 -0.62256079
v -0.1063927 -0.23312218 -0.60715234
v -0.09190168 -0.2318643 -0.61690408
v -0.10439028 -0.21853259 -0.60083288
v -0.09022386 -0.21657687 -0.6105166
v -0.10258213 -0.20407567 -0.59379857
v -0.08876875 -0.20138353 -0.60333883
v -0.10092185 -0.18984673 -0.58592712
v -0.08748575 -0.18636594 -0.59515315
v -0.0994516 -0.1759576 -0.57709366
v -0.08641023 -0.17161366 -0.58592766
v -0.0981864 -0.16249381 -0.56723994
v -0.08551673 -0.15727558 -0.57550311
v -0.09710109 -0.14948283 -0.55629962
v -0.0847927 -0.14366009 -0.56380015
v -0.0962124 -0.13707518 -0.54436516
v -0.08412277 -0.13085217 -0.55107361
v -0.09556653 -0.12536038 -0.5316593
v -0.08347516 -0.11892044 -0.5376355
v -0.09510507 -0.11445509 -0.51842892
v -0.08287207 -0.10784616 -0.52379143
v -0.09480845 -0.10433229 -0.50487411
v -0.08238682 -0.09771306 -0.50970643
v -0.09451281 -0.09497004 -0.49111777
v -0.08197929 -0.08837826 -0.49557638
v -0.09424086 -0.08623877 -0.47736623
v -0.08153281 -0.07977794 -0.4815256
v -0.09383916 -0.07805593 -0.46372279
v -0.08104464 -0.07176067 -0.46761548
v -0.09313405 -0.07029636 -0.45035028
v -0.08036102 -0.06423038 -0.45413386
v -0.09199877 -0.0627729 -0.43725749
v -0.07930085 -0.05696078 -0.44097805
v -0.09034598 -0.05540474 -0.42442274
v -0.07788548 -0.04985971 -0.42804765
v -0.08824855 -0.04809892 -0.41163811
v -0.07616134 -0.04282318 -0.41514527
v -0.08586153 -0.04085825 -0.39880481
v -0.07415077 -0.03586584 -0.40221011
v -0.08328569 -0.03371907 -0.38589796
v -0.0719876 -0.02897425 -0.38916745
v -0.08060678 -0.02671125 -0.37281376
v -0.06973887 -0.02221025 -0.37597665
v -0.07792883 -0.01990797 -0.35962903
v -0.06743279 -0.01561417 -0.36268216
v -0.07514946 -0.01327275 -0.3463343
v -0.06505912 -0.00918507 -0.34922078
v -0.0723641 -0.00686373 -0.33287516
v -0.06265725 -0.0029519 -0.33559006
v -0.06957441 -0.00069295 -0.31922012
v -0.06023899 0.00301743 -0.32172355
v -0.06673766 0.00514268 -0.30535656
v -0.0578731 0.00874232 -0.30765304
v -0.0640436 0.01055163 -0.29150238
v -0.05557777 0.01388071 -0.29355192
v -0.06336201 0.01892798 -0.27886694
v -0.05512622 0.02190767 -0.28052434
v -0.06570365 0.03129766 -0.2695325
v -0.05741775 0.0341727 -0.27113178
v -0.06841076 0.04380306 -0.25926268
v -0.05997793 0.04631245 -0.26085245
v -0.06265749 0.05763633 -0.24982768
v -0.06455106 0.06762933 -0.23920068
v -0.06518761 0.07647727 -0.22885775
v -0.07505583 0.0845314 -0.21406975
v -0.06565289 0.08501243 -0.21742039
v -0.07590313 0.09143754 -0.20246601
v -0.0666125 0.09228886 -0.20569618
v -0.07674853 0.09688334 -0.19103349
v -0.06808093 0.09825917 -0.19386121
v -0.07840053 0.10107944 -0.17936097
v -0.07019513 0.10290514 -0.18181431
v -0.08046414 0.10414039 -0.16799894
v -0.07238209 0.10642446 -0.1701173
v -0.08248534 0.10592 -0.15719354
v -0.07457287 0.10870255 -0.15892663
v -0.08494709 0.10709311 -0.14751023
v -0.07726474 0.10977036 -0.1485289
v -0.08811412 0.10710632 -0.13899715
v -0.08020012 0.1098071 -0.13914184
v -0.09265365 0.10533222 -0.14649142
v -0.0955576 0.10658304 -0.13879902
v -0.09959702 0.10791406 -0.14610259
v -0.10083228 0.11053852 -0.1388224
v -0.10200858 0.11446701 -0.14671714
v -0.10342764 0.11723294 -0.13918368
v -0.10698507 0.11825875 -0.13268901
v -0.10556186 0.12580053 -0.14086321
v -0.10916833 0.12743508 -0.13508944
v -0.11416494 0.1281321 -0.13076843
v -0.11150126 0.13851237 -0.13850168
v -0.1166619 0.13947181 -0.13429406
v -0.12277834 0.13934965 -0.13192734
v -0.11982969 0.12801757 -0.12780371
v -0.12901085 0.13818205 -0.13168205
v -0.12597778 0.12683349 -0.12709556
v -0.13463828 0.13611875 -0.13354213
v -0.13133123 0.1245773 -0.12926124
v -0.13818554 0.13318814 -0.13814537
v -0.1347371 0.12190287 -0.13348227
v -0.13833732 0.13022747 -0.14405942
v -0.13526202 0.11934125 -0.13913662
v -0.13276839 0.10880754 -0.1349692
v -0.13274957 0.11739595 -0.14493154
v -0.13024646 0.10701493 -0.14076754
v -0.1274939 0.09666048 -0.13790647
v -0.12710224 0.10471969 -0.14768382
v -0.12486974 0.09408287 -0.14498491
v -0.12289729 0.08241969 -0.1445458
v -0.12377446 0.09023969 -0.15302805
v -0.12301975 0.07871317 -0.15275427
v -0.12646994 0.06732754 -0.15491981
v -0.12639449 0.07004869 -0.14581418
v -0.13126444 0.05781067 -0.15786609
v -0.13195605 0.06007913 -0.14778922
v -0.13775396 0.05279854 -0.13752397
v -0.14300812 0.04150332 -0.13643065
v -0.14250412 0.04623207 -0.1233723
v -0.14819863 0.02849647 -0.13066546
v -0.14701868 0.03409905 -0.11897867
v -0.14417061 0.03901098 -0.10805778
v -0.15045079 0.02174558 -0.11373075
v -0.14690665 0.02721254 -0.10343632
v -0.1494835 0.01441457 -0.0981596
v -0.15320141 0.00905984 -0.10788929
v -0.15541592 -0.00344738 -0.10133761
v -0.15202893 0.00221727 -0.09212682
v -0.15201018 0.01570502 -0.12447868
v -0.15486194 0.00300229 -0.11790559
v -0.15710799 -0.00949107 -0.11091696
v -0.15913653 -0.02122864 -0.10350781
v -0.15718385 -0.01492988 -0.09423624
v -0.15531352 -0.00336824 -0.1278758
v -0.15783169 -0.01566271 -0.12055306
v -0.16027662 -0.02739157 -0.11290877
v -0.1627679 -0.03871711 -0.1046656
v -0.16123957 -0.03244425 -0.09553765
v -0.15841373 -0.02179686 -0.13015446
v -0.16125901 -0.03337342 -0.12245547
v -0.16388621 -0.0447177 -0.11397427
v -0.16619516 -0.05625837 -0.10488294
v -0.16510051 -0.05010082 -0.09575454
v -0.16207838 -0.03937706 -0.13196951
v -0.1647346 -0.05061621 -0.12343539
v -0.1668055 -0.0620882 -0.11429164
v -0.16760189 -0.07414428 -0.10426277
v -0.1670898 -0.0686151 -0.09478466
v -0.16529014 -0.05656648 -0.13295741
v -0.16709633 -0.06778235 -0.12390635
v -0.16767863 -0.07944135 -0.11419603
v -0.16629679 -0.09170068 -0.10350764
v -0.16595371 -0.08691106 -0.09300477
v -0.16707244 -0.07347657 -0.13344945
v -0.16740146 -0.08469679 -0.1240089
v -0.16612707 -0.09633531 -0.11390887
v -0.1625369 -0.10814282 -0.10352201
v -0.16210372 -0.10404438 -0.09240935
v -0.16676856 -0.08983507 -0.13305142
v -0.1655004 -0.10081068 -0.12321818
v -0.1622634 -0.11200925 -0.11331416
v -0.15649989 -0.12302414 -0.10399397
v -0.15641234 -0.11952243 -0.09393617
v -0.1645085 -0.10505161 -0.13135464
v -0.16134502 -0.11553461 -0.12169707
v -0.15603561 -0.12609159 -0.11255468
v -0.14821398 -0.13626095 -0.10440563
v -0.14846861 -0.13342312 -0.09587662
v -0.16000059 -0.11891184 -0.12906976
v -0.1549723 -0.12882301 -0.12016924
v -0.15837742 -0.12216116 -0.13559462
v -0.1540074 -0.13143332 -0.12653416
v -0.15765854 -0.12604519 -0.14170736
v -0.15439271 -0.13482962 -0.13238696
v -0.16004425 -0.13057074 -0.14711432
v -0.15665924 -0.13878037 -0.13744501
v -0.16503606 -0.13445444 -0.15098312
v -0.1629039 -0.12191219 -0.15651302
v -0.16783319 -0.1258542 -0.16069018
v -0.17362333 -0.12959478 -0.16415637
v -0.16956743 -0.11758708 -0.17069831
v -0.17546619 -0.12152522 -0.17456108
v -0.1824314 -0.12651023 -0.17910163
v -0.1801317 -0.13409641 -0.16790989
v -0.18965087 -0.13255029 -0.18387866
v -0.18728306 -0.13976223 -0.17227077
v -0.19691585 -0.13971382 -0.18912793
v -0.19452896 -0.1466066 -0.17721179
v -0.20436881 -0.14745098 -0.19467622
v -0.20245939 -0.15388384 -0.18235099
v -0.21267123 -0.15528254 -0.2001498
v -0.21109744 -0.161455 -0.187489
v -0.20784267 -0.16814388 -0.17559191
v -0.21869802 -0.17016518 -0.19344665
v -0.2161504 -0.17646233 -0.18106284
v -0.21294789 -0.18266166 -0.16881923
v -0.22294384 -0.18585316 -0.18698121
v -0.22000037 -0.19202804 -0.1745276
v -0.21595679 -0.19828054 -0.16264022
v -0.22622233 -0.20184187 -0.18007662
v -0.22227323 -0.2081339 -0.1678197
v -0.21780616 -0.214317 -0.15614515
v -0.22770038 -0.21832886 -0.17277592
v -0.22296655 -0.22469602 -0.16075253
v -0.21808217 -0.23082101 -0.14915096
v -0.22685688 -0.23534046 -0.16511888
v -0.22127376 -0.2417199 -0.1533762
v -0.21564304 -0.24782674 -0.14159221
v -0.22257176 -0.25274989 -0.15749599
v -0.21597756 -0.25889843 -0.14543557
v -0.20929721 -0.26491764 -0.13382527
v -0.2142121 -0.2697173 -0.14921551
v -0.20638158 -0.27579471 -0.13774466
v -0.21061274 -0.27880647 -0.15402805
v -0.20198598 -0.28472024 -0.14286266
v -0.20719072 -0.28489804 -0.15927238
v -0.19845491 -0.29039391 -0.14794853
v -0.20498871 -0.29054164 -0.16489855
v -0.19607774 -0.29584142 -0.15339076
v -0.18668161 -0.30099496 -0.1430222
v -0.17699727 -0.305271 -0.13437789
v -0.19608803 -0.30227652 -0.1569677
v -0.18647024 -0.30708292 -0.14647232
v -0.17691105 -0.31143596 -0.13777829
v -0.16953001 -0.31506651 -0.12948268
v -0.17019316 -0.30964338 -0.12734015
v -0.18807867 -0.31354612 -0.14783579
v -0.17854459 -0.31793645 -0.13842414
v -0.1703487 -0.32116746 -0.12947098
v -0.16142272 -0.32238683 -0.12255522
v -0.1612432 -0.31664574 -0.12433799
v -0.18166697 -0.32409244 -0.13661386
v -0.17231352 -0.32691916 -0.12697473
v -0.16232051 -0.32794207 -0.11915829
v -0.17455257 -0.33312508 -0.12367569
v -0.16357842 -0.33411869 -0.11493586
v -0.18491414 -0.33023917 -0.13433408
v -0.18850131 -0.33697122 -0.13183748
v -0.19477692 -0.32631802 -0.14554004
v -0.19894269 -0.33331611 -0.14352299
v -0.20356167 -0.3410182 -0.14127731
v -0.19306637 -0.3448466 -0.12929302
v -0.20865543 -0.34931191 -0.13900816
v -0.1986621 -0.35342437 -0.12732507
v -0.21362197 -0.35751211 -0.13677404
v -0.20431353 -0.36157757 -0.12597546
v -0.19551597 -0.36692875 -0.11504543
v -0.18768306 -0.37371397 -0.1053182
v -0.21085298 -0.36865934 -0.12323515
v -0.2027373 -0.37343949 -0.11322461
v -0.19559837 -0.37951594 -0.10407277
v -0.18907666 -0.38605442 -0.09603273
v -0.18143247 -0.38194721 -0.09771452
v -0.21094983 -0.37579321 -0.10750983
v -0.20351377 -0.38123273 -0.0988385
v -0.1966221 -0.3884038 -0.0916874
v -0.21190376 -0.3820244 -0.09172215
v -0.20443773 -0.389483 -0.08490631
v -0.19762596 -0.39866754 -0.08000753
v -0.19050362 -0.39730289 -0.08656126
v -0.18398366 -0.39570993 -0.09200571
v -0.18523959 -0.40783938 -0.08307641
v -0.17937897 -0.40641412 -0.08830536
v -0.17250478 -0.40386676 -0.09053591
v -0.17626103 -0.39237839 -0.09352785
v -0.16530577 -0.40077051 -0.08908958
v -0.16885839 -0.38822838 -0.09120883
v -0.1580308 -0.39795967 -0.08634406
v -0.16042886 -0.38392624 -0.08819732
v -0.14987079 -0.39544162 -0.08360015
v -0.15154898 -0.38055306 -0.08536422
v -0.13989391 -0.3933992 -0.08050933
v -0.14122806 -0.37826088 -0.08241719
v -0.14266769 -0.3634395 -0.08665558
v -0.14338704 -0.35028344 -0.09288487
v -0.14876632 -0.41005528 -0.08375833
v -0.1390184 -0.40836861 -0.0805909
v -0.14740672 -0.42424306 -0.08550702
v -0.13848616 -0.42313408 -0.08245584
v -0.1462688 -0.43817937 -0.08866025
v -0.13833084 -0.4378204 -0.08595158
v -0.14606814 -0.45192825 -0.09344109
v -0.13868668 -0.452192 -0.09111329
v -0.14727266 -0.46530666 -0.10003189
v -0.13999015 -0.46610736 -0.09794028
v -0.1495542 -0.47827008 -0.10820732
v -0.14209902 -0.47959595 -0.10637244
v -0.15252044 -0.49104946 -0.11796002
v -0.14464789 -0.49269649 -0.11638861
v -0.15587793 -0.50353121 -0.12961687
v -0.14737674 -0.50535744 -0.12840326
v -0.1601483 -0.48952111 -0.11849813
v -0.16382238 -0.5016061 -0.12919326
v -0.16617623 -0.49090316 -0.11471691
v -0.17063738 -0.50361794 -0.12377267
v -0.17751333 -0.5154671 -0.13361743
v -0.17639252 -0.5054025 -0.11708745
v -0.18353824 -0.51672029 -0.12549929
v -0.19294324 -0.52578473 -0.13330614
v -0.18681666 -0.52553558 -0.1431749
v -0.20388308 -0.53192925 -0.13979713
v -0.19838686 -0.53257954 -0.15148049
v -0.21548675 -0.53517979 -0.14482428
v -0.21101069 -0.53608381 -0.15733203
v -0.20653116 -0.53652107 -0.16922609
v -0.22369489 -0.53752762 -0.16133676
v -0.21999451 -0.53816807 -0.17351244
v -0.2162503 -0.53886532 -0.18531937
v -0.2016391 -0.53818923 -0.18104884
v -0.21278286 -0.54555249 -0.1953409
v -0.19771595 -0.54452645 -0.19039668
v -0.20954248 -0.55176806 -0.20570442
v -0.19439105 -0.55060952 -0.20042263
v -0.1789442 -0.54862469 -0.19363018
v -0.19175174 -0.55573713 -0.21185794
v -0.17676886 -0.55418151 -0.20567496
v -0.16211974 -0.55264759 -0.1994491
v -0.16362462 -0.54642385 -0.18630492
v -0.14910833 -0.55148357 -0.19423493
v -0.15126326 -0.54507488 -0.18104969
v -0.16076739 -0.55767524 -0.21307919
v -0.14747349 -0.55663001 -0.20800332
v -0.15940696 -0.56180101 -0.2268646
v -0.14595519 -0.56077206 -0.22194896
v -0.15805447 -0.56514847 -0.24067871
v -0.14447651 -0.56408953 -0.23586803
v -0.15673737 -0.56790834 -0.25449839
v -0.14309088 -0.56677049 -0.24970927
v -0.15552346 -0.57017892 -0.26835095
v -0.14184463 -0.56895864 -0.26361253
v -0.15443266 -0.57199794 -0.28224444
v -0.14074088 -0.57074332 -0.2775996
v -0.15348881 -0.57338744 -0.29614231
v -0.13974446 -0.57211059 -0.29155334
v -0.15267801 -0.57425022 -0.30988809
v -0.13879431 -0.57300788 -0.30533245
v -0.15189498 -0.57461357 -0.32338959
v -0.16688592 -0.57546579 -0.31440225
v -0.16619052 -0.57576024 -0.32800036
v -0.16536831 -0.57582473 -0.34137421
v -0.1806101 -0.57668495 -0.33242419
v -0.17988459 -0.5767647 -0.34593969
v -0.17889042 -0.57663983 -0.35922929
v -0.19452482 -0.57739287 -0.35019153
v -0.19352601 -0.57729119 -0.36369788
v -0.19210456 -0.57707077 -0.37697011
v -0.20826117 -0.57733625 -0.36804997
v -0.20675182 -0.57708245 -0.38164952
v -0.20469588 -0.57657188 -0.39506071
v -0.22136208 -0.57588213 -0.38627067
v -0.2190966 -0.57536184 -0.40001118
v -0.21618895 -0.57452458 -0.41368839
v -0.23323966 -0.57223594 -0.40501257
v -0.22997123 -0.57145893 -0.41900995
v -0.22605066 -0.57035219 -0.4329169
v -0.24302102 -0.56563043 -0.4242956
v -0.23870627 -0.56448143 -0.43840548
v -0.23374386 -0.56326264 -0.45237687
v -0.24980258 -0.55535614 -0.44352367
v -0.24428889 -0.55394184 -0.45757284
v -0.2378833 -0.55230635 -0.47147139
v -0.25292286 -0.54215365 -0.46220949
v -0.24615876 -0.54038709 -0.47603383
v -0.23873461 -0.53849279 -0.48967909
v -0.25313589 -0.52720373 -0.48024436
v -0.24533774 -0.52537357 -0.4938825
v -0.23685592 -0.52359741 -0.50745183
v -0.25096085 -0.51130151 -0.49779143
v -0.24219955 -0.50962257 -0.51131701
v -0.23276194 -0.50807339 -0.52469748
v -0.22770279 -0.52187663 -0.5208435
v -0.22261121 -0.50671124 -0.53788691
v -0.21778515 -0.52032548 -0.53397858
v -0.21181726 -0.505517 -0.55083394
v -0.20717427 -0.51899075 -0.54684603
v -0.20038159 -0.50449502 -0.5634492
v -0.19586287 -0.51787942 -0.55934345
v -0.18833912 -0.50367313 -0.57566177
v -0.18389956 -0.51698219 -0.57141977
v -0.17569237 -0.50298398 -0.58742696
v -0.17131009 -0.51623517 -0.58302062
v -0.16242921 -0.50228822 -0.59866392
v -0.15815804 -0.51554572 -0.59412872
v -0.14861172 -0.50151783 -0.60932809
v -0.14440752 -0.51478219 -0.60453176
v -0.13423475 -0.50063502 -0.61932802
v -0.13013882 -0.5139594 -0.61422538
v -0.15207201 -0.48751747 -0.61310046
v -0.13767941 -0.48662212 -0.62323594
v -0.15467639 -0.47286203 -0.61614167
v -0.14034877 -0.47201529 -0.62627899
v -0.15631851 -0.45751839 -0.61873322
v -0.14212811 -0.45679575 -0.62876731
v -0.15697163 -0.44149065 -0.62101352
v -0.14291617 -0.44084566 -0.63088631
v -0.15660539 -0.42494896 -0.62301766
v -0.14262476 -0.42439755 -0.63267469
v -0.15539321 -0.40803429 -0.62461906
v -0.14140854 -0.4074994 -0.63408052
v -0.15369305 -0.39102432 -0.62543475
v -0.1395767 -0.39041233 -0.63469845
v -0.15190537 -0.37421158 -0.62509852
v -0.13769766 -0.37338924 -0.63424778
v -0.15032233 -0.35767093 -0.62340921
v -0.13608363 -0.35654291 -0.63249611
v -0.14913675 -0.34141024 -0.62033075
v -0.1348133 -0.33993312 -0.62944716
v -0.14812921 -0.32550334 -0.61600369
v -0.13378688 -0.32376328 -0.62537574
v -0.14688396 -0.30996704 -0.61086022
v -0.13256596 -0.30812028 -0.62068975
v -0.14506374 -0.29470571 -0.60568928
v -0.13071899 -0.29301348 -0.61614233
v -0.1424857 -0.28009367 -0.60083562
v -0.12821973 -0.27833512 -0.61178785
v -0.1396944 -0.26591575 -0.59596848
v -0.12551482 -0.26375785 -0.60714107
v -0.13693149 -0.25214162 -0.59071224
v -0.12289051 -0.24936547 -0.60204279
v -0.13430677 -0.23875328 -0.58483046
v -0.12042241 -0.23514874 -0.59632122
v -0.13174343 -0.22568707 -0.57847368
v -0.11813663 -0.22134885 -0.5900228
v -0.12930959 -0.21279773 -0.57155168
v -0.11596041 -0.20769129 -0.583027
v -0.12720526 -0.20022428 -0.56408101
v -0.11403846 -0.19429123 -0.57540786
v -0.12529939 -0.1881209 -0.55611622
v -0.11229931 -0.18132478 -0.56703525
v -0.1234777 -0.17626769 -0.54754215
v -0.11075457 -0.16870163 -0.55789589
v -0.12187156 -0.16471536 -0.53828507
v -0.10939882 -0.15644989 -0.54775691
v -0.12055342 -0.15345542 -0.52824294
v -0.1083517 -0.14462652 -0.53671377
v -0.11960442 -0.14245335 -0.51745802
v -0.10761421 -0.13328722 -0.5249238
v -0.11901599 -0.13173021 -0.505997
v -0.10715223 -0.12251153 -0.51252013
v -0.11879793 -0.12133599 -0.49384221
v -0.10692946 -0.11227829 -0.49962779
v -0.11875546 -0.11138322 -0.48120778
v -0.10681715 -0.10273699 -0.48638877
v -0.11870285 -0.10191953 -0.46819287
v -0.10671639 -0.09368126 -0.47300076
v -0.118436 -0.09294227 -0.45505097
v -0.10636183 -0.0851855 -0.45957788
v -0.11765053 -0.0843826 -0.44194239
v -0.10559157 -0.07707028 -0.44635564
v -0.11612182 -0.07617567 -0.42896497
v -0.10429463 -0.06921295 -0.43333262
v -0.11392927 -0.06800765 -0.41616162
v -0.10243015 -0.06148652 -0.42051395
v -0.11108919 -0.06001091 -0.40339416
v -0.09999644 -0.0538218 -0.40776848
v -0.1078951 -0.05206732 -0.39070653
v -0.09719874 -0.04627039 -0.39501711
v -0.10447235 -0.04430531 -0.37796977
v -0.09418483 -0.03881922 -0.38217276
v -0.10111351 -0.0368029 -0.36522266
v -0.09111543 -0.03155223 -0.36925265
v -0.09774982 -0.0295056 -0.35235574
v -0.08804371 -0.02455427 -0.35618549
v -0.09432105 -0.02245763 -0.33937597
v -0.08495228 -0.01767272 -0.34306365
v -0.09086999 -0.01566403 -0.32632696
v -0.08176045 -0.01109335 -0.32979086
v -0.08730296 -0.00912727 -0.31310376
v -0.07857307 -0.00476258 -0.31634178
v -0.08372221 -0.00288672 -0.2997435
v -0.07540308 0.00129995 -0.30271548
v -0.08018329 0.00292236 -0.28641325
v -0.07220228 0.00684157 -0.2891694
v -0.07853768 0.01132083 -0.27403411
v -0.07104998 0.01526829 -0.2766835
v -0.08121348 0.02419007 -0.26537558
v -0.07365741 0.02797541 -0.26769167
v -0.08434813 0.03684126 -0.25530019
v -0.07643052 0.04076559 -0.25745105
v -0.09191025 0.03219815 -0.25260523
v -0.09654108 0.04235483 -0.24184069
v -0.08863415 0.01986596 -0.26248496
v -0.09552145 0.01536589 -0.25917068
v -0.0987828 0.02721913 -0.24930483
v -0.08582256 0.00716071 -0.27119243
v -0.09285204 0.00313047 -0.26784935
v -0.09960287 -0.00112112 -0.26437851
v -0.10201189 0.01069065 -0.25551131
v -0.08783019 -0.00134266 -0.28331878
v -0.09510816 -0.005525 -0.27978745
v -0.10199483 -0.0099015 -0.27591675
v -0.10851794 -0.01434452 -0.27171629
v -0.10599406 -0.00554795 -0.26035618
v -0.09947197 -0.0118649 -0.29263782
v -0.10669995 -0.01644872 -0.28855392
v -0.11357364 -0.02110228 -0.28405678
v -0.1199704 -0.02569958 -0.27909591
v -0.11465627 -0.01884043 -0.26708048
v -0.11133696 -0.02354139 -0.30115342
v -0.11846949 -0.02838853 -0.29633966
v -0.12515045 -0.03318312 -0.29102918
v -0.13140979 -0.03784673 -0.28514275
v -0.12596893 -0.03022829 -0.27361059
v -0.12312305 -0.03613749 -0.3085379
v -0.13002423 -0.04117969 -0.30282712
v -0.13652476 -0.04593613 -0.29650405
v -0.14263062 -0.05057466 -0.28950753
v -0.13725632 -0.0423978 -0.27863428
v -0.13462191 -0.04948127 -0.31448954
v -0.14138551 -0.05442664 -0.30777469
v -0.14773699 -0.05904528 -0.30030947
v -0.15373601 -0.063529 -0.2921431
v -0.14833867 -0.05507418 -0.28183984
v -0.14612022 -0.06292221 -0.31894949
v -0.15279676 -0.06765769 -0.31109285
v -0.15908254 -0.07208664 -0.30241864
v -0.16494976 -0.07642568 -0.29316651
v -0.15924812 -0.06796657 -0.28329551
v -0.15771313 -0.07617745 -0.32172834
v -0.16433772 -0.08064257 -0.31265759
v -0.17056594 -0.08491053 -0.30288031
v -0.17622865 -0.08923203 -0.29248502
v -0.17022629 -0.08087636 -0.2832494
v -0.16943763 -0.08914718 -0.32293596
v -0.17602489 -0.09337342 -0.3126845
v -0.18208476 -0.0975865 -0.30171778
v -0.18739615 -0.10203993 -0.29023093
v -0.18120899 -0.09375718 -0.28154432
v -0.18122628 -0.101805 -0.32251063
v -0.18767678 -0.10596315 -0.31098732
v -0.19332559 -0.11035662 -0.29893997
v -0.19815108 -0.11508797 -0.28654247
v -0.19193108 -0.10680615 -0.27841034
v -0.19285579 -0.11446654 -0.3203246
v -0.19883839 -0.11885663 -0.30769717
v -0.20395149 -0.12356744 -0.29476118
v -0.2083242 -0.12864103 -0.28185173
v -0.20223888 -0.12016572 -0.27405613
v -0.20384304 -0.12758855 -0.31639176
v -0.209267 -0.13231849 -0.30297806
v -0.21384106 -0.13744902 -0.28972965
v -0.21780492 -0.14288665 -0.27679488
v -0.21203486 -0.13402557 -0.26920041
v -0.2139694 -0.14139564 -0.31107306
v -0.21879304 -0.14655369 -0.29752424
v -0.2228911 -0.15209417 -0.2843582
v -0.22643013 -0.15783575 -0.27143725
v -0.22114373 -0.14856851 -0.26410043
v -0.22310401 -0.15597815 -0.3051472
v -0.22739528 -0.16159158 -0.29180711
v -0.23100474 -0.167443 -0.27862733
v -0.23387937 -0.17345158 -0.26533013
v -0.22912944 -0.16383521 -0.25843817
v -0.2312763 -0.17133718 -0.29912215
v -0.23501974 -0.17724049 -0.28567293
v -0.23792175 -0.18328496 -0.27204072
v -0.2397059 -0.18961498 -0.2582466
v -0.23537595 -0.17986589 -0.25178048
v -0.23845616 -0.18719348 -0.29264116
v -0.24144485 -0.19325603 -0.27877399
v -0.24355401 -0.19945865 -0.26489263
v -0.24353353 -0.20623529 -0.25125119
v -0.24109198 -0.19603504 -0.24462901
v -0.24447259 -0.20335312 -0.28552365
v -0.24664889 -0.20954355 -0.27153784
v -0.24753515 -0.2160571 -0.25764173
v -0.24766854 -0.22274194 -0.24372743
v -0.24415934 -0.21287575 -0.23759143
v -0.24915665 -0.21977216 -0.2780804
v -0.25027245 -0.22611701 -0.2639575
v -0.25014615 -0.23264099 -0.24968196
v -0.24843522 -0.23937106 -0.23526005
v -0.24583266 -0.22964544 -0.2297988
v -0.25214645 -0.23639433 -0.27008423
v -0.25188356 -0.24278062 -0.25550499
v -0.25008443 -0.24921874 -0.24079112
v -0.24619554 -0.25536996 -0.22607
v -0.24472275 -0.2458518 -0.22087928
v -0.25269898 -0.25303283 -0.26125651
v -0.25065207 -0.25927665 -0.2464033
v -0.24663221 -0.26505842 -0.23140505
v -0.24034193 -0.27016255 -0.21677985
v -0.24009035 -0.26095774 -0.21165595
v -0.25063538 -0.26923248 -0.25155025
v -0.24641552 -0.27486732 -0.23647238
v -0.24006868 -0.27960008 -0.22171175
v -0.2324832 -0.28361123 -0.2075373
v -0.23242515 -0.2746208 -0.20286814
v -0.24729962 -0.28505638 -0.24072924
v -0.24120017 -0.28974965 -0.22536647
v -0.23353122 -0.29339897 -0.21061039
v -0.22536316 -0.29634597 -0.19651833
v -0.22386537 -0.28764644 -0.19421087
v -0.24511241 -0.29973837 -0.22733864
v -0.23753446 -0.30302873 -0.2114274
v -0.22911097 -0.30539044 -0.19665014
v -0.21999913 -0.30802732 -0.18320933
v -0.21661797 -0.29995843 -0.18297562
v -0.24347317 -0.3122774 -0.21071323
v -0.23424348 -0.31422406 -0.19541788
v -0.22464144 -0.31620383 -0.18193322
v -0.21483996 -0.31894174 -0.16934487
v -0.2105655 -0.31157594 -0.17051245
v -0.23952236 -0.32324481 -0.19298204
v -0.22960655 -0.32471099 -0.17950166
v -0.21958026 -0.32684901 -0.16719576
v -0.20934836 -0.32982084 -0.15525771
v -0.2048925 -0.32243418 -0.15718619
v -0.23436155 -0.33360385 -0.17639952
v -0.22440238 -0.33525741 -0.16444914
v -0.21405811 -0.33780247 -0.15290826
v -0.22902597 -0.34406819 -0.16119669
v -0.2188581 -0.34619784 -0.15018965
v -0.23312516 -0.35255992 -0.15773509
v -0.22341938 -0.35444226 -0.14717625
v -0.23757386 -0.3606188 -0.15332904
v -0.2286449 -0.36188116 -0.14297395
v -0.21942395 -0.36520466 -0.13344456
v -0.23551142 -0.36669877 -0.13658569
v -0.22701981 -0.36888468 -0.12683096
v -0.21877437 -0.37186521 -0.11710891
v -0.23565648 -0.37073156 -0.1191238
v -0.22751222 -0.37347868 -0.10964209
v -0.21964798 -0.37702241 -0.10036638
v -0.23728089 -0.37666958 -0.10236334
v -0.22921866 -0.38000896 -0.09332113
v -0.22112906 -0.38457205 -0.08478654
v -0.21307113 -0.39148363 -0.07799556
v -0.2392746 -0.38479897 -0.08680865
v -0.23104937 -0.38929814 -0.07873141
v -0.22283095 -0.39554327 -0.07200927
v -0.24106468 -0.39564627 -0.07359398
v -0.23285263 -0.40129122 -0.06739424
v -0.22478391 -0.4087772 -0.06280408
v -0.21494004 -0.40421423 -0.06760945
v -0.20573103 -0.40087994 -0.07364556
v -0.20786821 -0.41418254 -0.06470672
v -0.19909638 -0.41130629 -0.0706143
v -0.19145003 -0.40919977 -0.07690623
v -0.1935815 -0.42266479 -0.06889367
v -0.18623326 -0.42061722 -0.07482208
v -0.18059998 -0.4192045 -0.08068579
v -0.18266511 -0.43304309 -0.07441745
v -0.1773387 -0.43152958 -0.08003332
v -0.17257495 -0.43007716 -0.08509596
v -0.17566867 -0.41793298 -0.0862195
v -0.16724738 -0.42851188 -0.08920589
v -0.16950465 -0.41600868 -0.08975931
v -0.16050557 -0.42674472 -0.08991444
v -0.16256304 -0.41367718 -0.08882346
v -0.15398725 -0.42529594 -0.08790283
v -0.15583773 -0.41168209 -0.0863459
v -0.15953034 -0.43963247 -0.09168706
v -0.15291188 -0.43871733 -0.09074462
v -0.15949742 -0.452234 -0.09590524
v -0.15286061 -0.45173975 -0.09553777
v -0.16059111 -0.46486541 -0.10101077
v -0.1541973 -0.4644742 -0.10179396
v -0.16278669 -0.47791549 -0.10729174
v -0.15675848 -0.4770292 -0.10946922
v -0.16547088 -0.46697345 -0.09678667
v -0.16758959 -0.48015505 -0.10246258
v -0.17119759 -0.49314129 -0.10925151
v -0.17215128 -0.48211178 -0.09703716
v -0.17611043 -0.49490213 -0.10312469
v -0.18192748 -0.50664508 -0.11001264
v -0.18164227 -0.49600562 -0.09617924
v -0.18815931 -0.50697505 -0.10132993
v -0.19598497 -0.51608091 -0.10638364
v -0.18957841 -0.51678037 -0.11646843
v -0.20480103 -0.52327364 -0.11115678
v -0.19869917 -0.52505391 -0.12253493
v -0.2142878 -0.52813065 -0.11557638
v -0.20897688 -0.53053373 -0.12788249
v -0.22404629 -0.53091836 -0.11921465
v -0.21974588 -0.53351366 -0.13209818
v -0.23387382 -0.53164726 -0.12196485
v -0.2305358 -0.53445214 -0.13526164
v -0.22717084 -0.53626495 -0.1484799
v -0.24101734 -0.53394872 -0.13737621
v -0.23857826 -0.53612893 -0.15094189
v -0.23603902 -0.53782171 -0.16415594
v -0.24960142 -0.53496164 -0.1523635
v -0.24792495 -0.53701311 -0.16602577
v -0.24567382 -0.53865987 -0.17906172
v -0.23313057 -0.53905588 -0.17670509
v -0.24285827 -0.53983765 -0.19157308
v -0.22991173 -0.53932553 -0.18892817
v -0.23987025 -0.54321241 -0.20315334
v -0.22673375 -0.54537212 -0.19918
v -0.23791867 -0.55040079 -0.21313625
v -0.22388014 -0.55194425 -0.20964968
v -0.23568227 -0.5561009 -0.22443655
v -0.22137633 -0.55718839 -0.22096924
v -0.2067451 -0.55688148 -0.2169528
v -0.21911296 -0.56175452 -0.23301599
v -0.20450456 -0.56134533 -0.22897449
v -0.18966645 -0.56027525 -0.22419185
v -0.20256592 -0.56527382 -0.24171419
v -0.18792597 -0.56425064 -0.23711592
v -0.17344673 -0.56301087 -0.23203414
v -0.17494544 -0.55895298 -0.21864225
v -0.1863638 -0.56758183 -0.2504495
v -0.17202802 -0.56637585 -0.24561527
v -0.1849756 -0.57038134 -0.26395699
v -0.17068281 -0.56914711 -0.25931468
v -0.18377439 -0.57273143 -0.27756696
v -0.16947495 -0.57146436 -0.27307048
v -0.18276451 -0.57457053 -0.29123511
v -0.16842733 -0.57335418 -0.28684788
v -0.18195074 -0.57583636 -0.30497676
v -0.16759219 -0.57473832 -0.30064436
v -0.18126176 -0.57639759 -0.31874394
v -0.19654163 -0.57638716 -0.30911234
v -0.19584994 -0.57694536 -0.32287317
v -0.1952469 -0.57726329 -0.33657956
v -0.21072447 -0.57679826 -0.32687968
v -0.21011509 -0.57716447 -0.34062075
v -0.20933798 -0.57735121 -0.35435244
v -0.22510692 -0.57592093 -0.34467878
v -0.22425513 -0.57614928 -0.35854297
v -0.22302572 -0.57613772 -0.37240999
v -0.23903945 -0.57316017 -0.36281022
v -0.23769407 -0.57316017 -0.37686935
v -0.23580716 -0.57280707 -0.39095667
v -0.25164303 -0.56758236 -0.38146084
v -0.24955955 -0.56731444 -0.39579272
v -0.24663911 -0.56667643 -0.41011115
v -0.26187074 -0.55890697 -0.40057769
v -0.25858664 -0.55794256 -0.41501969
v -0.25455224 -0.55668473 -0.42932713
v -0.26879218 -0.5468899 -0.41967061
v -0.26427805 -0.5454036 -0.43404039
v -0.25900855 -0.54383891 -0.44822445
v -0.27240952 -0.53252875 -0.43840685
v -0.26670461 -0.53076392 -0.45258855
v -0.26023611 -0.52899259 -0.46650108
v -0.2732734 -0.51668459 -0.45652154
v -0.26652425 -0.51479417 -0.47045141
v -0.25908258 -0.51300567 -0.48416331
v -0.27184471 -0.49996331 -0.47389096
v -0.26411154 -0.49811771 -0.48772075
v -0.2556681 -0.49640452 -0.50136292
v -0.26834815 -0.48283004 -0.49067774
v -0.25957629 -0.48111927 -0.50450199
v -0.25012567 -0.4796051 -0.51814854
v -0.24659094 -0.49487751 -0.51490247
v -0.24008417 -0.47829255 -0.53161585
v -0.23684777 -0.49350291 -0.52829855
v -0.22945259 -0.47715154 -0.54482758
v -0.22648188 -0.49228468 -0.54150104
v -0.21829757 -0.47617149 -0.5577467
v -0.21551765 -0.49120721 -0.55443286
v -0.20661112 -0.47536239 -0.57031983
v -0.20396424 -0.4902895 -0.5670405
v -0.19439426 -0.4746893 -0.58248895
v -0.19182615 -0.48953932 -0.57925999
v -0.18167141 -0.47411942 -0.59420877
v -0.17914027 -0.48891171 -0.59104996
v -0.16842138 -0.47354573 -0.60540872
v -0.16587168 -0.48826327 -0.602319
v -0.18323306 -0.45862287 -0.59706902
v -0.1700261 -0.45811685 -0.60817289
v -0.18383058 -0.44255486 -0.59971129
v -0.1705982 -0.44205755 -0.61064493
v -0.18357132 -0.42613136 -0.6020475
v -0.17024104 -0.42552349 -0.61286616
v -0.18268646 -0.40956345 -0.60383307
v -0.16913157 -0.40873125 -0.61460435
v -0.18151956 -0.39315557 -0.60477668
v -0.16762159 -0.39196145 -0.61550474
v -0.18030053 -0.3770883 -0.60456758
v -0.16606904 -0.37549108 -0.61525046
v -0.17907489 -0.36155051 -0.60303831
v -0.1646405 -0.35940334 -0.61368376
v -0.17792154 -0.34632936 -0.60006177
v -0.16342255 -0.34364682 -0.61059939
v -0.17676957 -0.33144736 -0.59582448
v -0.16232696 -0.3281531 -0.60627841
v -0.17547087 -0.31683361 -0.59059184
v -0.1610123 -0.3129225 -0.60101944
v -0.17389224 -0.30265498 -0.58469581
v -0.15924547 -0.29795435 -0.59534061
v -0.17195577 -0.28915655 -0.57865482
v -0.15690656 -0.28367254 -0.58988648
v -0.1696797 -0.27649042 -0.57269501
v -0.15425767 -0.27013999 -0.58454358
v -0.1671094 -0.26453056 -0.56675058
v -0.1514879 -0.25721037 -0.57897836
v -0.16433647 -0.25305929 -0.56083846
v -0.1487416 -0.2447735 -0.57308381
v -0.16135883 -0.24166391 -0.55464589
v -0.14595934 -0.2324676 -0.5666989
v -0.15839262 -0.23029954 -0.54821682
v -0.14329487 -0.2203907 -0.55995029
v -0.15553627 -0.21889932 -0.5413866
v -0.14093214 -0.20859056 -0.55267071
v -0.15287798 -0.2073251 -0.53395462
v -0.13874822 -0.19689942 -0.54491263
v -0.15048471 -0.19587214 -0.52609467
v -0.13673849 -0.18543903 -0.53675848
v -0.14820917 -0.18456485 -0.51793593
v -0.13490292 -0.17425672 -0.52817851
v -0.14606274 -0.173194 -0.50922286
v -0.13327831 -0.16318799 -0.51896715
v -0.14413176 -0.16205656 -0.50009083
v -0.13186703 -0.15228158 -0.50915265
v -0.14259278 -0.15104481 -0.49034744
v -0.13084398 -0.14150166 -0.49862071
v -0.14163035 -0.14011317 -0.47984403
v -0.13033324 -0.13086575 -0.48730155
v -0.14132092 -0.12944497 -0.46846279
v -0.13021542 -0.12047562 -0.47531324
v -0.14110136 -0.11910184 -0.4565404
v -0.13018544 -0.11058785 -0.46277961
v -0.14072859 -0.1090418 -0.44411706
v -0.12993742 -0.10111416 -0.44994023
v -0.1396617 -0.0993516 -0.43134883
v -0.12903417 -0.09197078 -0.4369598
v -0.13752043 -0.09012102 -0.41839632
v -0.1272646 -0.08316287 -0.4240053
v -0.13453912 -0.08128157 -0.4055618
v -0.12463391 -0.07463417 -0.41116613
v -0.13096827 -0.07271561 -0.39285928
v -0.12140251 -0.06630761 -0.39845073
v -0.12712228 -0.06437137 -0.38036185
v -0.11781563 -0.05811112 -0.38579753
v -0.12325725 -0.05625142 -0.36800253
v -0.11417722 -0.05015343 -0.37324315
v -0.11940868 -0.04829204 -0.35567855
v -0.11054274 -0.04241953 -0.36069595
v -0.11558271 -0.0405341 -0.34330678
v -0.10690465 -0.03487258 -0.34804362
v -0.11176543 -0.03298724 -0.33082804
v -0.10327345 -0.02755467 -0.33531308
v -0.10785421 -0.02564517 -0.31826356
v -0.09955281 -0.02054019 -0.32247701
v -0.10376511 -0.01862661 -0.30552685
v -0.09574935 -0.01374436 -0.30950224
v -0.09180051 -0.00727454 -0.29637089
v -0.1157241 -0.03093555 -0.31362348
v -0.1198247 -0.03853248 -0.3259212
v -0.12743519 -0.04409495 -0.3204939
v -0.12377354 -0.04638894 -0.33807486
v -0.13155004 -0.05216903 -0.33231639
v -0.13901211 -0.05771912 -0.32600742
v -0.13568557 -0.06030116 -0.34412002
v -0.14331108 -0.06594532 -0.33744555
v -0.15066964 -0.07126586 -0.32999533
v -0.14754132 -0.07418266 -0.3489224
v -0.15505123 -0.0795258 -0.34107691
v -0.16239999 -0.08455595 -0.33242553
v -0.15935547 -0.08794159 -0.35243573
v -0.16685973 -0.09292842 -0.34329545
v -0.17421063 -0.09754652 -0.33328688
v -0.17115186 -0.10152596 -0.35425716
v -0.17872309 -0.10607809 -0.3436914
v -0.18604454 -0.11028435 -0.33236911
v -0.18290717 -0.11494349 -0.35406711
v -0.19046756 -0.11913396 -0.34220287
v -0.19753994 -0.12323524 -0.32956928
v -0.19438752 -0.12841156 -0.35177525
v -0.20176082 -0.13238318 -0.3386068
v -0.208339 -0.13664367 -0.32493156
v -0.20549456 -0.1419094 -0.34725552
v -0.21226564 -0.14605714 -0.33312687
v -0.21812753 -0.15075714 -0.31892523
v -0.21560756 -0.1558115 -0.34096014
v -0.22168113 -0.16042901 -0.32658773
v -0.22679723 -0.16569204 -0.31264627
v -0.22461047 -0.17042101 -0.33407861
v -0.22992792 -0.17561326 -0.32003742
v -0.2345103 -0.18128253 -0.30633804
v -0.23242938 -0.18578846 -0.32733711
v -0.237204 -0.19138085 -0.31346747
v -0.24131853 -0.1972821 -0.299571
v -0.23929645 -0.20165386 -0.32045206
v -0.24357463 -0.20748896 -0.30638289
v -0.24688273 -0.21357107 -0.29220607
v -0.2451917 -0.21781477 -0.31304431
v -0.24862824 -0.22387544 -0.29876393
v -0.25101259 -0.23008827 -0.28447389
v -0.24967521 -0.23424559 -0.30513271
v -0.25204187 -0.24043069 -0.29064708
v -0.2531507 -0.24672292 -0.2760376
v -0.25256142 -0.2507607 -0.29645299
v -0.25352487 -0.25697186 -0.28163087
v -0.2529093 -0.26318982 -0.26665511
v -0.25425007 -0.26721951 -0.28696098
v -0.2535679 -0.27341288 -0.27175006
v -0.25125104 -0.27946892 -0.25633281
v -0.25657439 -0.28324577 -0.27615121
v -0.25464084 -0.28939035 -0.26010435
v -0.25102299 -0.29500907 -0.24366672
v -0.2608197 -0.29808506 -0.26301387
v -0.25751885 -0.30422049 -0.24560895
v -0.25178906 -0.30917429 -0.22792792
v -0.26778838 -0.30562514 -0.26597172
v -0.26220256 -0.29183197 -0.2798585
v -0.2691845 -0.2991378 -0.28326916
v -0.27637913 -0.30628591 -0.28688123
v -0.27500429 -0.31293278 -0.26944932
v -0.28323856 -0.31358233 -0.29083299
v -0.28164997 -0.31991782 -0.27374538
v -0.28975269 -0.32138115 -0.29526114
v -0.28815829 -0.32727366 -0.27882519
v -0.2860001 -0.33370092 -0.26278418
v -0.28385481 -0.34113153 -0.24788463
v -0.29460272 -0.335332 -0.28460258
v -0.29271876 -0.34119957 -0.26963079
v -0.29080593 -0.34756708 -0.25594469
v -0.28949794 -0.3540799 -0.24470605
v -0.28284913 -0.34878364 -0.23647926
v -0.29935839 -0.3495427 -0.27681589
v -0.29767796 -0.35509553 -0.26392513
v -0.29625138 -0.36091187 -0.25265684
v -0.29501092 -0.3671619 -0.24234591
v -0.2887268 -0.361543 -0.23459152
v -0.30427664 -0.36378172 -0.27159079
v -0.30278968 -0.36889866 -0.26029732
v -0.30127832 -0.37435391 -0.24982608
v -0.30021148 -0.37986135 -0.24004767
v -0.29430946 -0.37349876 -0.23293247
v -0.30896732 -0.37809974 -0.26743167
v -0.30726048 -0.38288101 -0.25675866
v -0.30639138 -0.38747328 -0.24664926
v -0.30854398 -0.38972425 -0.23556363
v -0.31248337 -0.39259365 -0.26284864
v -0.31222328 -0.39613977 -0.2516554
v -0.31497174 -0.39736306 -0.24002803
v -0.3160234 -0.39789038 -0.22717829
v -0.31017738 -0.39029488 -0.22457133
v -0.31739994 -0.40530476 -0.25559809
v -0.3201642 -0.40620484 -0.24330353
v -0.32062056 -0.40606987 -0.22922383
v -0.3191604 -0.40428909 -0.21474103
v -0.31443518 -0.39606064 -0.21371226
v -0.32410582 -0.41560486 -0.24569137
v -0.32436448 -0.41519326 -0.23105861
v -0.32302922 -0.41349738 -0.21601072
v -0.32074505 -0.41105803 -0.2020165
v -0.31658795 -0.40169221 -0.20145066
v -0.32723847 -0.4250099 -0.23264983
v -0.3259567 -0.42330047 -0.21738936
v -0.32390612 -0.42100808 -0.2028612
v -0.32139891 -0.41847762 -0.18900464
v -0.31806975 -0.40838363 -0.18863001
v -0.3280738 -0.43359056 -0.21863643
v -0.32607233 -0.43140342 -0.2038231
v -0.32379266 -0.42896342 -0.18955785
v -0.32134208 -0.42643412 -0.17543418
v -0.31878459 -0.41586652 -0.17513273
v -0.32743218 -0.44211119 -0.20479315
v -0.32528099 -0.43969255 -0.19022031
v -0.32295981 -0.43719551 -0.17582684
v -0.32039815 -0.43482196 -0.16144584
v -0.31866639 -0.42402955 -0.16119709
v -0.32594025 -0.45056277 -0.19087195
v -0.32365328 -0.4480246 -0.17627236
v -0.32111388 -0.44562378 -0.16175359
v -0.31832295 -0.44350931 -0.14717736
v -0.31749752 -0.432729 -0.14695902
v -0.32348117 -0.4588662 -0.17670111
v -0.32085585 -0.45636466 -0.16210484
v -0.31794688 -0.45422238 -0.14752258
v -0.31494283 -0.4526731 -0.13293893
v -0.31513169 -0.4419651 -0.13254524
v -0.3198497 -0.46703869 -0.16246913
v -0.31679496 -0.4648005 -0.14793746
v -0.31386515 -0.46313887 -0.13334988
v -0.31098771 -0.46210482 -0.11860379
v -0.31167963 -0.45171693 -0.118252
v -0.31518083 -0.47520023 -0.14829345
v -0.31240835 -0.47343695 -0.1337018
v -0.30965188 -0.47224673 -0.11890287
v -0.30555999 -0.47123071 -0.1042445
v -0.30678957 -0.46132475 -0.10408032
v -0.3100062 -0.48347392 -0.13410265
v -0.30759203 -0.48216497 -0.11923544
v -0.3032481 -0.48070648 -0.10459071
v -0.29654976 -0.47903233 -0.09121556
v -0.29908531 -0.47011837 -0.09078086
v -0.30363062 -0.49141895 -0.11992759
v -0.29916572 -0.48980173 -0.10554877
v -0.29291775 -0.48819163 -0.09237028
v -0.29403176 -0.49837645 -0.10679511
v -0.28782552 -0.4970484 -0.09407406
v -0.28030031 -0.49603641 -0.08383251
v -0.27192828 -0.49559301 -0.07601846
v -0.28166267 -0.50496733 -0.09595983
v -0.27402529 -0.50440722 -0.08649687
v -0.26604604 -0.5041328 -0.07932755
v -0.25799915 -0.50363606 -0.07370365
v -0.26331779 -0.49535387 -0.06963934
v -0.26694822 -0.5110746 -0.08932938
v -0.25914728 -0.51082509 -0.0834662
v -0.25124988 -0.51034289 -0.07881617
v -0.24314823 -0.50923407 -0.07475443
v -0.24990084 -0.50260359 -0.06927938
v -0.25215414 -0.51652067 -0.08848794
v -0.24413873 -0.51626008 -0.08499117
v -0.23578563 -0.51497352 -0.08180213
v -0.22720424 -0.51208603 -0.07870128
v -0.23484446 -0.50675845 -0.07112275
v -0.23632943 -0.52181416 -0.09401212
v -0.22787071 -0.52020782 -0.09121613
v -0.21929656 -0.51676619 -0.08818189
v -0.21079522 -0.51151484 -0.08503671
v -0.21872372 -0.5076043 -0.07554272
v -0.22036664 -0.52474957 -0.10314112
v -0.21153922 -0.52053523 -0.09954585
v -0.20311103 -0.51431995 -0.0956807
v -0.1951908 -0.50619977 -0.09164929
v -0.20281592 -0.50419014 -0.08188472
v -0.19594942 -0.49507114 -0.07876931
v -0.20410297 -0.49299192 -0.06980684
v -0.21088688 -0.50117546 -0.07258703
v -0.18839314 -0.49613061 -0.08771798
v -0.18321025 -0.48449099 -0.08369639
v -0.19060681 -0.48443514 -0.0756615
v -0.17692694 -0.48365744 -0.09108544
v -0.1744838 -0.47070342 -0.08653493
v -0.1801657 -0.47198081 -0.08009887
v -0.16998234 -0.46899232 -0.0918858
v -0.1694867 -0.45579358 -0.08809626
v -0.17384141 -0.4574669 -0.08301498
v -0.16498096 -0.4539335 -0.09266869
v -0.16550679 -0.44110277 -0.08975811
v -0.17049017 -0.44279876 -0.08574069
v -0.17493167 -0.44436362 -0.08086423
v -0.18012194 -0.44596952 -0.07507924
v -0.17920534 -0.45903441 -0.07714735
v -0.18683038 -0.44745627 -0.06884141
v -0.18607005 -0.46022072 -0.070447
v -0.1873423 -0.4726344 -0.07275849
v -0.19461819 -0.46061378 -0.06362135
v -0.19590714 -0.47220706 -0.06525453
v -0.19905912 -0.48321929 -0.06739591
v -0.20532345 -0.47076574 -0.05847159
v -0.20812501 -0.48079621 -0.059881
v -0.21283468 -0.48973783 -0.06189617
v -0.21753095 -0.47766518 -0.05428369
v -0.22169505 -0.48559862 -0.05588971
v -0.22748261 -0.49205708 -0.05853055
v -0.21922445 -0.49707615 -0.06455713
v -0.23446089 -0.49708309 -0.06177909
v -0.22679148 -0.50279349 -0.06770043
v -0.24204362 -0.50060415 -0.06531982
v -0.24156963 -0.49017658 -0.05743411
v -0.24821637 -0.49307563 -0.06078244
v -0.25547167 -0.4946455 -0.06470892
v -0.25428527 -0.48703888 -0.05469503
v -0.26075729 -0.4875954 -0.05903644
v -0.26054522 -0.48447236 -0.04603835
v -0.26703512 -0.48410618 -0.05043445
v -0.26664701 -0.48266327 -0.03553207
v -0.27337604 -0.48138794 -0.03919938
v -0.27154606 -0.48006275 -0.02500949
v -0.27861332 -0.47838798 -0.02742312
v -0.28513321 -0.47475081 -0.03044108
v -0.28115338 -0.47642618 -0.01634053
v -0.2885243 -0.47224274 -0.01707511
v -0.29024916 -0.46940925 -0.0337951
v -0.29358971 -0.46273371 -0.03723089
v -0.29502701 -0.4552401 -0.04105615
v -0.29036912 -0.45755511 -0.05471212
v -0.29426187 -0.44741812 -0.04390509
v -0.28983652 -0.44984015 -0.05680612
v -0.28717014 -0.45128402 -0.06922823
v -0.28784334 -0.45892548 -0.06826961
v -0.29353025 -0.45101052 -0.0800846
v -0.29315912 -0.45989149 -0.07982371
v -0.30101716 -0.45089191 -0.09108979
v -0.30056023 -0.46066242 -0.0909416
v -0.30713 -0.45115938 -0.10388055
v -0.30040612 -0.44101616 -0.09078385
v -0.30656364 -0.44081252 -0.10366701
v -0.31135433 -0.44110322 -0.11790625
v -0.30495849 -0.43024435 -0.10337007
v -0.31002423 -0.43035239 -0.11756365
v -0.31404441 -0.43121135 -0.13226525
v -0.30755767 -0.41965109 -0.11731844
v -0.31187564 -0.42049497 -0.132107
v -0.31555599 -0.42195567 -0.14676238
v -0.30866152 -0.40981295 -0.13203272
v -0.31245937 -0.41130033 -0.14664199
v -0.31580135 -0.41339728 -0.1610355
v -0.30757042 -0.40113154 -0.1467406
v -0.31144651 -0.40317222 -0.16106134
v -0.31493565 -0.4057286 -0.17508432
v -0.30545419 -0.39381554 -0.16146107
v -0.30974018 -0.39643827 -0.17545352
v -0.3134703 -0.39909294 -0.18866258
v -0.30353248 -0.38822302 -0.17626003
v -0.30790573 -0.39075702 -0.18917711
v -0.3115713 -0.3933402 -0.20124387
v -0.30128786 -0.38367703 -0.18996201
v -0.30532646 -0.38621535 -0.20122039
v -0.30865043 -0.38864022 -0.21223014
v -0.29784992 -0.3796702 -0.20167598
v -0.29338011 -0.3775036 -0.19142293
v -0.2863973 -0.37363168 -0.19551648
v -0.29116615 -0.375734 -0.20484399
v -0.28006446 -0.36980518 -0.20218153
v -0.28562107 -0.37194883 -0.21066245
v -0.27706307 -0.36313739 -0.2094566
v -0.28289353 -0.36560359 -0.21819441
v -0.28855016 -0.36874017 -0.22560575
v -0.2826794 -0.35730022 -0.22659748
v -0.27630648 -0.35438397 -0.21759168
v -0.26880767 -0.35246276 -0.2062416
v -0.27038115 -0.36136293 -0.19890184
v -0.26254844 -0.36035892 -0.1873558
v -0.26019078 -0.35137617 -0.19290967
v -0.27368024 -0.3687503 -0.19227485
v -0.2671374 -0.36693355 -0.18090218
v -0.25994923 -0.36610367 -0.16916008
v -0.25476333 -0.35976687 -0.17534862
v -0.28057244 -0.37169918 -0.18477323
v -0.27409961 -0.37019953 -0.17379936
v -0.26720768 -0.36902427 -0.16234414
v -0.25978267 -0.36842069 -0.15091112
v -0.2520065 -0.36579126 -0.15785409
v -0.28239449 -0.37375932 -0.1679991
v -0.275646 -0.37244838 -0.1560567
v -0.26838985 -0.37191042 -0.14432287
v -0.2609488 -0.37193128 -0.13290573
v -0.25199973 -0.36832627 -0.13973441
v -0.28424367 -0.3774752 -0.15153928
v -0.27744042 -0.37682262 -0.13899238
v -0.27046406 -0.37700903 -0.12713414
v -0.26306679 -0.37790224 -0.11593783
v -0.25325471 -0.37270054 -0.12204606
v -0.28661364 -0.38316056 -0.13513428
v -0.28009361 -0.38335689 -0.12275726
v -0.27297574 -0.38426616 -0.11097333
v -0.26534086 -0.38594695 -0.10006661
v -0.25535798 -0.37940785 -0.10547486
v -0.28969058 -0.3907845 -0.11964836
v -0.28254652 -0.39159566 -0.10715587
v -0.27471101 -0.39344626 -0.09575395
v -0.2665947 -0.39606633 -0.08559978
v -0.25733152 -0.38829916 -0.09009463
v -0.29098647 -0.39984288 -0.10456019
v -0.28302469 -0.40182182 -0.09277694
v -0.27496135 -0.40443617 -0.08223167
v -0.26677134 -0.40808656 -0.07335001
v -0.2585555 -0.39931613 -0.0767078
v -0.29004201 -0.41080421 -0.09103294
v -0.28189277 -0.41337671 -0.08041036
v -0.29515376 -0.42064672 -0.0904985
v -0.28728944 -0.42258611 -0.07973594
v -0.29860007 -0.43087142 -0.09052866
v -0.29084479 -0.43237006 -0.07977654
v -0.2929086 -0.44184109 -0.07982762
v -0.28563851 -0.44294545 -0.06989719
v -0.2871468 -0.44207024 -0.05782653
v -0.29116785 -0.43988835 -0.04569944
v -0.29793807 -0.4433889 -0.03126099
v -0.29369244 -0.43636387 -0.03441515
v -0.28770113 -0.43088674 -0.03598659
v -0.29419863 -0.43199154 -0.02510563
v -0.28981477 -0.42682555 -0.02781704
v -0.28415101 -0.4231027 -0.02830492
v -0.28093594 -0.4266119 -0.03542294
v -0.27781632 -0.42151615 -0.02599555
v -0.27394413 -0.42499014 -0.03294727
v -0.2711941 -0.42129638 -0.02238432
v -0.26725673 -0.42521521 -0.0291641
v -0.26261809 -0.42706278 -0.03743509
v -0.26130539 -0.42732372 -0.02449438
v -0.25619444 -0.42991417 -0.03293028
v -0.25156131 -0.43187415 -0.04205135
v -0.25774952 -0.42850405 -0.04614371
v -0.24546185 -0.43115139 -0.04952452
v -0.25157561 -0.42664146 -0.05327419
v -0.23713599 -0.42710825 -0.05377972
v -0.24379603 -0.42088854 -0.05690365
v -0.25122439 -0.41586417 -0.06117422
v -0.23459368 -0.4142268 -0.05938753
v -0.24257238 -0.40796071 -0.0637438
v -0.25058037 -0.40325266 -0.06953692
v -0.2588754 -0.4118722 -0.06658901
v -0.24921953 -0.39151525 -0.08129002
v -0.24738517 -0.38163885 -0.09573242
v -0.24529099 -0.37424823 -0.11188608
v -0.24387827 -0.36908653 -0.12904906
v -0.24391071 -0.36588996 -0.14688278
v -0.24621811 -0.35997456 -0.16421786
v -0.24258486 -0.35149651 -0.16861146
v -0.25155994 -0.35116034 -0.18021294
v -0.23877857 -0.34289175 -0.17253543
v -0.24817124 -0.34227371 -0.18497799
v -0.25778842 -0.34206154 -0.1991797
v -0.24433957 -0.33262386 -0.18964876
v -0.22742795 -0.4220007 -0.05614221
v -0.21757254 -0.41786706 -0.05984212
v -0.22161644 -0.43088656 -0.05410472
v -0.21144239 -0.42780625 -0.05788945
v -0.2019822 -0.4250397 -0.06302867
v -0.20722289 -0.43844708 -0.05703992
v -0.19757513 -0.43670159 -0.06237828
v -0.18943969 -0.43482762 -0.06834207
v -0.19521208 -0.44859153 -0.06276503
v -0.20474554 -0.44923359 -0.05684084
v -0.20414027 -0.4602794 -0.0574851
v -0.21504743 -0.44984954 -0.05240479
v -0.21428999 -0.45935079 -0.05259803
v -0.21525594 -0.4687629 -0.05319589
v -0.22494371 -0.45854952 -0.04941386
v -0.22569184 -0.46640092 -0.049964
v -0.22772707 -0.47380819 -0.05071246
v -0.2345352 -0.46472916 -0.04443358
v -0.23611669 -0.47107142 -0.04513106
v -0.23938651 -0.47620064 -0.04689899
v -0.23105001 -0.48017635 -0.05241628
v -0.24348303 -0.48069778 -0.04910393
v -0.23569944 -0.48583135 -0.05456295
v -0.24842029 -0.48459711 -0.05143918
v -0.24917148 -0.479772 -0.04001751
v -0.25449201 -0.48286369 -0.04267077
v -0.25440096 -0.4794383 -0.02996437
v -0.26015237 -0.48192971 -0.03247647
v -0.25943309 -0.47797125 -0.02049408
v -0.26496172 -0.47991776 -0.0226316
v -0.26266285 -0.47851073 -0.01278703
v -0.26811659 -0.47930032 -0.01436638
v -0.27437654 -0.47865182 -0.0155343
v -0.27042084 -0.4816223 -0.00645714
v -0.27621626 -0.47945061 -0.00645975
v -0.28231674 -0.47549769 -0.00635949
v -0.2775442 -0.48043078 0.00121026
v -0.28310433 -0.47517687 0.00171926
v -0.28846681 -0.46840903 0.00243745
v -0.28913575 -0.47016128 -0.00588433
v -0.28660467 -0.46692097 0.00944224
v -0.29192042 -0.4583882 0.01091911
v -0.28829067 -0.45634734 0.017529
v -0.29429683 -0.44518145 0.01934745
v -0.29779905 -0.44799482 0.01284921
v -0.28309604 -0.46506223 0.01535411
v -0.27833914 -0.46276697 0.01928675
v -0.28325432 -0.45356816 0.02184394
v -0.27728849 -0.45028588 0.02341881
v -0.28242597 -0.43630856 0.02433735
v -0.2891635 -0.44088774 0.02313046
v -0.27283608 -0.46017557 0.02087088
v -0.26728943 -0.45747113 0.02002349
v -0.27117624 -0.44729197 0.02233975
v -0.26950582 -0.46851396 0.01876548
v -0.26419848 -0.46655696 0.01784886
v -0.25904214 -0.46450141 0.01504776
v -0.26186353 -0.45512536 0.01693357
v -0.26768264 -0.4765841 0.01535978
v -0.26725474 -0.48313403 0.008859
v -0.27194252 -0.48346951 0.00097297
v -0.26652023 -0.48454433 0.00100101
v -0.26469951 -0.48211512 -0.00604105
v -0.25948783 -0.48015788 -0.00471649
v -0.25546005 -0.4755097 -0.00212129
v -0.25795212 -0.47608274 -0.01096143
v -0.25440308 -0.47180271 -0.00864335
v -0.25197508 -0.46619048 -0.00620724
v -0.25324714 -0.46872162 0.00101983
v -0.25470438 -0.47471648 -0.01855448
v -0.25105571 -0.4700649 -0.01653304
v -0.24869138 -0.46449717 -0.01445516
v -0.24771122 -0.45764184 -0.01242101
v -0.25136393 -0.45908877 -0.00403949
v -0.24628233 -0.46995773 -0.02626418
v -0.24423334 -0.46382808 -0.0249712
v -0.24307751 -0.45717227 -0.0239477
v -0.24003328 -0.46407997 -0.03534985
v -0.23937752 -0.45751237 -0.03490611
v -0.239978 -0.45058438 -0.03518442
v -0.24229669 -0.44332397 -0.03645101
v -0.23386251 -0.45797196 -0.04390426
v -0.2346712 -0.4510228 -0.04420092
v -0.23709708 -0.44378799 -0.04526883
v -0.24064381 -0.43707734 -0.04727361
v -0.2461972 -0.43687367 -0.03872397
v -0.22582656 -0.4505316 -0.04962809
v -0.22817729 -0.44229093 -0.05028158
v -0.23190346 -0.43435758 -0.05146187
v -0.21752762 -0.44012776 -0.05297674
v -0.24200998 -0.47010856 -0.03640063
v -0.24969688 -0.47536218 -0.02789844
v -0.24506939 -0.47533083 -0.03796435
v -0.25435182 -0.45186352 0.00511255
v -0.25333017 -0.46093061 0.00340039
v -0.25713411 -0.45332509 0.01202665
v -0.25510755 -0.462666 0.01020811
v -0.25608369 -0.44200426 0.00662028
v -0.25982594 -0.44347512 0.01327938
v -0.26523056 -0.44498428 0.01865493
v -0.26258546 -0.43245068 0.01422334
v -0.26870352 -0.43350291 0.01925009
v -0.2757284 -0.43486291 0.02307076
v -0.27129936 -0.42168197 0.01905483
v -0.26458719 -0.42129442 0.01514092
v -0.26488891 -0.41156864 0.01766268
v -0.27111542 -0.41159591 0.0219649
v -0.26344955 -0.40237024 0.02109727
v -0.26892811 -0.4024637 0.02534935
v -0.2751891 -0.40110865 0.02769735
v -0.26619651 -0.39275515 0.02733401
v -0.27158281 -0.39094623 0.02843275
v -0.27685901 -0.38842859 0.02700373
v -0.28150928 -0.39814856 0.02725952
v -0.28143692 -0.38592323 0.02275566
v -0.28690969 -0.39473778 0.02298914
v -0.27299293 -0.37992557 0.0259202
v -0.27676981 -0.37785249 0.02177481
v -0.28170183 -0.37592294 0.01747445
v -0.2881796 -0.3727703 0.01729887
v -0.2905049 -0.3616614 0.01988417
v -0.29450187 -0.3688395 0.02017141
v -0.29781439 -0.35762894 0.02133251
v -0.30170279 -0.3639954 0.02225355
v -0.30712565 -0.36896154 0.02255077
v -0.3100374 -0.35777163 0.01963585
v -0.31495478 -0.36136794 0.01984202
v -0.31997391 -0.36485147 0.01940994
v -0.31344482 -0.37249332 0.02116917
v -0.32525968 -0.36886477 0.01725396
v -0.32140684 -0.37537896 0.0168225
v -0.3301219 -0.37097975 0.0124809
v -0.3315134 -0.36088645 0.01661633
v -0.33527591 -0.36303615 0.01281653
v -0.33791816 -0.36375188 0.00767325
v -0.34174931 -0.35495331 0.01329059
v -0.34436813 -0.35576403 0.00817619
v -0.34537345 -0.35498568 0.0022233
v -0.33942708 -0.36331343 0.00190811
v -0.34460175 -0.35233181 -0.00386395
v -0.33885517 -0.36106243 -0.00456536
v -0.34258461 -0.34837517 -0.00936052
v -0.33669284 -0.35734453 -0.01054196
v -0.33123117 -0.36599287 -0.01095221
v -0.33330062 -0.35200732 -0.01527688
v -0.32779032 -0.36131274 -0.01654111
v -0.32325848 -0.37059617 -0.01766355
v -0.32716515 -0.37440171 -0.01142666
v -0.32072845 -0.38018915 -0.01843185
v -0.32562872 -0.38330155 -0.01283251
v -0.31753492 -0.36620095 -0.02159282
v -0.31443473 -0.37699866 -0.02295134
v -0.31221926 -0.38733175 -0.02312837
v -0.30698362 -0.37368089 -0.02488282
v -0.30381029 -0.38406622 -0.02558999
v -0.30046033 -0.39315384 -0.02565396
v -0.30947351 -0.39678368 -0.0229587
v -0.29646012 -0.40134885 -0.02533271
v -0.30514279 -0.40515196 -0.02269122
v -0.29216685 -0.40923273 -0.02441357
v -0.29912874 -0.41328284 -0.02227576
v -0.30393257 -0.41769182 -0.01838176
v -0.30730074 -0.42203083 -0.01340199
v -0.29377567 -0.42057499 -0.02339367
v -0.29781988 -0.4250544 -0.01969155
v -0.30107036 -0.42967605 -0.01481032
v -0.30973467 -0.42608776 -0.00761792
v -0.29801639 -0.4373233 -0.02087953
v -0.31115514 -0.42876592 -0.00134714
v -0.31827402 -0.42204734 -0.00251247
v -0.31797662 -0.42233067 0.00405436
v -0.32587862 -0.41751444 0.00242818
v -0.32614424 -0.41630345 -0.00378019
v -0.31097465 -0.42898854 0.00538053
v -0.3095262 -0.42727461 0.01198351
v -0.31662514 -0.42079117 0.01057275
v -0.30316215 -0.43630263 0.01295367
v -0.30007925 -0.43265932 0.01855472
v -0.30674514 -0.42392349 0.01811663
v -0.31029173 -0.41181376 0.02008127
v -0.31412339 -0.41719812 0.01630816
v -0.31873214 -0.40698507 0.01619184
v -0.32164269 -0.4119375 0.0129282
v -0.32438343 -0.41573312 0.00840354
v -0.33042097 -0.40934366 0.01175205
v -0.33279871 -0.41283637 0.00738341
v -0.33404085 -0.41343274 0.00161282
v -0.34060543 -0.40934693 0.00632343
v -0.34176203 -0.40950393 0.00142568
v -0.34190678 -0.40756195 -0.00313762
v -0.33433795 -0.41172462 -0.00395356
v -0.34131074 -0.40403595 -0.00683242
v -0.34830874 -0.40347045 -0.00167561
v -0.34762007 -0.40044811 -0.00437238
v -0.34655287 -0.39639437 -0.00612864
v -0.34022939 -0.39908739 -0.00902989
v -0.3448342 -0.39146253 -0.00601137
v -0.3387272 -0.39280614 -0.00891057
v -0.35190284 -0.39393752 -0.00323583
v -0.35007298 -0.39001676 -0.00336718
v -0.34829968 -0.38643312 -0.00105679
v -0.34691339 -0.38524165 0.00322338
v -0.35301041 -0.3869993 0.00777422
v -0.35723531 -0.38946998 0.00691413
v -0.35858869 -0.39209118 0.00475905
v -0.35748931 -0.39406129 0.00708914
v -0.35665977 -0.39417663 0.00171868
v -0.35682719 -0.39619386 0.00383156
v -0.35561397 -0.39649635 0.00935172
v -0.35086056 -0.39978617 0.01180272
v -0.34384119 -0.40170347 0.01279214
v -0.34157249 -0.39756611 0.01356941
v -0.33966311 -0.3929561 0.01268649
v -0.33614507 -0.40313196 0.01334579
v -0.33325138 -0.39801177 0.01376214
v -0.33066588 -0.39303982 0.01254632
v -0.32432571 -0.3988758 0.01456211
v -0.32758417 -0.40443247 0.01412068
v -0.31515878 -0.40144375 0.01776962
v -0.30562454 -0.4059233 0.0205931
v -0.33868607 -0.40719807 0.01063656
v -0.35294428 -0.39689421 -0.00159338
v -0.35373184 -0.39926135 0.0005439
v -0.28792208 -0.41690647 -0.02458251
v -0.28376403 -0.40609717 -0.02359116
v -0.28107106 -0.41463667 -0.02273324
v -0.27544951 -0.40360441 -0.01996872
v -0.27381217 -0.41323518 -0.01947767
v -0.26732561 -0.41319188 -0.01497125
v -0.26532265 -0.42214906 -0.01794364
v -0.26176166 -0.4143278 -0.00963322
v -0.25779354 -0.41645711 -0.00328687
v -0.25789108 -0.40811827 0.00584443
v -0.25703376 -0.41878718 0.00363751
v -0.26019948 -0.41022443 0.01222844
v -0.25965765 -0.42027646 0.00989604
v -0.25802943 -0.43144467 0.00838953
v -0.25769567 -0.39833936 0.00895612
v -0.25966846 -0.40082389 0.01554088
v -0.25644788 -0.39054784 0.0123517
v -0.25828927 -0.39251142 0.01844207
v -0.26165208 -0.39336937 0.02359135
v -0.25690585 -0.38528195 0.02068285
v -0.26018512 -0.38537618 0.02492024
v -0.26433941 -0.38418775 0.02759025
v -0.25856569 -0.37880712 0.0266068
v -0.26273593 -0.3771111 0.02873483
v -0.26707753 -0.37441918 0.02827591
v -0.26900434 -0.38226315 0.02817499
v -0.27042996 -0.37212407 0.02519502
v -0.25693884 -0.37286284 0.02786335
v -0.25503215 -0.36772084 0.02813923
v -0.25531387 -0.3791916 0.02296977
v -0.25353318 -0.37821638 0.01855878
v -0.25507625 -0.38383269 0.01555733
v -0.25589785 -0.38106739 0.01058165
v -0.25371763 -0.37601441 0.01438899
v -0.25614041 -0.37337827 0.01125981
v -0.25410777 -0.36959043 0.01500524
v -0.25937786 -0.37746501 0.00718787
v -0.26344525 -0.37411096 0.00621022
v -0.25969061 -0.37055158 0.01020294
v -0.26318237 -0.36793497 0.01101916
v -0.26008701 -0.36530518 0.01390001
v -0.25699392 -0.36743652 0.01348693
v -0.26727229 -0.37078735 0.00628617
v -0.27150642 -0.37233674 -0.00124248
v -0.27473321 -0.36604857 -0.00163704
v -0.27942979 -0.36580818 -0.00935938
v -0.28316354 -0.3568947 -0.00891316
v -0.27747345 -0.35872668 -0.00217357
v -0.27561628 -0.3736096 -0.00916388
v -0.28083726 -0.37527155 -0.01603603
v -0.28538256 -0.36653095 -0.01583535
v -0.29190731 -0.36778673 -0.02123577
v -0.29659375 -0.3566693 -0.01915062
v -0.28977698 -0.35633218 -0.01414864
v -0.28737443 -0.37755307 -0.02172211
v -0.29525175 -0.38065341 -0.02487072
v -0.2993341 -0.37038195 -0.02422931
v -0.28322333 -0.38610261 -0.02127066
v -0.29124712 -0.3895806 -0.0249988
v -0.27892771 -0.39438271 -0.02046488
v -0.28724324 -0.39788386 -0.02448937
v -0.31104165 -0.36218416 -0.02316413
v -0.30397972 -0.35879546 -0.02243688
v -0.31581306 -0.35072037 -0.01916976
v -0.30887743 -0.34663611 -0.01924149
v -0.32121136 -0.33995103 -0.015361
v -0.3138217 -0.33512538 -0.01643958
v -0.32666504 -0.33167871 -0.01028146
v -0.31932362 -0.32660728 -0.01200344
v -0.31656262 -0.31683015 -0.00755297
v -0.32139059 -0.31013327 -0.00481765
v -0.31516009 -0.30893605 -0.0013863
v -0.31046187 -0.31571978 -0.00295982
v -0.31231463 -0.30920833 0.00407718
v -0.30728352 -0.31542965 0.002619
v -0.31881383 -0.30158543 0.00030275
v -0.31557932 -0.30173355 0.00566467
v -0.31434315 -0.30287057 0.01148446
v -0.31851431 -0.2942619 0.00756688
v -0.31725654 -0.29558786 0.01326534
v -0.31836536 -0.29761174 0.01872942
v -0.31561058 -0.30487686 0.01714625
v -0.32188996 -0.30018249 0.02247417
v -0.31898921 -0.30757686 0.02173155
v -0.32657754 -0.30254554 0.02442753
v -0.32442465 -0.31048703 0.02375121
v -0.32143589 -0.31787893 0.02154175
v -0.32224464 -0.32777041 0.01928021
v -0.31671872 -0.32464945 0.0199813
v -0.31581154 -0.33524641 0.01906626
v -0.31106472 -0.33063778 0.01956258
v -0.3088282 -0.34140196 0.01867951
v -0.30503872 -0.33570295 0.02051996
v -0.3016754 -0.32970011 0.02235105
v -0.29918447 -0.32280975 0.02346285
v -0.29886752 -0.34023559 0.02305211
v -0.29705724 -0.33259123 0.02582731
v -0.29575327 -0.32425403 0.02784854
v -0.29438725 -0.31556403 0.02870834
v -0.29763558 -0.31479427 0.02455776
v -0.29153695 -0.33484742 0.02786103
v -0.29077649 -0.32547879 0.0300301
v -0.28990972 -0.31596109 0.03072718
v -0.28958404 -0.30704033 0.0311617
v -0.29359716 -0.30714058 0.02914559
v -0.28552904 -0.32592111 0.02927442
v -0.28512948 -0.31612584 0.03072785
v -0.28531998 -0.30674374 0.03068773
v -0.28635448 -0.29942908 0.02962865
v -0.28961473 -0.29977825 0.02979264
v -0.28103038 -0.31585878 0.02825431
v -0.28153267 -0.30628934 0.02880168
v -0.28366053 -0.29894015 0.02794782
v -0.28618142 -0.29390627 0.02650013
v -0.28773501 -0.29412686 0.02717921
v -0.27905097 -0.30577662 0.02528677
v -0.28214874 -0.29849556 0.02525568
v -0.28507512 -0.29357892 0.02485955
v -0.28745329 -0.28960651 0.02417873
v -0.28832709 -0.29030686 0.02533045
v -0.28187367 -0.29813504 0.02195151
v -0.28464564 -0.2932406 0.02267938
v -0.28688928 -0.28971415 0.02321555
v -0.28539153 -0.29306519 0.02043707
v -0.28712201 -0.28950905 0.02171735
v -0.28880316 -0.28605496 0.02279516
v -0.28911149 -0.28660988 0.02397268
v -0.28713116 -0.29316878 0.018923
v -0.28839618 -0.28958806 0.02073165
v -0.28962871 -0.28615272 0.02218991
v -0.28979361 -0.28986927 0.02055908
v -0.28949159 -0.29331788 0.01825417
v -0.29215604 -0.29315352 0.0192798
v -0.29010257 -0.28754645 0.0218427
v -0.28890454 -0.29779842 0.01532373
v -0.2929506 -0.29798266 0.01600096
v -0.29561832 -0.29858669 0.0186813
v -0.29329896 -0.29311028 0.02136895
v -0.28764829 -0.3040381 0.01179254
v -0.2854098 -0.297679 0.01642172
v -0.28314018 -0.30419781 0.01346367
v -0.28224745 -0.31249123 0.01063605
v -0.28675633 -0.31177112 0.00806015
v -0.28179043 -0.32069441 0.00750967
v -0.28658321 -0.31926599 0.00473505
v -0.28092494 -0.32910564 0.00374187
v -0.27844807 -0.32224628 0.01201607
v -0.27688089 -0.33121094 0.00876908
v -0.27692413 -0.341194 0.00615805
v -0.28054735 -0.33846968 0.0005599
v -0.27975127 -0.3492791 -0.00144439
v -0.27556312 -0.33319705 0.01459577
v -0.27681657 -0.32363256 0.01726058
v -0.27750626 -0.32483771 0.02256465
v -0.27694675 -0.33481717 0.02027566
v -0.28080478 -0.3256838 0.02673219
v -0.28043669 -0.3358187 0.02486048
v -0.28568142 -0.33585861 0.02759114
v -0.28634685 -0.34534919 0.02462273
v -0.29298725 -0.3434365 0.02496374
v -0.29493424 -0.35107484 0.02237609
v -0.28789439 -0.35399985 0.02108759
v -0.3016223 -0.34681072 0.02013662
v -0.30529075 -0.35277009 0.01869822
v -0.31310865 -0.34618356 0.01747238
v -0.31778973 -0.35048583 0.01742247
v -0.32065171 -0.33901286 0.0180971
v -0.32523262 -0.34266048 0.01800544
v -0.32943469 -0.34610936 0.0186927
v -0.32206413 -0.35384783 0.01823957
v -0.33376264 -0.34956258 0.01883527
v -0.32706722 -0.35770234 0.01856759
v -0.33815094 -0.35279914 0.01699446
v -0.34094879 -0.34115397 0.0198623
v -0.34526541 -0.34477442 0.01820586
v -0.34884411 -0.34702357 0.01442088
v -0.35192751 -0.33684393 0.0187614
v -0.35506311 -0.33919087 0.01498224
v -0.35691881 -0.34037196 0.00970579
v -0.3510766 -0.34781581 0.00903972
v -0.35666701 -0.33972355 0.00373715
v -0.3515872 -0.34693491 0.00311597
v -0.35492768 -0.33761972 -0.00184428
v -0.35026347 -0.34442523 -0.00260038
v -0.35200145 -0.33409908 -0.00655503
v -0.34777033 -0.34049892 -0.00762746
v -0.3480643 -0.32919022 -0.00924118
v -0.3438434 -0.33529591 -0.01083065
v -0.33885142 -0.34291547 -0.01314521
v -0.3329792 -0.3364875 -0.01232768
v -0.32760718 -0.34538567 -0.01595987
v -0.3222562 -0.35557913 -0.01910495
v -0.35560306 -0.32889011 -0.0062659
v -0.35161924 -0.32464471 -0.00837512
v -0.35909977 -0.3241423 -0.00655448
v -0.36206692 -0.31896013 -0.00553497
v -0.35870376 -0.33204859 -0.00184805
v -0.36104461 -0.33392331 0.00355506
v -0.36162036 -0.33382877 0.0094381
v -0.36051714 -0.33225134 0.01457187
v -0.36455264 -0.32571795 0.01293712
v -0.36126673 -0.32249069 0.01585546
v -0.36341121 -0.31589978 0.01271057
v -0.36628752 -0.31900823 0.00921871
v -0.3576914 -0.32946723 0.0183171
v -0.35307925 -0.32617861 0.01974472
v -0.35638085 -0.31979042 0.0169128
v -0.34785768 -0.33346524 0.02005529
v -0.34339413 -0.32972458 0.01864144
v -0.34791663 -0.32351866 0.01772247
v -0.33697205 -0.33748051 0.01885317
v -0.33269137 -0.33406689 0.01745808
v -0.32754293 -0.33067783 0.0178239
v -0.35066393 -0.31801486 0.0155073
v -0.34638568 -0.31481564 0.00962978
v -0.35186731 -0.31412014 0.01197662
v -0.35782265 -0.31400877 0.01347947
v -0.35212969 -0.31213527 0.0077086
v -0.35754537 -0.31109738 0.00810071
v -0.35161951 -0.31193545 0.00323511
v -0.35656052 -0.31017729 0.00286088
v -0.34092849 -0.31115174 0.00959143
v -0.34059745 -0.30363452 0.01178919
v -0.34183904 -0.296294 0.01414344
v -0.34152144 -0.29476359 0.01006854
v -0.34042963 -0.28939086 0.01672875
v -0.34116086 -0.28754538 0.01350863
v -0.27823916 -0.31524631 0.02420603
v -0.27770882 -0.3144454 0.01935442
v -0.27835288 -0.3052833 0.02096814
v -0.27915796 -0.3134922 0.01453658
v -0.27996945 -0.30468812 0.01675628
v -0.28285735 -0.29789975 0.0190416
v -0.28968086 -0.29413667 0.02727635
v -0.29658171 -0.30688431 0.02561048
v -0.32856929 -0.29555714 0.02475562
v -0.33089101 -0.28953057 0.02351781
v -0.33310318 -0.28521931 0.02164986
v -0.32258826 -0.28873187 0.01025803
v -0.32578283 -0.28820917 0.00623646
v -0.33011192 -0.28278932 0.01053546
v -0.32733017 -0.28415557 0.0137171
v -0.32219213 -0.29421657 0.00281702
v -0.32749617 -0.2955603 -0.0001704
v -0.32455256 -0.30299902 -0.00315349
v -0.25475093 -0.36419954 0.01679561
v -0.25241705 -0.3656573 0.01839731
v -0.25381967 -0.36379212 0.02638437
v -0.30197882 -0.41968271 -0.10316677
v -0.29751789 -0.4093413 -0.10335277
v -0.30386006 -0.40908336 -0.11723343
v -0.29795819 -0.39931765 -0.11787318
v -0.30330041 -0.39985272 -0.13234801
v -0.29556474 -0.39085084 -0.1330326
v -0.30056691 -0.39183178 -0.14717325
v -0.29274788 -0.38406914 -0.14860965
v -0.29846715 -0.38591083 -0.16247381
v -0.29070061 -0.37911745 -0.16447992
v -0.29641789 -0.38135063 -0.17755024
v -0.28826203 -0.37550008 -0.17971296
v -0.22929279 -0.52695161 -0.10614085
v -0.24470387 -0.52197521 -0.09613355
v -0.23800464 -0.52748072 -0.10832695
v -0.25279325 -0.52111363 -0.0979961
v -0.24623526 -0.52679187 -0.10959402
v -0.24332438 -0.53104025 -0.12367742
v -0.2522313 -0.52959942 -0.12456634
v -0.25115281 -0.53256207 -0.13860492
v -0.26079624 -0.52744722 -0.124764
v -0.26085442 -0.53044462 -0.13904739
v -0.26013657 -0.53282243 -0.15302002
v -0.27019828 -0.52744233 -0.1388347
v -0.27037695 -0.52992415 -0.15303862
v -0.26999935 -0.53180116 -0.16697797
v -0.25913974 -0.53486871 -0.16688455
v -0.26921597 -0.53376436 -0.18079949
v -0.25767585 -0.53665238 -0.18035142
v -0.26793786 -0.53614342 -0.19427768
v -0.25557917 -0.53842741 -0.19326609
v -0.26593887 -0.53858423 -0.20711734
v -0.25300875 -0.540672 -0.20567596
v -0.26332354 -0.54102134 -0.21945966
v -0.25098893 -0.54611563 -0.2166254
v -0.26139029 -0.54649609 -0.23149608
v -0.24933767 -0.55267679 -0.22783967
v -0.25994768 -0.55250799 -0.24332714
v -0.2473022 -0.55798143 -0.23987141
v -0.23346008 -0.56093055 -0.23655276
v -0.24559924 -0.56238085 -0.25254511
v -0.23154978 -0.5649628 -0.24931107
v -0.21714735 -0.56570649 -0.24575997
v -0.23008047 -0.56824666 -0.26250034
v -0.21552948 -0.56900775 -0.25887715
v -0.20091509 -0.56854242 -0.25487023
v -0.21419729 -0.57169538 -0.27228725
v -0.19954031 -0.57138562 -0.26824799
v -0.21308361 -0.57379567 -0.28582489
v -0.19835726 -0.57365703 -0.28178167
v -0.21213153 -0.57530301 -0.29946571
v -0.19735527 -0.57532638 -0.29541072
v -0.21135778 -0.57623052 -0.31316039
v -0.22704091 -0.57410723 -0.30331674
v -0.2263506 -0.57494437 -0.31707298
v -0.22575125 -0.5755366 -0.33084896
v -0.24119356 -0.57210171 -0.32090532
v -0.24065531 -0.57262802 -0.33481568
v -0.23999048 -0.57297879 -0.34878271
v -0.2550036 -0.5675708 -0.33875203
v -0.25430461 -0.56782287 -0.35291904
v -0.25325214 -0.56787812 -0.36715826
v -0.26747477 -0.56024968 -0.35703462
v -0.26621949 -0.56003671 -0.3715201
v -0.26439499 -0.55960094 -0.38604486
v -0.2775917 -0.54997044 -0.37575137
v -0.27540683 -0.54919099 -0.39046543
v -0.27249267 -0.54815912 -0.40513372
v -0.28472682 -0.53716951 -0.39462018
v -0.2814382 -0.53579729 -0.40938898
v -0.27734431 -0.53423863 -0.42400875
v -0.28893062 -0.52237242 -0.4132131
v -0.28451106 -0.52054882 -0.42789706
v -0.27929809 -0.51862931 -0.44234076
v -0.29058247 -0.50618171 -0.43111163
v -0.28512948 -0.50405407 -0.44562545
v -0.27889218 -0.50197011 -0.45988312
v -0.29017791 -0.4891147 -0.44806349
v -0.28369808 -0.48686146 -0.46246162
v -0.27640745 -0.48475092 -0.4766753
v -0.28789538 -0.47168412 -0.46404787
v -0.2803885 -0.46943968 -0.47854125
v -0.27197185 -0.46740603 -0.49283716
v -0.2838256 -0.45439469 -0.47930175
v -0.27512282 -0.4522475 -0.49403348
v -0.26560494 -0.45033982 -0.50857508
v -0.26282891 -0.46563151 -0.50696843
v -0.25534623 -0.44863277 -0.52282422
v -0.25299575 -0.46406924 -0.52087211
v -0.24453704 -0.44710916 -0.53679317
v -0.24256715 -0.46271428 -0.53450447
v -0.23321032 -0.44579374 -0.55038327
v -0.23163914 -0.4615466 -0.54783952
v -0.22144658 -0.44471368 -0.56352382
v -0.22023055 -0.46055305 -0.56082212
v -0.20928628 -0.44381916 -0.57615715
v -0.20835089 -0.45976325 -0.57338428
v -0.19673927 -0.44311764 -0.58823823
v -0.19601994 -0.45914447 -0.58547782
v -0.20957556 -0.42776241 -0.57843482
v -0.19668184 -0.42686063 -0.59058868
v -0.20942652 -0.41178861 -0.58001875
v -0.19614283 -0.41059759 -0.59233647
v -0.20912742 -0.39622163 -0.58064299
v -0.19539953 -0.39454269 -0.59317934
v -0.20878177 -0.38117849 -0.58018434
v -0.19458939 -0.37902817 -0.59288138
v -0.20825953 -0.36662352 -0.57854867
v -0.19367376 -0.36397185 -0.59137159
v -0.20758605 -0.35257202 -0.57568001
v -0.19272172 -0.34934356 -0.58852356
v -0.20675495 -0.33892843 -0.5715878
v -0.19166855 -0.3351337 -0.58434444
v -0.20569229 -0.32580885 -0.56638586
v -0.19044923 -0.3213526 -0.57911163
v -0.20439243 -0.31325763 -0.56025254
v -0.18906295 -0.3080711 -0.573089
v -0.20291879 -0.3013145 -0.55352586
v -0.18748988 -0.29546809 -0.56665355
v -0.20114736 -0.29001718 -0.54646283
v -0.18564692 -0.28357616 -0.56010848
v -0.19892598 -0.27928504 -0.53940647
v -0.18340221 -0.2724488 -0.55364543
v -0.19610512 -0.26882913 -0.53288114
v -0.18068201 -0.26179593 -0.5474686
v -0.19257275 -0.25815755 -0.52683335
v -0.17745778 -0.25107246 -0.54147702
v -0.18859688 -0.2472824 -0.52109712
v -0.17401127 -0.24017879 -0.53548848
v -0.18430338 -0.23610326 -0.5154789
v -0.17046533 -0.22907193 -0.52936524
v -0.18005059 -0.22476829 -0.50968527
v -0.16699695 -0.21755084 -0.52269184
v -0.17612437 -0.21330836 -0.5033009
v -0.16393293 -0.20601508 -0.51536363
v -0.17245657 -0.2015382 -0.49614015
v -0.16099908 -0.1943414 -0.50757241
v -0.16913422 -0.18964365 -0.4881829
v -0.1582185 -0.18254524 -0.49921694
v -0.16630753 -0.17795342 -0.47948727
v -0.15579231 -0.17092762 -0.49028331
v -0.16413246 -0.16667905 -0.47044318
v -0.15384657 -0.15955272 -0.48093628
v -0.16257356 -0.1556968 -0.46120178
v -0.15256223 -0.14850586 -0.47115504
v -0.16161686 -0.14477762 -0.45105242
v -0.1518612 -0.13759689 -0.46046489
v -0.16081833 -0.13413496 -0.44028151
v -0.15133348 -0.12695515 -0.44917506
v -0.1598114 -0.12363204 -0.42900279
v -0.15074059 -0.11654177 -0.4372628
v -0.1581358 -0.11340846 -0.41719427
v -0.14944247 -0.10647154 -0.42484808
v -0.15552258 -0.10361056 -0.40490624
v -0.14701084 -0.0969595 -0.41211009
v -0.15213711 -0.09429153 -0.39248108
v -0.14371326 -0.08788678 -0.39935541
v -0.1481793 -0.08537738 -0.3800517
v -0.13984853 -0.07915923 -0.38673204
v -0.14397747 -0.07683444 -0.36784797
v -0.13579657 -0.07072336 -0.37436547
v -0.13981929 -0.06849768 -0.35588109
v -0.13174504 -0.06245148 -0.36222156
v -0.12772661 -0.05436628 -0.35015386
v -0.15176735 -0.08260294 -0.36062678
v -0.15594659 -0.09118681 -0.37253299
v -0.16355842 -0.09660139 -0.36390435
v -0.15989406 -0.10025896 -0.38457718
v -0.16751432 -0.10558983 -0.37531447
v -0.17515431 -0.11046837 -0.36504763
v -0.17099097 -0.11513496 -0.3866018
v -0.17872491 -0.11994978 -0.37580859
v -0.18660655 -0.12431357 -0.36416974
v -0.18173934 -0.12986935 -0.38619762
v -0.18979238 -0.13412876 -0.37391313
v -0.1978496 -0.13806563 -0.36094239
v -0.19252061 -0.14426821 -0.3831411
v -0.20074859 -0.14804458 -0.36955747
v -0.20861394 -0.15176351 -0.35543757
v -0.20314008 -0.1582562 -0.37772613
v -0.21120862 -0.16186182 -0.36318984
v -0.21844281 -0.16582402 -0.34852325
v -0.21326695 -0.17217147 -0.37056541
v -0.22064951 -0.17611877 -0.35586509
v -0.22695663 -0.18067309 -0.34144341
v -0.22227753 -0.18665117 -0.36310717
v -0.22874388 -0.19116431 -0.34872251
v -0.23435686 -0.19618305 -0.3345094
v -0.23003596 -0.20175297 -0.35579469
v -0.23573836 -0.20666398 -0.34145996
v -0.24083212 -0.21204415 -0.3272413
v -0.23677139 -0.21723894 -0.348109
v -0.24180911 -0.22247941 -0.33380579
v -0.24618573 -0.22822885 -0.31948971
v -0.2427461 -0.23315489 -0.33999642
v -0.24690632 -0.23874953 -0.32555791
v -0.25027391 -0.24466654 -0.31109118
v -0.24799713 -0.24922099 -0.33139413
v -0.25117978 -0.25507056 -0.31681469
v -0.25330063 -0.26107648 -0.30200389
v -0.25371721 -0.26508536 -0.32237154
v -0.25583061 -0.270953 -0.30722248
v -0.25676995 -0.2770428 -0.29183036
v -0.26119473 -0.27963262 -0.31197741
v -0.26239472 -0.28554171 -0.29609793
v -0.26836702 -0.28715786 -0.31625852
v -0.26932382 -0.29296118 -0.29996603
v -0.27600064 -0.294521 -0.32038259
v -0.27675586 -0.30020773 -0.30381321
v -0.28345084 -0.30228054 -0.32441413
v -0.2838692 -0.30771809 -0.30772298
v -0.29048097 -0.31077671 -0.32851424
v -0.29059764 -0.31582689 -0.31184077
v -0.29707536 -0.31985142 -0.3327049
v -0.29698881 -0.32463419 -0.31626045
v -0.29610317 -0.32979354 -0.30018422
v -0.3031623 -0.33412262 -0.32112175
v -0.3022837 -0.33902883 -0.30562719
v -0.30095782 -0.34419062 -0.29077944
v -0.30829754 -0.34904193 -0.31149432
v -0.30717071 -0.35384854 -0.29736489
v -0.3058063 -0.35877016 -0.28408342
v -0.31309863 -0.36442637 -0.30419969
v -0.31188878 -0.36895346 -0.29122668
v -0.31051307 -0.37348762 -0.27889764
v -0.31738105 -0.38001301 -0.29801112
v -0.31607526 -0.38411402 -0.28565362
v -0.31446361 -0.38828861 -0.27390524
v -0.32065808 -0.39552682 -0.29162943
v -0.31896683 -0.39917358 -0.27947425
v -0.3169204 -0.40279138 -0.2677522
v -0.32241725 -0.41058456 -0.28410416
v -0.31977561 -0.41351971 -0.27181971
v -0.32143658 -0.4151296 -0.25903508
v -0.32137665 -0.42469677 -0.27542489
v -0.32428309 -0.4255245 -0.26168912
v -0.32710951 -0.42567521 -0.24774071
v -0.32701993 -0.43611279 -0.264182
v -0.32915416 -0.43613269 -0.24943938
v -0.32930287 -0.43529334 -0.2340272
v -0.33018478 -0.4469482 -0.25088504
v -0.33056241 -0.44595515 -0.23529392
v -0.32939001 -0.4442527 -0.21980769
v -0.3307797 -0.45696005 -0.23648703
v -0.32980242 -0.45520344 -0.22091861
v -0.32800063 -0.45301729 -0.20570789
v -0.32923132 -0.46629998 -0.22193099
v -0.32776939 -0.464037 -0.20654805
v -0.32577809 -0.46150347 -0.19147405
v -0.32657373 -0.47505027 -0.20727273
v -0.32480135 -0.47239601 -0.19201567
v -0.32255372 -0.46965739 -0.1770785
v -0.32278415 -0.48318198 -0.19248123
v -0.3207111 -0.48035204 -0.17746345
v -0.31808036 -0.47761705 -0.1627905
v -0.31737738 -0.49066308 -0.17791737
v -0.31503635 -0.48783731 -0.16317945
v -0.31238374 -0.48533001 -0.14870077
v -0.31044283 -0.49746078 -0.16376957
v -0.30807855 -0.49486884 -0.14928185
v -0.3060185 -0.49289479 -0.13471385
v -0.30256798 -0.50369089 -0.14996166
v -0.30062213 -0.50155133 -0.13553689
v -0.29818338 -0.49990275 -0.12093589
v -0.29424741 -0.50954413 -0.13642081
v -0.29196348 -0.50767523 -0.12205822
v -0.28794854 -0.50611269 -0.1081857
v -0.28500407 -0.51466935 -0.1231777
v -0.28114768 -0.5128349 -0.10943459
v -0.27462601 -0.51161813 -0.09763416
v -0.273543 -0.51795345 -0.11028509
v -0.26667559 -0.51650536 -0.09903081
v -0.25959178 -0.51641261 -0.0927126
v -0.27731034 -0.52035415 -0.12404634
v -0.26920232 -0.52458798 -0.12456966
v -0.27901172 -0.52297437 -0.1381153
v -0.28706914 -0.51680386 -0.13728414
v -0.28853479 -0.51936823 -0.15148825
v -0.28011053 -0.52563005 -0.15240727
v -0.28949916 -0.52175182 -0.16579505
v -0.28040239 -0.52775001 -0.16650065
v -0.29000535 -0.52447783 -0.18015384
v -0.28013181 -0.53000849 -0.18062174
v -0.29006925 -0.52754658 -0.19437006
v -0.27960756 -0.53268152 -0.19454677
v -0.29004502 -0.5307101 -0.2085715
v -0.27878102 -0.53584718 -0.20830394
v -0.28872236 -0.5340299 -0.22264319
v -0.27672568 -0.53883642 -0.2211503
v -0.28594964 -0.5367937 -0.2361906
v -0.27375349 -0.54163557 -0.2340648
v -0.28239908 -0.53792876 -0.24938099
v -0.27117231 -0.54500323 -0.24671317
v -0.28062546 -0.54105305 -0.26229
v -0.27044019 -0.55002528 -0.25918328
v -0.25872916 -0.55730211 -0.25585568
v -0.26996943 -0.55394071 -0.27229201
v -0.25772854 -0.56099516 -0.26910162
v -0.24429705 -0.56571871 -0.26582589
v -0.256989 -0.56355083 -0.28272587
v -0.24327912 -0.56829422 -0.27941122
v -0.22887922 -0.57089352 -0.27597338
v -0.24248023 -0.57012563 -0.29318949
v -0.22788457 -0.57280945 -0.28962048
v -0.24177323 -0.57131224 -0.30703312
v -0.25637677 -0.56525188 -0.29662063
v -0.25589439 -0.5663917 -0.31063082
v -0.25548559 -0.56712615 -0.32467237
v -0.2689723 -0.55935019 -0.31408971
v -0.26869559 -0.55992192 -0.328327
v -0.26824209 -0.56019628 -0.34262612
v -0.28055045 -0.55079799 -0.3318586
v -0.28003579 -0.55079335 -0.34640097
v -0.27897569 -0.55040395 -0.36101898
v -0.29019233 -0.53980869 -0.34994322
v -0.28905984 -0.5392009 -0.36480996
v -0.2872461 -0.53829449 -0.37973505
v -0.29744264 -0.5268442 -0.36819097
v -0.295372 -0.52557313 -0.38329547
v -0.29255813 -0.52407103 -0.39835232
v -0.30214411 -0.51220071 -0.38627964
v -0.29907572 -0.51032048 -0.40142482
v -0.29525458 -0.50829243 -0.41641247
v -0.30459076 -0.49623265 -0.40361112
v -0.30058148 -0.49386039 -0.41866865
v -0.29579043 -0.49147346 -0.43345463
v -0.3051773 -0.47936448 -0.41979065
v -0.30028677 -0.47671881 -0.43468004
v -0.29453265 -0.47413441 -0.44943103
v -0.3042075 -0.46203199 -0.43467572
v -0.29838737 -0.45930314 -0.44958657
v -0.29162484 -0.45675751 -0.46448537
v -0.30170095 -0.44464686 -0.44853347
v -0.29481744 -0.44205674 -0.46373003
v -0.28683677 -0.43968915 -0.47897574
v -0.29751515 -0.42762255 -0.46195551
v -0.28934696 -0.42532247 -0.47763791
v -0.28016963 -0.42313078 -0.49333486
v -0.27786982 -0.43748769 -0.49417835
v -0.26996642 -0.42096772 -0.50881511
v -0.26795348 -0.43542674 -0.5091719
v -0.25898194 -0.41886389 -0.52401244
v -0.25734809 -0.4335398 -0.52389651
v -0.24733825 -0.41687938 -0.53881013
v -0.24611663 -0.43177825 -0.53827935
v -0.23514516 -0.4149841 -0.55315214
v -0.23433685 -0.43018716 -0.55220764
v -0.22248597 -0.41324874 -0.56695264
v -0.22215266 -0.42883256 -0.56563121
v -0.23574665 -0.4002344 -0.55313652
v -0.22263641 -0.39813488 -0.56727886
v -0.23620562 -0.38600161 -0.55200922
v -0.22270403 -0.38350883 -0.56648075
v -0.23637785 -0.37220627 -0.5498107
v -0.22259402 -0.36940285 -0.56464481
v -0.23623274 -0.35887876 -0.54664498
v -0.22219997 -0.35577008 -0.56166845
v -0.23569598 -0.3459897 -0.54242962
v -0.22155179 -0.34260773 -0.55752408
v -0.23469124 -0.3335365 -0.53720414
v -0.22057184 -0.32993102 -0.55231535
v -0.2332631 -0.32151737 -0.53112179
v -0.21929474 -0.31777489 -0.54620695
v -0.2313009 -0.30995771 -0.52428847
v -0.21762169 -0.30617964 -0.5393117
v -0.22874914 -0.29881739 -0.51689308
v -0.21558488 -0.29504248 -0.53197985
v -0.22562521 -0.28793281 -0.50946521
v -0.21301101 -0.28437998 -0.52459311
v -0.22177541 -0.27701404 -0.50258725
v -0.20968587 -0.27362376 -0.51777988
v -0.21715402 -0.26590412 -0.49654418
v -0.20563305 -0.26273521 -0.51172071
v -0.2121028 -0.25459942 -0.49090877
v -0.20104385 -0.25150567 -0.5060271
v -0.2069714 -0.24322252 -0.48543161
v -0.19624036 -0.24011857 -0.5005089
v -0.20190927 -0.23185233 -0.47991666
v -0.1915317 -0.22877502 -0.4949558
v -0.19705258 -0.22058764 -0.47409498
v -0.18703332 -0.21737371 -0.48907151
v -0.19253869 -0.20959314 -0.46773153
v -0.18284709 -0.20592929 -0.48261591
v -0.18850892 -0.19896556 -0.46069255
v -0.17912896 -0.19459642 -0.47525551
v -0.18523046 -0.18841925 -0.45307841
v -0.17603367 -0.18355169 -0.46707573
v -0.18286742 -0.17772117 -0.44497317
v -0.17371645 -0.17260523 -0.45847365
v -0.18109197 -0.16725437 -0.43664526
v -0.17205627 -0.16193313 -0.44967401
v -0.17953021 -0.15666675 -0.4277358
v -0.17074857 -0.15121078 -0.44017431
v -0.17791676 -0.14606601 -0.41840878
v -0.16953906 -0.14047709 -0.42988258
v -0.17616841 -0.13551163 -0.40827778
v -0.16816625 -0.13006644 -0.41931146
v -0.17387586 -0.12522354 -0.39763915
v -0.16609729 -0.11977569 -0.40810501
v -0.16339406 -0.10979124 -0.39642649
v -0.18424557 -0.14017243 -0.39617034
v -0.18629418 -0.1506807 -0.40549621
v -0.19472184 -0.154621 -0.39185693
v -0.18808664 -0.16125513 -0.41423925
v -0.19658817 -0.16510964 -0.40001517
v -0.20510627 -0.16863142 -0.38539311
v -0.19834829 -0.17562967 -0.40773919
v -0.20672662 -0.17914472 -0.39271405
v -0.21489006 -0.18266384 -0.37777957
v -0.20828086 -0.18984605 -0.3999865
v -0.21616433 -0.19342182 -0.38496062
v -0.22351306 -0.19731894 -0.37026378
v -0.21759006 -0.20430922 -0.39191743
v -0.22472629 -0.20823048 -0.37709975
v -0.23113015 -0.21248474 -0.36254406
v -0.22638927 -0.21900163 -0.38362866
v -0.23250031 -0.22330471 -0.36893847
v -0.23790442 -0.2280004 -0.35442024
v -0.2349119 -0.23398061 -0.37525388
v -0.23985348 -0.23865614 -0.36058321
v -0.24422441 -0.24369183 -0.34597221
v -0.24359104 -0.2488594 -0.36667752
v -0.24735339 -0.25393906 -0.35189348
v -0.25064 -0.25940525 -0.33718675
v -0.25291967 -0.26335161 -0.35768139
v -0.25629037 -0.26851439 -0.34273853
v -0.25897353 -0.27404633 -0.32756447
v -0.2634924 -0.27678906 -0.34785533
v -0.26633894 -0.28179571 -0.33223143
v -0.27138972 -0.28481397 -0.35266479
v -0.27418622 -0.28938552 -0.33668801
v -0.27921667 -0.29339486 -0.3572191
v -0.28188774 -0.29751989 -0.34093552
v -0.28676128 -0.30245006 -0.36176464
v -0.28920912 -0.3063122 -0.34520483
v -0.29390564 -0.3119786 -0.36636403
v -0.29610344 -0.31562542 -0.34948197
v -0.30046477 -0.32191142 -0.37102106
v -0.30251014 -0.32543876 -0.35389316
v -0.30329173 -0.32954838 -0.33720797
v -0.30823132 -0.33585831 -0.35865563
v -0.30904752 -0.33991125 -0.34218272
v -0.3090389 -0.34435448 -0.32640981
v -0.31420227 -0.35095205 -0.34763711
v -0.31441268 -0.35537222 -0.3322485
v -0.31395769 -0.35990688 -0.31784808
v -0.31907784 -0.36713188 -0.33859622
v -0.31898266 -0.37153008 -0.32445028
v -0.31835269 -0.37584626 -0.31092956
v -0.32307159 -0.38378757 -0.3309476
v -0.3227359 -0.38792681 -0.31736478
v -0.32193985 -0.39182514 -0.30430096
v -0.32597041 -0.40051046 -0.32334318
v -0.32535547 -0.4041334 -0.30988672
v -0.32407471 -0.40744084 -0.29679277
v -0.32748782 -0.41671043 -0.31478089
v -0.32633572 -0.41968905 -0.30130505
v -0.32457599 -0.42230975 -0.28808036
v -0.32747453 -0.4320589 -0.30518674
v -0.32557156 -0.43411424 -0.29135304
v -0.3236278 -0.43564677 -0.27781018
v -0.32569363 -0.44591489 -0.29392871
v -0.32376572 -0.44685092 -0.27982556
v -0.32769927 -0.44725143 -0.26588699
v -0.32295021 -0.45807367 -0.28157147
v -0.32722312 -0.45848047 -0.26727771
v -0.3300538 -0.45807454 -0.25212493
v -0.32564663 -0.46971955 -0.26825577
v -0.32889986 -0.46935614 -0.25312566
v -0.33001694 -0.46815303 -0.23751796
v -0.3267028 -0.48066136 -0.25394064
v -0.32790342 -0.47939798 -0.23843242
v -0.32766071 -0.47744774 -0.22280618
v -0.32455647 -0.49053335 -0.23905268
v -0.32484778 -0.48847758 -0.22346302
v -0.3241724 -0.48593282 -0.20783864
v -0.32058963 -0.49914598 -0.22384347
v -0.32020098 -0.49643397 -0.20827871
v -0.31911864 -0.49358311 -0.19293046
v -0.31466803 -0.5063138 -0.20857177
v -0.31386891 -0.50333821 -0.19334462
v -0.31242382 -0.50032097 -0.17845092
v -0.3071874 -0.51231187 -0.19375413
v -0.30610588 -0.50931644 -0.17899334
v -0.30449438 -0.50634056 -0.16439987
v -0.29860612 -0.51736491 -0.1795762
v -0.29755312 -0.51454877 -0.1650349
v -0.29602563 -0.51191741 -0.15068356
v -0.29932597 -0.52052998 -0.19408762
v -0.30769497 -0.51541107 -0.20864877
v -0.29945498 -0.52366691 -0.20855477
v -0.30737519 -0.5184744 -0.22381632
v -0.29868751 -0.52677911 -0.22346501
v -0.30601805 -0.52114903 -0.23872607
v -0.29671332 -0.52947431 -0.23777994
v -0.30328887 -0.52267146 -0.25315022
v -0.29359087 -0.53113508 -0.25157412
v -0.29944708 -0.52282244 -0.26666438
v -0.29003286 -0.53167831 -0.26482674
v -0.29807674 -0.52459871 -0.28027769
v -0.29000595 -0.53506308 -0.27806863
v -0.28076291 -0.54511851 -0.27532953
v -0.29046264 -0.53785902 -0.29179957
v -0.28073522 -0.54786038 -0.28899848
v -0.26955056 -0.55658096 -0.28593698
v -0.28072264 -0.54954254 -0.30308017
v -0.26922315 -0.55828994 -0.29993048
v -0.28070825 -0.55043608 -0.31740564
v -0.29079821 -0.53943151 -0.30595165
v -0.29097586 -0.54011595 -0.32044401
v -0.2907921 -0.54012626 -0.33513903
v -0.2996245 -0.5287413 -0.32310417
v -0.29955798 -0.52854847 -0.33804905
v -0.29880994 -0.52783876 -0.35310295
v -0.30688953 -0.5162962 -0.34047734
v -0.30604586 -0.51525241 -0.35575589
v -0.30446362 -0.5138514 -0.37102738
v -0.31201195 -0.50228214 -0.35772961
v -0.31029185 -0.50052005 -0.37311992
v -0.3078238 -0.49846807 -0.38847529
v -0.31511899 -0.48699998 -0.3742249
v -0.31255713 -0.48457637 -0.38956648
v -0.3092558 -0.4820224 -0.40474295
v -0.31652379 -0.4706695 -0.38947105
v -0.31319543 -0.46777844 -0.4046376
v -0.30912366 -0.46488153 -0.41968193
v -0.31658834 -0.45357459 -0.40334385
v -0.31250935 -0.45043519 -0.41838082
v -0.30756756 -0.44744047 -0.43343144
v -0.31527936 -0.43603414 -0.41585654
v -0.31040689 -0.43294113 -0.43106219
v -0.30452534 -0.4301373 -0.44641524
v -0.31257748 -0.41860735 -0.42767491
v -0.30669859 -0.41583994 -0.44336342
v -0.29959997 -0.41345003 -0.45933991
v -0.30812355 -0.40185639 -0.43962141
v -0.30099681 -0.39960345 -0.45608043
v -0.29264679 -0.39755934 -0.47265166
v -0.29135137 -0.41128239 -0.47550138
v -0.28314068 -0.39550852 -0.48912304
v -0.28194299 -0.40915542 -0.49159681
v -0.27263444 -0.39331865 -0.50537174
v -0.27152657 -0.40697017 -0.50750511
v -0.26125913 -0.39096626 -0.52132839
v -0.26030826 -0.40470516 -0.52315414
v -0.24907022 -0.38851434 -0.53690302
v -0.24833492 -0.40244382 -0.53837341
v -0.26174292 -0.37759482 -0.51860362
v -0.24944168 -0.37496119 -0.53440278
v -0.26167944 -0.36449995 -0.51502728
v -0.24942 -0.36180362 -0.53100907
v -0.26100853 -0.35173788 -0.51062327
v -0.24887713 -0.34901025 -0.52669501
v -0.25966227 -0.33931246 -0.50539732
v -0.24775564 -0.33660715 -0.52145969
v -0.25769111 -0.32721319 -0.4994302
v -0.24607312 -0.32456386 -0.51539671
v -0.25496208 -0.31545797 -0.49275419
v -0.24374218 -0.31291079 -0.50863313
v -0.25153178 -0.30406794 -0.48564475
v -0.24073785 -0.30160647 -0.50140011
v -0.2474114 -0.29293105 -0.47855711
v -0.2370527 -0.29059296 -0.49412334
v -0.24257659 -0.2819671 -0.47191217
v -0.23268249 -0.27961114 -0.48731708
v -0.23718068 -0.27100229 -0.46583259
v -0.22764681 -0.26847261 -0.48127436
v -0.23149974 -0.25997722 -0.46024587
v -0.22226949 -0.25728818 -0.47566953
v -0.22573921 -0.24892744 -0.4547407
v -0.21681444 -0.24604822 -0.47018855
v -0.2200241 -0.23806832 -0.44905525
v -0.21144191 -0.2348876 -0.46461197
v -0.21451234 -0.22759154 -0.44299402
v -0.20628927 -0.22399258 -0.45870021
v -0.20940779 -0.21745196 -0.43649253
v -0.20146204 -0.21346671 -0.45221823
v -0.20520666 -0.20728649 -0.42965847
v -0.19721105 -0.20319597 -0.44534623
v -0.20213006 -0.19686617 -0.42256611
v -0.19389125 -0.19284704 -0.43805155
v -0.20005403 -0.18621686 -0.41522622
v -0.19162164 -0.18227422 -0.43042999
v -0.18980646 -0.17174729 -0.42249393
v -0.21001574 -0.20060831 -0.4070779
v -0.21267008 -0.21120883 -0.41399422
v -0.2196964 -0.21507023 -0.39860874
v -0.21653556 -0.22148744 -0.42071086
v -0.22326119 -0.22543533 -0.40522727
v -0.22935278 -0.22959171 -0.39007625
v -0.2281629 -0.23547004 -0.41171035
v -0.23396623 -0.23969556 -0.39649236
v -0.23901581 -0.24421478 -0.38150644
v -0.23992511 -0.24942983 -0.40264466
v -0.24496349 -0.25375515 -0.38758522
v -0.24918314 -0.25845542 -0.37261492
v -0.25179004 -0.26324743 -0.39334085
v -0.25622594 -0.2675479 -0.37819787
v -0.26007947 -0.27202147 -0.36308112
v -0.26364356 -0.27679982 -0.38357642
v -0.26781699 -0.28068274 -0.36823344
v -0.27113768 -0.2864699 -0.3887825
v -0.27558723 -0.28975853 -0.37315771
v -0.27862754 -0.29620197 -0.39407619
v -0.28319445 -0.29914104 -0.37807872
v -0.28571736 -0.30602932 -0.39966863
v -0.29043677 -0.30879277 -0.38314712
v -0.29210832 -0.31623578 -0.40537589
v -0.29703348 -0.31887087 -0.3882763
v -0.297526 -0.32689461 -0.41095131
v -0.30269306 -0.32939541 -0.39339914
v -0.30622533 -0.33233517 -0.37581902
v -0.30722835 -0.34048879 -0.39850032
v -0.31093755 -0.34343281 -0.38086703
v -0.31313821 -0.34694248 -0.36384072
v -0.31454718 -0.35517123 -0.38619729
v -0.31708699 -0.3587183 -0.3694745
v -0.31851506 -0.36277207 -0.35357764
v -0.31995728 -0.37115877 -0.37541055
v -0.32181978 -0.37523943 -0.35981139
v -0.32272517 -0.37953931 -0.34505066
v -0.32403838 -0.38820943 -0.36600258
v -0.3253749 -0.39240932 -0.35135045
v -0.32600149 -0.39656049 -0.33715823
v -0.3268722 -0.40568503 -0.35725662
v -0.32780107 -0.40963515 -0.34286469
v -0.3280012 -0.41333565 -0.32869049
v -0.32841298 -0.42289814 -0.34787988
v -0.32883039 -0.42632451 -0.33334624
v -0.32848838 -0.42943126 -0.31906709
v -0.32861492 -0.43940016 -0.33724328
v -0.32844534 -0.44220098 -0.32264801
v -0.32749521 -0.44441494 -0.30823999
v -0.32733476 -0.45491558 -0.32528957
v -0.32644158 -0.45668467 -0.31048187
v -0.32483056 -0.45771604 -0.29587632
v -0.32454463 -0.46889996 -0.31197431
v -0.32301133 -0.4694786 -0.29717826
v -0.32133269 -0.46934083 -0.28261026
v -0.3202728 -0.48113578 -0.29781562
v -0.31865221 -0.48061135 -0.28324905
v -0.32297143 -0.48089301 -0.26889446
v -0.31531173 -0.49178442 -0.28335803
v -0.31937101 -0.4921104 -0.26922479
v -0.32324197 -0.49194952 -0.25451201
v -0.31425276 -0.50302869 -0.26902231
v -0.31803485 -0.50281119 -0.25452911
v -0.3199374 -0.50138503 -0.23931352
v -0.31138476 -0.51313531 -0.2540799
v -0.31381189 -0.51170343 -0.23920665
v -0.31470277 -0.50918024 -0.22397036
v -0.3074634 -0.51328533 -0.26811564
v -0.31045278 -0.50272685 -0.28298389
v -0.30472442 -0.51370453 -0.2819688
v -0.31184753 -0.5043472 -0.29723456
v -0.30597415 -0.51582777 -0.29599368
v -0.29883751 -0.52710074 -0.29419264
v -0.30677446 -0.51682251 -0.31047692
v -0.29943457 -0.52838373 -0.30843767
v -0.30712819 -0.51690548 -0.32534462
v -0.31288158 -0.5050174 -0.31192502
v -0.31326997 -0.50468576 -0.32698494
v -0.31300568 -0.5037322 -0.34228441
v -0.31825634 -0.49234777 -0.32784682
v -0.31800648 -0.49102887 -0.34327614
v -0.31692087 -0.48917365 -0.3587571
v -0.32200634 -0.47827863 -0.34326669
v -0.32094007 -0.47602385 -0.35872015
v -0.31911131 -0.4734396 -0.37415993
v -0.32414108 -0.46282959 -0.3575873
v -0.32236272 -0.45988106 -0.37295293
v -0.31983572 -0.45675835 -0.38818994
v -0.32486495 -0.44634759 -0.37051644
v -0.3224557 -0.44285157 -0.38567704
v -0.31926134 -0.43939566 -0.40077176
v -0.3242523 -0.42901814 -0.38197085
v -0.32124206 -0.42528712 -0.39704534
v -0.31737706 -0.42175996 -0.4122563
v -0.3224186 -0.41132906 -0.39243084
v -0.3187468 -0.40766903 -0.40779799
v -0.31400686 -0.40451768 -0.42350852
v -0.31920036 -0.39387387 -0.40271273
v -0.31460994 -0.39073765 -0.41882136
v -0.3087686 -0.38820168 -0.43541404
v -0.31426721 -0.37738984 -0.41383856
v -0.30850601 -0.37496131 -0.43093106
v -0.30137604 -0.37298029 -0.44822225
v -0.30161231 -0.38610374 -0.45233058
v -0.29299381 -0.37111106 -0.46539521
v -0.29319566 -0.38417059 -0.46924862
v -0.28350058 -0.36913326 -0.4822514
v -0.2836689 -0.38217991 -0.48598417
v -0.27302569 -0.3669542 -0.49877145
v -0.27317321 -0.37999597 -0.50245219
v -0.28244581 -0.35641977 -0.47786241
v -0.27216628 -0.35421329 -0.49436798
v -0.28064766 -0.34401351 -0.47288236
v -0.27061131 -0.34175449 -0.48925587
v -0.27795705 -0.33197993 -0.46719285
v -0.26821407 -0.32967603 -0.48335367
v -0.27441257 -0.32035276 -0.46088171
v -0.26509508 -0.31793168 -0.47683751
v -0.2701033 -0.30910921 -0.45413094
v -0.26125547 -0.30653375 -0.46987995
v -0.26504954 -0.29816055 -0.44725206
v -0.25665676 -0.29542195 -0.46286749
v -0.25941869 -0.28749644 -0.44075879
v -0.25145539 -0.28457677 -0.45629221
v -0.25333347 -0.27683687 -0.43481832
v -0.24573077 -0.27375826 -0.45029988
v -0.24699592 -0.26607167 -0.42930308
v -0.2397433 -0.26289236 -0.44474026
v -0.24056357 -0.25547877 -0.42379111
v -0.23363256 -0.25204941 -0.43923041
v -0.23417575 -0.2453484 -0.41792187
v -0.22755774 -0.2415564 -0.43341955
v -0.221763 -0.23143653 -0.42721319
v -0.24658423 -0.25923675 -0.40850192
v -0.25334501 -0.26948523 -0.41403225
v -0.25885105 -0.27307242 -0.3988212
v -0.26002112 -0.2800439 -0.41950461
v -0.2659361 -0.28325563 -0.40418982
v -0.26662144 -0.29051268 -0.4253191
v -0.27305278 -0.29339632 -0.40979334
v -0.27278092 -0.30089855 -0.43165639
v -0.27974563 -0.30348777 -0.41583004
v -0.27829417 -0.31155338 -0.43826386
v -0.28576937 -0.31384527 -0.42204666
v -0.28304156 -0.32259818 -0.44469654
v -0.29083409 -0.32473024 -0.4280793
v -0.28691345 -0.3341051 -0.45070046
v -0.29497855 -0.33607083 -0.43374097
v -0.30185353 -0.338115 -0.41627621
v -0.29804027 -0.34794884 -0.43894484
v -0.30503147 -0.34992018 -0.42134988
v -0.31066384 -0.35222685 -0.40363916
v -0.30731281 -0.36219036 -0.42625537
v -0.31293445 -0.36455398 -0.40874546
v -0.31711399 -0.36754107 -0.39170974
v -0.31867194 -0.38046625 -0.39726951
v -0.3218683 -0.38413268 -0.38134744
v -0.32266303 -0.39756989 -0.38709744
v -0.32516515 -0.40160533 -0.3719469
v -0.32523503 -0.41525712 -0.37734291
v -0.3271912 -0.41918382 -0.36251977
v -0.32645785 -0.43278896 -0.36695358
v -0.32793754 -0.43626749 -0.35202601
v -0.32649853 -0.4496254 -0.35532045
v -0.32731348 -0.45250308 -0.34025135
v -0.32509827 -0.46543842 -0.34225371
v -0.3252218 -0.46747934 -0.32701519
v -0.3222495 -0.47997212 -0.32786944
v -0.32165005 -0.48099145 -0.31273946
v -0.31778347 -0.49302217 -0.31270149
v -0.31654515 -0.49274852 -0.29787093
v -0.30022117 -0.36023032 -0.44377932
v -0.2898435 -0.34604442 -0.45613691
v -0.29184705 -0.35839629 -0.46101018
v -0.19107052 -0.31984162 -0.14720296
v -0.20081102 -0.31567692 -0.15856501
v -0.19761543 -0.30894884 -0.15873315
v -0.20723135 -0.30437752 -0.17042785
v -0.20534198 -0.29720905 -0.16856002
v -0.21437978 -0.29226547 -0.18137082
v -0.21378834 -0.28497999 -0.1775175
v -0.22306872 -0.27942216 -0.19006647
v -0.21580101 -0.2788763 -0.17149585
v -0.22415629 -0.2724781 -0.18442522
v -0.23201805 -0.26638689 -0.19807548
v -0.22571526 -0.26540589 -0.17922842
v -0.23243585 -0.25820687 -0.19289806
v -0.23847141 -0.25180402 -0.20694313
v -0.2322386 -0.24929325 -0.18816633
v -0.23771347 -0.24245768 -0.2018996
v -0.24180701 -0.23615972 -0.21604679
v -0.23713685 -0.23258753 -0.19653168
v -0.24071519 -0.22614215 -0.21038195
v -0.24262312 -0.21966074 -0.22411358
v -0.23830327 -0.21572753 -0.20455941
v -0.24076227 -0.20919174 -0.21780638
v -0.24181503 -0.20255869 -0.2310964
v -0.23704627 -0.19886291 -0.21151582
v -0.23807144 -0.1922301 -0.22468948
v -0.23775921 -0.18579134 -0.23815816
v -0.23369854 -0.18218626 -0.21825631
v -0.23328155 -0.17584011 -0.23174108
v -0.23120813 -0.16993151 -0.24527314
v -0.22754898 -0.16646267 -0.22526669
v -0.22591359 -0.16044156 -0.23860086
v -0.22296229 -0.15494926 -0.25157499
v -0.21904932 -0.15200199 -0.23184567
v -0.2174469 -0.14569631 -0.24435752
v -0.21514818 -0.13965591 -0.25670966
v -0.2110264 -0.1369899 -0.23731014
v -0.2086384 -0.13106837 -0.24949908
v -0.205719 -0.12549385 -0.26170513
v -0.20169368 -0.12279202 -0.24257789
v -0.19897428 -0.11721924 -0.254462
v -0.1957626 -0.11189936 -0.26640939
v -0.1919969 -0.10903719 -0.24738901
v -0.18901735 -0.10373017 -0.25884729
v -0.18545106 -0.09861667 -0.27028268
v -0.1821661 -0.0955775 -0.25126704
v -0.17886132 -0.09043338 -0.26214274
v -0.17491027 -0.08551491 -0.27288508
v -0.17230971 -0.08225955 -0.25401949
v -0.16862946 -0.07725948 -0.26418829
v -0.16428192 -0.0725075 -0.27396765
v -0.16233195 -0.06915771 -0.25539642
v -0.15824732 -0.06426273 -0.26467472
v -0.1535415 -0.05959672 -0.27353546
v -0.15215608 -0.05647281 -0.25544959
v -0.14765168 -0.0516001 -0.26373165
v -0.14265687 -0.0469149 -0.27144742
v -0.14161105 -0.04430421 -0.25386357
v -0.13678763 -0.03948738 -0.2610054
v -0.13156774 -0.03481244 -0.26759871
v -0.13101385 -0.03263936 -0.25063306
v -0.12598218 -0.02784082 -0.25662618
v -0.1205315 -0.02325088 -0.26207631
v -0.12313485 -0.0192012 -0.24634765
v -0.1177728 -0.01447458 -0.25134745
v -0.11196415 -0.01001727 -0.2560096
v -0.11945868 -0.00356812 -0.24289074
v -0.11391846 0.00128449 -0.24742649
v -0.10810704 0.0059987 -0.25163891
v -0.11608277 0.01195174 -0.23819984
v -0.11077156 0.01689729 -0.24225482
v -0.10504157 0.02211423 -0.24585813
v -0.11412173 0.02598092 -0.23190969
v -0.1088513 0.03104897 -0.23572662
v -0.10312061 0.03652923 -0.23901639
v -0.11281735 0.03703816 -0.22627501
v -0.10780647 0.04237446 -0.22927928
v -0.1019701 0.04884769 -0.23138721
v -0.11258525 0.04618534 -0.22045685
v -0.10760102 0.05231009 -0.22191005
v -0.10275033 0.05959973 -0.22144055
v -0.11460214 0.054535 -0.21305209
v -0.11005002 0.06070777 -0.21233667
v -0.1064407 0.06768009 -0.20945569
v -0.09806402 0.06759422 -0.21866011
v -0.1042758 0.07498896 -0.20436655
v -0.0956318 0.07563611 -0.2111628
v -0.10278455 0.08161983 -0.19755409
v -0.093996 0.08244847 -0.20287695
v -0.0848516 0.08386047 -0.20897322
v -0.0930238 0.08823319 -0.19369401
v -0.08458505 0.09002938 -0.19844645
v -0.09292522 0.09328953 -0.1841481
v -0.0850038 0.09504175 -0.18761697
v -0.09405728 0.09696896 -0.17404545
v -0.08612996 0.09887468 -0.17660601
v -0.09553244 0.09845396 -0.16324655
v -0.08802863 0.10116974 -0.16553771
v -0.09841555 0.10336419 -0.15364058
v -0.09017621 0.10308687 -0.15521274
v -0.1021803 0.1044237 -0.16337719
v -0.10174435 0.11016124 -0.15478633
v -0.1048339 0.11303575 -0.1648073
v -0.10373571 0.11827273 -0.15622742
v -0.10391518 0.12288367 -0.14814306
v -0.10584838 0.12837672 -0.15873168
v -0.10630509 0.13308124 -0.15109583
v -0.10801032 0.1363767 -0.14426797
v -0.10957784 0.14512965 -0.15593795
v -0.11160672 0.1489091 -0.14946053
v -0.11523988 0.1515332 -0.14401708
v -0.11643441 0.16225133 -0.15736821
v -0.12003278 0.16542002 -0.1521642
v -0.12515191 0.16684551 -0.14813573
v -0.12024777 0.15284045 -0.13984035
v -0.13142554 0.16648383 -0.14581343
v -0.12648388 0.15277792 -0.13734582
v -0.13765123 0.16444775 -0.14559005
v -0.13285389 0.15127457 -0.13708685
v -0.14236913 0.16081221 -0.14800703
v -0.13832166 0.148515 -0.13932779
v -0.14485092 0.15660999 -0.15210145
v -0.14104841 0.1450272 -0.14414656
v -0.1444505 0.15242287 -0.15745891
v -0.14086403 0.14165681 -0.14991751
v -0.14198455 0.14879544 -0.16294601
v -0.13828606 0.13877409 -0.15556706
v -0.13539476 0.12790392 -0.14999006
v -0.13486777 0.13512066 -0.16254249
v -0.13206766 0.12504787 -0.1566918
v -0.12930721 0.11497311 -0.15170072
v -0.13013869 0.1203874 -0.16528862
v -0.12780536 0.1105901 -0.16023173
v -0.12583832 0.10083766 -0.15579353
v -0.12877883 0.10502301 -0.16895827
v -0.13125638 0.11401993 -0.17430241
v -0.13467903 0.10588306 -0.1832378
v -0.13201509 0.09790359 -0.17728313
v -0.13901527 0.09591015 -0.1914034
v -0.1360882 0.08878775 -0.1845743
v -0.14369751 0.08574882 -0.19738526
v -0.14047348 0.07941658 -0.18963439
v -0.13720718 0.07359702 -0.18173252
v -0.13316665 0.06899225 -0.17322114
v -0.14649865 0.07104978 -0.19288303
v -0.14286708 0.0658947 -0.18438552
v -0.13858336 0.06142294 -0.17593608
v -0.13408312 0.05841803 -0.16752314
v -0.12883363 0.06671683 -0.1644621
v -0.149155 0.05934233 -0.18513786
v -0.14484408 0.05481256 -0.17697022
v -0.14020523 0.05085006 -0.16940797
v -0.15017573 0.0481166 -0.17815369
v -0.14546343 0.04377676 -0.17108817
v -0.15146786 0.04059994 -0.18270908
v -0.14688096 0.03640587 -0.17550139
v -0.14240101 0.0225046 -0.1764453
v -0.14517571 0.01521362 -0.16985358
v -0.14197203 0.01281318 -0.18517921
v -0.14581631 0.00540692 -0.17863127
v -0.14948263 -0.00322843 -0.17140574
v -0.14927555 0.00568667 -0.162227
v -0.14170648 0.00321175 -0.19440704
v -0.14575745 -0.00411389 -0.18773423
v -0.14936937 -0.01226141 -0.18054491
v -0.15252634 -0.02131474 -0.17321249
v -0.15266838 -0.01306184 -0.16392721
v -0.14505611 -0.01356536 -0.19662982
v -0.1486215 -0.02134084 -0.18949741
v -0.15183199 -0.02977681 -0.18223822
v -0.15518595 -0.03899113 -0.17493088
v -0.155708 -0.03120933 -0.16593742
v -0.1475428 -0.0302425 -0.19811014
v -0.15075001 -0.0382031 -0.19073896
v -0.15425467 -0.04687074 -0.18335659
v -0.15803133 -0.0561154 -0.17581355
v -0.15889725 -0.04879584 -0.1675193
v -0.14940094 -0.04630323 -0.19862169
v -0.15277679 -0.05448716 -0.19098475
v -0.15635618 -0.06318397 -0.18323911
v -0.15980662 -0.07204091 -0.17520001
v -0.1616365 -0.06547717 -0.16786411
v -0.15093892 -0.06194612 -0.19804877
v -0.15413205 -0.07016942 -0.18998628
v -0.15754574 -0.07848451 -0.18168367
v -0.16024932 -0.08682272 -0.17295891
v -0.1625397 -0.08099073 -0.16659759
v -0.15486921 -0.07661339 -0.19704571
v -0.15786196 -0.08458077 -0.18832935
v -0.16008187 -0.09260769 -0.17932686
v -0.16161559 -0.10060855 -0.17008791
v -0.16187062 -0.09522901 -0.16386954
v -0.16217294 -0.08950122 -0.19468116
v -0.16383963 -0.09748003 -0.18547163
v -0.16470101 -0.10548637 -0.17598731
v -0.16474874 -0.11347749 -0.16613066
v -0.16197328 -0.1088234 -0.16063767
v -0.16963893 -0.10172268 -0.19084394
v -0.17013099 -0.10961391 -0.18087375
v -0.17598508 -0.10629784 -0.19583581
v -0.17627798 -0.11382918 -0.18534368
v -0.18301808 -0.11225865 -0.20140782
v -0.18327423 -0.11922606 -0.19036175
v -0.19026561 -0.11908869 -0.20702284
v -0.19053408 -0.12568289 -0.19553265
v -0.19772484 -0.12665657 -0.2127915
v -0.19803968 -0.13295902 -0.20099376
v -0.20522695 -0.13482663 -0.21876427
v -0.20524795 -0.14115108 -0.20691967
v -0.2121388 -0.14349685 -0.22522601
v -0.2131287 -0.14927178 -0.21274319
v -0.22088913 -0.1575794 -0.21882049
v -0.22060135 -0.16368675 -0.20596456
v -0.22769413 -0.17262488 -0.21197538
v -0.22575694 -0.17934353 -0.19939242
v -0.23182807 -0.18896466 -0.20547986
v -0.22913663 -0.19558009 -0.19281801
v -0.23506404 -0.20534661 -0.19843338
v -0.23139619 -0.21198938 -0.18557834
v -0.23523171 -0.2222778 -0.19100728
v -0.23124642 -0.22886438 -0.17778335
v -0.23288571 -0.23937481 -0.18285389
v -0.22813284 -0.24630256 -0.16980242
v -0.22750382 -0.25693061 -0.17449654
v -0.22120271 -0.26364293 -0.16141407
v -0.21860805 -0.2727459 -0.16606335
v -0.20385447 -0.1286816 -0.23071399
v -0.19645923 -0.12053983 -0.22444383
v -0.19447287 -0.11463946 -0.23592536
v -0.18908612 -0.11277567 -0.21831449
v -0.18721622 -0.10664004 -0.22935578
v -0.1849105 -0.10095485 -0.24030339
v -0.18005317 -0.09899947 -0.22273205
v -0.17787636 -0.0929922 -0.23316454
v -0.17535756 -0.08750137 -0.24363097
v -0.17106169 -0.08566851 -0.22609877
v -0.16866083 -0.0798145 -0.23599737
v -0.16581599 -0.07435873 -0.24580641
v -0.1620094 -0.07290371 -0.22840042
v -0.1593213 -0.06708391 -0.23766563
v -0.15604136 -0.06164263 -0.24669158
v -0.15271624 -0.0607105 -0.22960917
v -0.14954446 -0.05494309 -0.23798188
v -0.14587324 -0.04940535 -0.2461524
v -0.14338785 -0.04877403 -0.22963963
v -0.1395439 -0.04319887 -0.23710151
v -0.13547812 -0.03781342 -0.24417913
v -0.13727389 -0.03494017 -0.22831815
v -0.13297526 -0.02935555 -0.23483802
v -0.1282784 -0.02409008 -0.24079224
v -0.13450776 -0.01959553 -0.22681891
v -0.12975046 -0.01396819 -0.23261901
v -0.12475583 -0.00864278 -0.23795363
v -0.13091896 -0.00370092 -0.22403794
v -0.1260932 0.0018418 -0.22919511
v -0.12119127 0.00709953 -0.23371215
v -0.12765397 0.01212207 -0.21967904
v -0.12332218 0.01695259 -0.22390595
v -0.11892894 0.02129769 -0.22797898
v -0.12523828 0.02509147 -0.21522763
v -0.12159319 0.02870305 -0.21883685
v -0.11748204 0.03257563 -0.22267164
v -0.1261959 0.03512195 -0.21226778
v -0.12177681 0.03760005 -0.21537546
v -0.11722374 0.04136613 -0.21794733
v -0.12886174 0.04266144 -0.21289719
v -0.12395492 0.04548765 -0.21277147
v -0.11925487 0.04949656 -0.21296745
v -0.1315394 0.04975895 -0.21660512
v -0.12806725 0.05393806 -0.21457088
v -0.12436328 0.05908819 -0.21270534
v -0.13322314 0.0576986 -0.22210972
v -0.12974034 0.06304803 -0.21956609
v -0.12654025 0.06907102 -0.21659223
v -0.12046241 0.06457059 -0.21039284
v -0.12326885 0.07596631 -0.21254225
v -0.11686372 0.07083599 -0.20699954
v -0.12008644 0.0836177 -0.20756714
v -0.11435199 0.07796179 -0.20264694
v -0.1172339 0.09176176 -0.20116485
v -0.11203435 0.08523132 -0.19684664
v -0.11432015 0.09998881 -0.19374111
v -0.11009406 0.09271962 -0.19010457
v -0.10179077 0.08778528 -0.18967117
v -0.10810046 0.10001541 -0.18239572
v -0.10141261 0.09402406 -0.18164959
v -0.10650356 0.10680098 -0.17371951
v -0.1020332 0.09946415 -0.1727321
v -0.11139445 0.10791498 -0.18540054
v -0.10860853 0.11496457 -0.17623604
v -0.10670141 0.12201806 -0.16711068
v -0.11117818 0.12492203 -0.18017597
v -0.10940762 0.13316187 -0.17091712
v -0.10898471 0.14013153 -0.16311262
v -0.11349376 0.14534091 -0.17740711
v -0.11330012 0.1523883 -0.16988864
v -0.11418555 0.15799342 -0.16327159
v -0.11872287 0.16381931 -0.17951121
v -0.12010726 0.16973345 -0.1736817
v -0.12278623 0.17433701 -0.16846573
v -0.12675671 0.18003743 -0.1862121
v -0.12977922 0.18492183 -0.18147654
v -0.13394117 0.18834286 -0.17701309
v -0.12654914 0.17765274 -0.163753
v -0.13928081 0.18962614 -0.17325639
v -0.13170945 0.17905925 -0.15986864
v -0.14501905 0.18895211 -0.17047022
v -0.13765728 0.17823207 -0.1576541
v -0.15041333 0.18578539 -0.16962057
v -0.14351208 0.17582579 -0.1570018
v -0.15408083 0.18085828 -0.17079591
v -0.14816778 0.17184779 -0.1583863
v -0.15548883 0.17516945 -0.173587
v -0.14973725 0.16674242 -0.16214788
v -0.15423542 0.16983424 -0.17748785
v -0.14882421 0.16191943 -0.16686606
v -0.15134599 0.16504183 -0.18192437
v -0.14633452 0.15759055 -0.17200011
v -0.14778564 0.15985076 -0.18717686
v -0.14294691 0.1528878 -0.17804637
v -0.13861493 0.14454291 -0.16970923
v -0.140858 0.14600537 -0.18559987
v -0.13671349 0.13839483 -0.17801119
v -0.13315522 0.12965863 -0.17129074
v -0.13738256 0.13039463 -0.18666407
v -0.13417549 0.12254802 -0.18017564
v -0.14049322 0.12067174 -0.19540414
v -0.13744922 0.11350756 -0.18922551
v -0.14475548 0.11001127 -0.20397049
v -0.14188507 0.10297415 -0.19784019
v -0.14997254 0.09929093 -0.21149635
v -0.14693664 0.09235011 -0.20472179
v -0.15658663 0.08978908 -0.2168695
v -0.15325273 0.08302073 -0.20915359
v -0.14961089 0.07673721 -0.20123325
v -0.1608954 0.07624506 -0.21038433
v -0.1570317 0.07003512 -0.20205219
v -0.15336096 0.06435358 -0.19363451
v -0.16300255 0.06442052 -0.20231792
v -0.15886092 0.0584767 -0.19401331
v -0.15418468 0.05305032 -0.18603664
v -0.16129694 0.05149674 -0.19701921
v -0.1559786 0.04590392 -0.18980558
v -0.15928033 0.04564131 -0.20234653
v -0.16603702 0.05787481 -0.2049137
v -0.16507853 0.05191186 -0.2095361
v -0.16182625 0.04723118 -0.21461992
v -0.15510751 0.04133401 -0.20809273
v -0.15712574 0.04408493 -0.21936757
v -0.14951969 0.03923142 -0.21314425
v -0.15152458 0.04343496 -0.22302171
v -0.14401285 0.0401797 -0.21605368
v -0.13682811 0.03773732 -0.21100024
v -0.13013611 0.03276694 -0.20982635
v -0.13957461 0.04264873 -0.217353
v -0.13330902 0.03986372 -0.21224635
v -0.13553811 0.0460201 -0.21734874
v -0.14604924 0.0455522 -0.22471426
v -0.14124216 0.04904961 -0.22485368
v -0.13675312 0.05317018 -0.2238968
v -0.14707703 0.05355652 -0.23349735
v -0.14223657 0.05744848 -0.2322964
v -0.13797225 0.06216453 -0.23043778
v -0.14783901 0.06350103 -0.24146041
v -0.14331504 0.0680664 -0.23925449
v -0.13906604 0.07298916 -0.23645782
v -0.13420693 0.06736847 -0.22764641
v -0.13532316 0.07860766 -0.23259507
v -0.13065148 0.07329727 -0.2241099
v -0.13114251 0.08611135 -0.22711122
v -0.12705127 0.08067091 -0.21940033
v -0.12711164 0.09516385 -0.22009545
v -0.12351821 0.08897055 -0.21335034
v -0.12337672 0.10472644 -0.21218521
v -0.12017124 0.09793395 -0.20633809
v -0.12010885 0.11508397 -0.20400008
v -0.11688754 0.10707794 -0.19825385
v -0.11723496 0.1254611 -0.19535651
v -0.11381895 0.11589098 -0.1894578
v -0.11491207 0.1360078 -0.18634609
v -0.12161543 0.13492688 -0.20314812
v -0.11951895 0.14616909 -0.1944618
v -0.11852484 0.15625631 -0.18612077
v -0.12505644 0.15504914 -0.20447516
v -0.12444461 0.16569086 -0.19712942
v -0.12505936 0.1735665 -0.19139571
v -0.13107147 0.17291738 -0.20950254
v -0.13201506 0.18141165 -0.20444846
v -0.13441161 0.18827039 -0.19993601
v -0.13980837 0.18705005 -0.2177089
v -0.14277841 0.19385767 -0.21425102
v -0.14700527 0.19917343 -0.21085424
v -0.13789595 0.19354227 -0.19571244
v -0.15202319 0.20244981 -0.20738953
v -0.14249543 0.19688555 -0.19163836
v -0.15776705 0.20327101 -0.20417407
v -0.14801771 0.19797943 -0.18806666
v -0.16316427 0.20186825 -0.20103365
v -0.15367607 0.19688101 -0.185163
v -0.16777105 0.19769389 -0.1989054
v -0.15866839 0.19335642 -0.18361362
v -0.17020757 0.19167698 -0.19809192
v -0.16188933 0.18789352 -0.18371208
v -0.16979818 0.18537281 -0.19869509
v -0.16219283 0.1817846 -0.18557137
v -0.16708965 0.17931139 -0.2005227
v -0.16037838 0.17586982 -0.18860931
v -0.16308356 0.17418316 -0.20294584
v -0.15696133 0.17085611 -0.19211672
v -0.15297152 0.16505757 -0.19664365
v -0.15009325 0.1570515 -0.20235317
v -0.14532576 0.15234476 -0.1939091
v -0.14980869 0.14804202 -0.20889233
v -0.14536468 0.14327812 -0.20130176
v -0.14117537 0.137285 -0.19371682
v -0.14763316 0.13370642 -0.20869545
v -0.14385752 0.12741436 -0.20189604
v -0.15109299 0.1238847 -0.21596294
v -0.1477936 0.11701872 -0.20999606
v -0.1558533 0.11396694 -0.22302235
v -0.15297998 0.10653636 -0.21756653
v -0.16263948 0.1052389 -0.22935886
v -0.1597964 0.09740775 -0.22353163
v -0.17051874 0.09913194 -0.23296114
v -0.16758491 0.09084785 -0.2262309
v -0.16434089 0.08316889 -0.21856743
v -0.17472232 0.08665381 -0.22664922
v -0.17108915 0.07859887 -0.21869009
v -0.1669875 0.0711284 -0.21062052
v -0.17520761 0.07295886 -0.22110153
v -0.17087534 0.06501179 -0.21292634
v -0.17602729 0.06728328 -0.22549343
v -0.17080083 0.05905827 -0.21736557
v -0.17417097 0.06251648 -0.23050944
v -0.16802616 0.05434218 -0.222283
v -0.17061825 0.05876652 -0.23537696
v -0.1639925 0.05077395 -0.22699749
v -0.16534717 0.05704068 -0.2393786
v -0.15858712 0.04931816 -0.23086486
v -0.15929612 0.05720918 -0.24200503
v -0.15258163 0.05035079 -0.23319484
v -0.15317674 0.05949999 -0.24272786
v -0.16626285 0.06624028 -0.25176012
v -0.15982976 0.06807235 -0.25259789
v -0.1539044 0.07140199 -0.25150239
v -0.16670289 0.07926361 -0.26259279
v -0.16038429 0.08208496 -0.26148444
v -0.15498042 0.08551707 -0.25868806
v -0.1488191 0.075662 -0.24898414
v -0.15026833 0.08947544 -0.25476545
v -0.14448836 0.08036909 -0.245662
v -0.1457321 0.09399047 -0.25001263
v -0.14044724 0.08559241 -0.24155408
v -0.14067545 0.10027749 -0.2431277
v -0.13592095 0.09284638 -0.23537792
v -0.13563522 0.10916198 -0.23468481
v -0.13131068 0.10216662 -0.22752556
v -0.13183224 0.11996375 -0.22685816
v -0.12741452 0.11272638 -0.21930529
v -0.12910495 0.13145926 -0.21983707
v -0.12427561 0.12374361 -0.21132524
v -0.12680414 0.14319951 -0.21237856
v -0.13476592 0.13755267 -0.22954301
v -0.13284871 0.14974014 -0.22303077
v -0.13139346 0.16197018 -0.21592941
v -0.13969327 0.15459981 -0.23443155
v -0.13835403 0.16713419 -0.22790661
v -0.13836093 0.17831243 -0.22206825
v -0.14702829 0.15828929 -0.24501615
v -0.14141081 0.14191047 -0.24017143
v -0.14863467 0.14487282 -0.25044769
v -0.15499091 0.14668665 -0.25791615
v -0.15376894 0.16128647 -0.25299128
v -0.16091151 0.14807832 -0.263334
v -0.16002444 0.16377677 -0.25833568
v -0.16693961 0.14919292 -0.26749107
v -0.16605497 0.16582256 -0.26199421
v -0.16425697 0.1806754 -0.2539086
v -0.17239585 0.16720785 -0.26394134
v -0.17032301 0.18283148 -0.254817
v -0.16540418 0.19489938 -0.24214969
v -0.16023339 0.19170782 -0.24229906
v -0.15674039 0.2002796 -0.22659942
v -0.15190346 0.19589944 -0.22846809
v -0.17127855 0.19667618 -0.24058692
v -0.16220146 0.2027588 -0.22406449
v -0.17710477 0.19650791 -0.23813189
v -0.16804358 0.20305439 -0.22127153
v -0.18221578 0.19450581 -0.23478637
v -0.17307715 0.20089992 -0.21806751
v -0.18578885 0.19058166 -0.23113271
v -0.17693772 0.19687224 -0.2152868
v -0.18664026 0.18537648 -0.2278077
v -0.17863115 0.19125907 -0.21323628
v -0.18457917 0.17957024 -0.22540393
v -0.17760843 0.1848535 -0.21239198
v -0.17993407 0.17425866 -0.22470706
v -0.17403283 0.1790312 -0.21300397
v -0.17328807 0.16948676 -0.22500665
v -0.16863918 0.17364749 -0.21433523
v -0.1761166 0.16197821 -0.23418726
v -0.16882255 0.15697777 -0.23216196
v -0.18316572 0.16565744 -0.235338
v -0.18492564 0.15418274 -0.2430139
v -0.17803521 0.15153794 -0.24125254
v -0.18830058 0.1696235 -0.23745805
v -0.19014403 0.15678666 -0.24590864
v -0.19081269 0.14261795 -0.25169467
v -0.18634039 0.14115451 -0.2478992
v -0.19080597 0.17410083 -0.24075652
v -0.19236643 0.15997889 -0.250483
v -0.19277864 0.14439423 -0.25666034
v -0.19372677 0.12790383 -0.25947716
v -0.19203226 0.12747 -0.25377187
v -0.19179979 0.1629934 -0.25524628
v -0.19244597 0.14617204 -0.26186162
v -0.19244661 0.12846016 -0.26509487
v -0.19242703 0.11036436 -0.26507306
v -0.19338545 0.11125885 -0.25875976
v -0.18988306 0.14787852 -0.26665833
v -0.18931005 0.12921513 -0.26992377
v -0.18884664 0.11019228 -0.27050006
v -0.18497344 0.09257416 -0.26557034
v -0.18899749 0.09368923 -0.26015645
v -0.18457469 0.13001129 -0.27337834
v -0.18350835 0.11051424 -0.27426302
v -0.17945589 0.09241437 -0.26956024
v -0.17320795 0.07783854 -0.26127216
v -0.17884542 0.07829858 -0.25756174
v -0.17704287 0.11151924 -0.27562508
v -0.17289233 0.09360653 -0.27110052
v -0.1707257 0.11281453 -0.27431893
v -0.16650398 0.09579094 -0.26986059
v -0.16486874 0.11421429 -0.27120599
v -0.16069534 0.09836439 -0.26688015
v -0.15953029 0.11541608 -0.26685574
v -0.15571448 0.10083847 -0.26270416
v -0.15405479 0.11648512 -0.26101401
v -0.15057185 0.10397195 -0.2569223
v -0.16094397 0.13171589 -0.26644128
v -0.15541291 0.13146093 -0.26103887
v -0.16671685 0.13168908 -0.27082634
v -0.17256993 0.13139404 -0.27385085
v -0.17302162 0.1497035 -0.26995959
v -0.17873737 0.13077256 -0.27480649
v -0.17910412 0.14960484 -0.27068084
v -0.1785949 0.16759759 -0.26416283
v -0.1849507 0.14909268 -0.26977869
v -0.18434168 0.16695982 -0.26249593
v -0.18244183 0.1834706 -0.25224494
v -0.17658895 0.18384183 -0.25423806
v -0.18894748 0.16538178 -0.25947281
v -0.18715997 0.18156544 -0.24906751
v -0.19056992 0.17847348 -0.24504578
v -0.17213811 0.06645086 -0.24861544
v -0.17662532 0.06861626 -0.24396555
v -0.1832668 0.07991083 -0.25253322
v -0.17995582 0.07195374 -0.23882468
v -0.18587155 0.08285052 -0.24675479
v -0.19104211 0.09578863 -0.25404235
v -0.18639779 0.08696068 -0.24097909
v -0.19076341 0.09894405 -0.24758987
v -0.1917573 0.11259221 -0.25263649
v -0.18699781 0.10244249 -0.24256986
v -0.18764992 0.11413951 -0.24749951
v -0.18742631 0.12720625 -0.24920058
v -0.18157228 0.11530435 -0.24422504
v -0.18154197 0.12684294 -0.24662669
v -0.1801783 0.13979433 -0.24575737
v -0.17083835 0.14770348 -0.23834155
v -0.16445219 0.14237755 -0.23349788
v -0.16183817 0.15062516 -0.22759535
v -0.1591351 0.1366011 -0.22792825
v -0.15634554 0.14473997 -0.22177898
v -0.15176335 0.13939738 -0.21549852
v -0.15483413 0.13048416 -0.22196829
v -0.15878677 0.12121837 -0.22796933
v -0.16517914 0.11313778 -0.23391905
v -0.17263719 0.10794101 -0.23826496
v -0.18053881 0.10526263 -0.23960141
v -0.17811559 0.09541607 -0.23390552
v -0.18376132 0.09144374 -0.23633644
v -0.17958207 0.08171959 -0.22903929
v -0.1811119 0.07656842 -0.23347443
v -0.13203495 0.0065624 -0.21508036
v -0.136564 0.00034807 -0.20959493
v -0.13556678 -0.00965259 -0.21834068
v -0.14001427 -0.01604235 -0.21208407
v -0.14097929 -0.0063708 -0.20339471
v -0.13888798 -0.02560826 -0.22044529
v -0.14273592 -0.03197699 -0.21355882
v -0.14399609 -0.02288848 -0.20527982
v -0.14107887 -0.04088546 -0.2212865
v -0.14434127 -0.04734091 -0.21374714
v -0.14615677 -0.03884849 -0.20619915
v -0.14665412 -0.05479747 -0.22174353
v -0.14918363 -0.06158635 -0.21368585
v -0.14740809 -0.05433962 -0.20593506
v -0.15543659 -0.06701192 -0.22099509
v -0.15784062 -0.07399462 -0.2123388
v -0.15233814 -0.06862868 -0.20532275
v -0.16446545 -0.07945304 -0.21904468
v -0.16650997 -0.08642586 -0.20981743
v -0.16012245 -0.08152156 -0.20362962
v -0.17313523 -0.09212191 -0.21615949
v -0.17484341 -0.09904637 -0.20617249
v -0.16830071 -0.09391708 -0.20044603
v -0.18185913 -0.10546725 -0.21217414
v -0.16041486 -0.11729733 -0.15110652
v -0.16105446 -0.11294174 -0.14498761
v -0.16231605 -0.10391983 -0.15452116
v -0.16298237 -0.10905549 -0.13847559
v -0.16415441 -0.09934538 -0.14807209
v -0.1640861 -0.09007362 -0.15748339
v -0.16575008 -0.09463245 -0.14090317
v -0.16569566 -0.08462097 -0.15025135
v -0.16434061 -0.07493925 -0.15934184
v -0.16663192 -0.07919449 -0.14241446
v -0.16520796 -0.06889739 -0.1512814
v -0.16252154 -0.05881531 -0.15965892
v -0.16551253 -0.06268329 -0.14237362
v -0.16279876 -0.05214465 -0.15074034
v -0.15930755 -0.04156068 -0.15858708
v -0.16261518 -0.04563615 -0.14144195
v -0.1592641 -0.03468499 -0.14929011
v -0.15581513 -0.02366064 -0.15661276
v -0.15893566 -0.02809583 -0.13979682
v -0.15571746 -0.01655353 -0.14716702
v -0.15265147 -0.00511914 -0.15457011
v -0.15551511 -0.00982067 -0.13758423
v -0.15255197 0.00221347 -0.14512005
v -0.15242533 0.00907461 -0.13523164
v -0.16203583 -0.31121394 -0.12340756
v -0.16329513 -0.3075754 -0.11968608
v -0.1644734 -0.30569556 -0.11453115
v -0.16482667 -0.30405539 -0.10724325
v -0.15685367 -0.30367964 -0.10699199
v -0.15634293 -0.30158278 -0.09906463
v -0.16331097 -0.30187535 -0.09814579
v -0.16103853 -0.09951606 -0.08036524
v -0.15980097 -0.09367773 -0.06949365
v -0.16520676 -0.08174347 -0.08339146
v -0.15892785 -0.08597146 -0.06125635
v -0.16429182 -0.07536229 -0.07495244
v -0.16603733 -0.06243965 -0.08596582
v -0.16271662 -0.06645306 -0.06695023
v -0.16417519 -0.05515204 -0.07746889
v -0.1633223 -0.04355253 -0.08691618
v -0.16114981 -0.04706716 -0.06932611
v -0.16055338 -0.03642965 -0.07844954
v -0.15892724 -0.02576567 -0.08666098
v -0.15672923 -0.02857752 -0.07029777
v -0.15531182 -0.0186673 -0.07802477
v -0.15367643 -0.0084273 -0.08526039
v -0.15018534 -0.01165931 -0.07001876
v -0.14813479 -0.00247214 -0.07675624
v -0.14576402 0.00696946 -0.08322524
v -0.14249135 -0.00566143 -0.06242729
v -0.1443912 -0.01338582 -0.05623183
v -0.13406184 -0.00915055 -0.05158504
v -0.13174276 -0.00241089 -0.0562263
v -0.15162351 -0.02047928 -0.06279352
v -0.15181744 -0.02935688 -0.05500216
v -0.14496436 -0.02134895 -0.04960675
v -0.15692047 -0.03821088 -0.06187824
v -0.15542264 -0.04666993 -0.05267994
v -0.15043675 -0.03714386 -0.04668895
v -0.15973684 -0.05661191 -0.05939204
v -0.15549112 -0.06453558 -0.04797528
v -0.15163493 -0.05380968 -0.04210588
v -0.15781971 -0.07557879 -0.05425483
v -0.14884084 -0.07058764 -0.03502262
v -0.13855387 -0.06436234 -0.01754565
v -0.1457038 -0.05974535 -0.02995631
v -0.13506983 -0.05431988 -0.01394917
v -0.14179699 -0.04987362 -0.02564437
v -0.14715758 -0.04405741 -0.03699467
v -0.13746224 -0.04069631 -0.02249466
v -0.14203518 -0.03503542 -0.03297274
v -0.14434944 -0.02829408 -0.04194938
v -0.1344411 -0.02828373 -0.03021806
v -0.13552983 -0.02233527 -0.03870451
v -0.13524779 -0.01578531 -0.0458192
v -0.12838907 -0.01932424 -0.03595888
v -0.12717491 -0.01297781 -0.04252085
v -0.12509661 -0.00644071 -0.04781359
v -0.12220531 -0.00876863 -0.03785692
v -0.12023714 -0.00213483 -0.04286975
v -0.11773672 0.00440091 -0.04688661
v -0.1225047 0.00019634 -0.05174249
v -0.11717643 0.01165465 -0.05296713
v -0.12371172 0.02234598 -0.06369942
v -0.11537064 0.00994302 -0.04216285
v -0.11429878 0.01759708 -0.04956207
v -0.11956638 0.02839546 -0.05866782
v -0.11192271 0.02321035 -0.04516672
v -0.11521042 0.03370144 -0.05203083
v -0.11941568 0.04577432 -0.05870977
v -0.12083883 0.0576695 -0.06374559
v -0.11081608 0.03816045 -0.0442564
v -0.11439029 0.04936976 -0.0478424
v -0.11485797 0.06063253 -0.05040077
v -0.1109009 0.07119741 -0.05375837
v -0.10835 0.05120581 -0.03544949
v -0.10850568 0.06175266 -0.03628537
v -0.10439193 0.07153024 -0.03845372
v -0.09712415 0.08093455 -0.04157166
v -0.10203225 0.06057981 -0.0217748
v -0.09809991 0.07003287 -0.02285246
v -0.09123669 0.07884305 -0.02516157
v -0.08193181 0.08709906 -0.02806665
v -0.0924565 0.06629436 -0.00765475
v -0.08579503 0.07511989 -0.00900436
v -0.07706068 0.08333034 -0.0111639
v -0.0808242 0.06966074 0.0065195
v -0.07257622 0.07800427 0.005434
v -0.07691053 0.0620331 0.02125176
v -0.06897139 0.07043878 0.02160002
v -0.07454004 0.05232971 0.03477868
v -0.06639267 0.06024973 0.03642252
v -0.07347386 0.04085585 0.04675112
v -0.0650747 0.04821514 0.04965652
v -0.07339236 0.02803992 0.0569202
v -0.06517484 0.03501584 0.06104488
v -0.07280075 0.01430208 0.0653847
v -0.06564118 0.02106951 0.07082401
v -0.07211656 0.00062025 0.07218689
v -0.06540682 0.0066187 0.07904238
v -0.07151422 -0.01296927 0.07800399
v -0.06482623 -0.00784437 0.08617463
v -0.07129748 -0.0264357 0.08365953
v -0.06423773 -0.02229297 0.09262608
v -0.07193077 -0.04001556 0.08927203
v -0.06428022 -0.03680765 0.09880644
v -0.07349746 -0.05353559 0.09446919
v -0.06541024 -0.05123065 0.10479826
v -0.07624621 -0.06670256 0.09838413
v -0.0677713 -0.06538307 0.11008931
v -0.07929948 -0.07931849 0.1003797
v -0.07106082 -0.07893574 0.11354406
v -0.08368194 -0.0672499 0.08541981
v -0.08623144 -0.07936763 0.08643703
v -0.09001682 -0.06772296 0.07224344
v -0.09207517 -0.07954724 0.07260588
v -0.09342248 -0.09155368 0.07159186
v -0.09760447 -0.07995756 0.05898838
v -0.0982785 -0.09178336 0.05750104
v -0.0976284 -0.10367402 0.05489809
v -0.10322482 -0.08057775 0.04559548
v -0.09605524 -0.06838046 0.05921707
v -0.10204111 -0.06917588 0.04645976
v -0.10822911 -0.06989039 0.0338239
v -0.09984463 -0.05816583 0.04586347
v -0.10603734 -0.05904634 0.03416385
v -0.11267104 -0.05953642 0.02235426
v -0.11517493 -0.070125 0.02111833
v -0.1200658 -0.05917918 0.0102949
v -0.12285832 -0.06955594 0.00820212
v -0.12766905 -0.05751899 -0.00194719
v -0.13076034 -0.06765251 -0.00485266
v -0.11660017 -0.04986066 0.01121475
v -0.12408799 -0.04847483 -0.00006483
v -0.13110239 -0.04530395 -0.01140893
v -0.1196457 -0.04074795 0.00013724
v -0.12628556 -0.03819557 -0.01025437
v -0.13144204 -0.03387314 -0.02070851
v -0.12097305 -0.03188809 -0.00974552
v -0.12557989 -0.02854594 -0.01903108
v -0.12787929 -0.02447223 -0.02810055
v -0.12080205 -0.02272587 -0.01672945
v -0.12286325 -0.01916801 -0.02460536
v -0.12342347 -0.0145223 -0.03172386
v -0.12101338 -0.01280592 -0.02033629
v -0.12165751 -0.00844224 -0.02709271
v -0.12088156 -0.00300493 -0.03290473
v -0.12119013 -0.00273627 -0.02250173
v -0.12043688 0.00272678 -0.02784937
v -0.11791382 0.00914926 -0.03233534
v -0.1187919 0.00346635 -0.03735632
v -0.1136562 0.01579992 -0.03798835
v -0.11605771 0.01391496 -0.02756718
v -0.11132354 0.02058211 -0.0331172
v -0.10863553 0.02834046 -0.03905126
v -0.10857073 0.02393467 -0.02661722
v -0.10489505 0.03195333 -0.03133255
v -0.10596875 0.04158132 -0.03442882
v -0.10175465 0.03347101 -0.02149197
v -0.10105978 0.04220002 -0.02276683
v -0.10226313 0.05080188 -0.02244988
v -0.0967481 0.03988154 -0.01103169
v -0.09682579 0.04784623 -0.00955056
v -0.09631915 0.05688539 -0.00788051
v -0.09202348 0.04287835 0.00226869
v -0.09116948 0.05147781 0.00504472
v -0.08736059 0.06068643 0.0065971
v -0.0869376 0.04426996 0.01710685
v -0.08361543 0.0532672 0.01997639
v -0.08401595 0.03470317 0.02768506
v -0.0810292 0.04359327 0.03194566
v -0.08210897 0.02369673 0.0367607
v -0.0793758 0.03238072 0.04233886
v -0.08126425 0.01220893 0.04350577
v -0.07820303 0.01998659 0.05093999
v -0.08120995 0.00103063 0.04876049
v -0.07755134 0.00732383 0.05777027
v -0.08164947 -0.00992997 0.05340927
v -0.0772852 -0.00500266 0.06328269
v -0.08232356 -0.02114707 0.05800787
v -0.07719674 -0.01737306 0.06846167
v -0.0834747 -0.03261222 0.06253476
v -0.07770615 -0.02979434 0.07358271
v -0.08524344 -0.04428691 0.06686613
v -0.07892356 -0.04239963 0.07844288
v -0.08759626 -0.05603777 0.0701754
v -0.08096016 -0.0549552 0.08262234
v -0.09117903 -0.04600157 0.05510433
v -0.09372539 -0.05709835 0.05788263
v -0.0969932 -0.04747765 0.04379964
v -0.08874882 -0.0351128 0.05127463
v -0.09385749 -0.0373031 0.04050781
v -0.09940292 -0.03911288 0.03053683
v -0.10301064 -0.04874314 0.03299969
v -0.10553963 -0.04066809 0.02094993
v -0.10942061 -0.04973194 0.02229764
v -0.11245092 -0.04160038 0.01080031
v -0.10097727 -0.03223744 0.01819117
v -0.10806882 -0.0341208 0.00893294
v -0.11510676 -0.03395098 -0.00037703
v -0.10501805 -0.02666673 0.00736617
v -0.11169605 -0.02675792 -0.00032364
v -0.11676924 -0.02533323 -0.00865418
v -0.11070697 -0.01826517 0.00115674
v -0.11538511 -0.01777419 -0.00597409
v -0.11889792 -0.01596973 -0.01319669
v -0.1151893 -0.01055457 -0.00313313
v -0.11828906 -0.00950315 -0.00949608
v -0.12030305 -0.0070019 -0.016138
v -0.11407047 -0.00300387 -0.00158527
v -0.10992961 -0.00177357 0.00339897
v -0.10943806 0.0048561 0.00190216
v -0.11299755 0.00348087 -0.00229792
v -0.11063792 -0.01006373 0.00319572
v -0.10498777 -0.00791727 0.00883889
v -0.10423819 0.00064059 0.00839782
v -0.10466682 -0.0174505 0.00742947
v -0.09799471 -0.01459895 0.01337197
v -0.09783045 -0.00511345 0.01354266
v -0.09760095 -0.02404115 0.01480625
v -0.09178309 -0.02087789 0.02256413
v -0.09105574 -0.01134626 0.01989966
v -0.09533141 -0.02994582 0.02696579
v -0.09058149 -0.02748638 0.03642058
v -0.0877869 -0.01787124 0.03229617
v -0.08512461 -0.01432414 0.04292425
v -0.08415908 -0.0043375 0.03898792
v -0.08643647 -0.00864192 0.02909987
v -0.08667831 -0.02452248 0.04713313
v -0.08368884 0.00571208 0.03501205
v -0.08539456 0.00104572 0.02642039
v -0.09005905 -0.00231893 0.01891622
v -0.0856281 0.01165879 0.02272684
v -0.08973176 0.00730393 0.01628038
v -0.09707526 0.00380741 0.01223934
v -0.0909716 0.01600455 0.01208385
v -0.09742422 0.01137614 0.00866746
v -0.1038074 0.00785722 0.00617277
v -0.09842147 0.01781212 0.00364929
v -0.09192309 0.02321117 0.00543873
v -0.09497309 0.02875643 -0.00227696
v -0.10032263 0.0225751 -0.00274208
v -0.09864319 0.03201334 -0.01160369
v -0.10297481 0.02530245 -0.01064788
v -0.10579154 0.0258061 -0.01879541
v -0.11054273 0.01983825 -0.0157874
v -0.11351482 0.01770804 -0.02222196
v -0.11645072 0.01147691 -0.01784756
v -0.11381802 0.01358117 -0.01256947
v -0.11890136 0.00768563 -0.02297117
v -0.09229027 0.03581883 -0.00036431
v -0.08882761 0.02964174 0.00933031
v -0.0880197 0.03636237 0.0134227
v -0.08695118 0.02133985 0.01716671
v -0.0851972 0.0273987 0.02283933
v -0.0838401 0.01671911 0.02998398
v -0.16352528 -0.28934881 -0.0663292
v -0.16916501 -0.28275036 -0.07387508
v -0.17731432 -0.27475023 -0.0809722
v -0.17711176 -0.26756957 -0.07855039
v -0.18390777 -0.26320564 -0.08742297
v -0.17577627 -0.26080602 -0.07597
v -0.18217319 -0.25496533 -0.08462827
v -0.18777981 -0.24928435 -0.09362347
v -0.1788578 -0.24708347 -0.08109356
v -0.18400019 -0.24048203 -0.08999291
v -0.18891614 -0.23417586 -0.09936964
v -0.17899623 -0.23260696 -0.08584272
v -0.18359075 -0.22565026 -0.09521228
v -0.18806254 -0.21899035 -0.1047941
v -0.17671018 -0.21833391 -0.09102994
v -0.18068076 -0.21123407 -0.10047321
v -0.18481925 -0.20447945 -0.11006135
v -0.17120234 -0.20564323 -0.09700325
v -0.17510876 -0.19844624 -0.10627096
v -0.17899763 -0.19168666 -0.11576194
v -0.1645459 -0.19476693 -0.10303998
v -0.16826625 -0.18752247 -0.1117589
v -0.16065315 -0.20231711 -0.09456488
v -0.16734416 -0.21328118 -0.08804316
v -0.17240241 -0.22611178 -0.08195181
v -0.17412672 -0.24029448 -0.07715008
v -0.17293894 -0.25440231 -0.07282274
v -0.09878104 -0.30007639 0.00172154
v -0.09775053 -0.30243226 0.00189072
v -0.11047668 -0.31170529 0.01197555
v -0.1089876 -0.31363582 0.01335792
v -0.10824266 -0.31753721 0.01381948
v -0.10734722 -0.31775993 0.01520526
v -0.28938406 -0.28841981 0.02503778
v 0.02469487 -0.17969375 0.09175544
v 0.29305952 -0.29511436 0.02575201
v 0.29084697 -0.28718519 0.02385337
v 0.33702102 -0.29271331 0.02226368
v 0.25438615 -0.35862261 0.02245273
v 0.26272612 -0.36224955 0.0241812
v 0.25134214 -0.36952808 0.02282547
v 0.28728455 -0.4193829 0.02300993
v 0.33609771 -0.28088915 0.01754717
v 0.32441088 -0.28817796 0.01956605
v 0.10514587 -0.31545573 0.016438
v 0.13765063 -0.3235659 0.01034263
v 0.25901159 -0.3599925 0.02086096
v 0.30543077 -0.38712751 0.01728153
v 0.33642429 -0.31502997 0.01592671
v 0.30648937 -0.31847876 0.0133249
v 0.27744045 -0.35901215 0.01480572
v 0.27022829 -0.36283484 0.01375271
v 0.35144037 -0.39274454 0.01220771
v 0.27627286 -0.47629961 0.01288384
v 0.33772182 -0.28514179 0.00764783
v 0.10522956 -0.3058601 0.00793173
v 0.29795044 -0.31417989 0.01200351
v 0.10481768 -0.31537932 0.00928351
v 0.11894363 -0.31604695 0.00830721
v 0.33438286 -0.38427805 0.00662298
v 0.25925606 -0.48036176 0.00782887
v 0.08595792 -0.29238754 -0.00005055
v 0.09103091 -0.29260161 -0.00168372
v 0.33855101 -0.30965802 0.00268235
v 0.11110406 -0.31970837 0.0033867
v 0.36618298 -0.32435584 0.00280695
v 0.13814044 -0.32716757 0.00504633
v 0.33190301 -0.3808113 0.00067998
v 0.35252127 -0.40227985 0.00524193
v 0.10905794 0.01389641 -0.00346564
v 0.36511153 -0.30937784 -0.00005485
v 0.33891615 -0.31781315 -0.0009667
v 0.29763448 -0.33017516 -0.00496982
v 0.35863816 -0.38688868 0.0014236
v 0.35916161 -0.38880896 0.00099501
v 0.29938733 -0.44962152 -0.0068583
v 0.11728476 0.00252818 -0.0097863
v 0.35446226 -0.31425848 -0.00554776
v 0.26587784 -0.38937893 -0.00662729
v 0.25260478 -0.43814837 -0.01166745
v 0.12241016 -0.12319603 -0.01672083
v 0.32432055 -0.40456223 -0.0141592
v 0.15119984 -0.30898073 -0.02766824
v 0.1711419 -0.31868094 -0.02876363
v 0.17093011 -0.32156533 -0.02817113
v 0.15880353 -0.29026302 -0.03486844
v 0.16230174 -0.32095783 -0.03331555
v 0.17082895 -0.32165485 -0.03398032
v 0.15023176 -0.3077943 -0.04177581
v 0.12924611 0.00912263 -0.06404501
v 0.27284491 -0.42769524 -0.05806344
v 0.28091579 -0.47582125 -0.06666364
v 0.13331225 0.03314315 -0.08025896
v 0.12284886 -0.22466407 -0.09225188
v 0.09964504 -0.19804684 -0.09560471
v 0.16822215 -0.35441085 -0.10257121
v 0.08300413 0.10585823 -0.10471431
v 0.14588816 -0.18719376 -0.10661283
v 0.09720812 -0.2886908 -0.10856322
v 0.11093269 0.09527049 -0.11372473
v 0.1828483 -0.29617661 -0.12005812
v 0.16080196 -0.17168803 -0.1237198
v 0.1421585 0.03565783 -0.15334866
v 0.12751786 0.08321877 -0.16649121
v 0.16801513 -0.52944612 -0.16161266
v 0.13900919 0.02891152 -0.20060552
v 0.15817253 0.16078493 -0.21555426
v 0.29775512 -0.37950345 -0.21793432
v 0.26744061 -0.33023229 -0.22856184
v 0.16908603 0.12625806 -0.23964223
v 0.0850586 0.06444238 -0.23262697
v 0.15178686 0.18284837 -0.24134749
v 0.14350633 0.1204726 -0.24667674
v 0.10763567 -0.5661984 -0.48013266
v 0.02760563 -0.17620503 0.0972117
v 0.03423683 -0.17615413 0.08991296
v 0.02721059 -0.18077217 0.08523433
v 0.01810904 -0.18135964 0.09245892
v 0.01896653 -0.17705506 0.10203968
v 0.01870032 -0.18372613 0.08318843
v 0.29117035 -0.29409003 0.02657226
v 0.29148078 -0.29069703 0.02479181
v 0.29323211 -0.29357466 0.02376343
v 0.29529625 -0.29996675 0.02597969
v 0.29261177 -0.29994326 0.0285915
v 0.29656204 -0.2991006 0.02233409
v 0.29051607 -0.28741967 0.02237428
v 0.29104691 -0.28990891 0.02123117
v 0.29178842 -0.29011291 0.02279075
v 0.29004293 -0.29021936 0.02522018
v 0.33425161 -0.29089644 0.02314062
v 0.33626696 -0.28720009 0.02147167
v 0.33869296 -0.29078206 0.01985666
v 0.33748364 -0.29787781 0.0223901
v 0.33299493 -0.29711771 0.02472491
v 0.34066048 -0.29744347 0.01865661
v 0.25586554 -0.35863184 0.02374264
v 0.25476485 -0.3601886 0.0257118
v 0.25443658 -0.361225 0.02020393
v 0.25678986 -0.36030668 0.0201591
v 0.25316825 -0.36097022 0.02459545
v 0.25263086 -0.36279851 0.02177466
v 0.25837966 -0.36552959 0.02922872
v 0.25639918 -0.36210632 0.02742957
v 0.25903511 -0.36022171 0.02442061
v 0.26069948 -0.36147987 0.01868811
v 0.26532599 -0.36765682 0.02759398
v 0.26104289 -0.3706699 0.02933871
v 0.26571047 -0.36278456 0.01929406
v 0.26791811 -0.3659389 0.02328988
v 0.26310238 -0.36305117 0.01559428
v 0.25240036 -0.36870655 0.02554848
v 0.25392916 -0.3736971 0.02486792
v 0.25228458 -0.37311935 0.02112249
v 0.25129631 -0.36741 0.02075898
v 0.25204369 -0.36504849 0.02381443
v 0.25247737 -0.37154883 0.01767987
v 0.29601043 -0.41135093 0.02218822
v 0.30176344 -0.41829425 0.0218522
v 0.29481083 -0.42702093 0.02248621
v 0.28478878 -0.40733611 0.02452981
v 0.29159483 -0.40399825 0.02197527
v 0.27891394 -0.42066311 0.02164413
v 0.27808505 -0.41013449 0.02445352
v 0.33914366 -0.28276419 0.01649205
v 0.3380109 -0.28493207 0.01909272
v 0.33464759 -0.2824983 0.01952213
v 0.33111327 -0.2817474 0.01746241
v 0.33413809 -0.28031936 0.01510941
v 0.33776763 -0.28115186 0.01285294
v 0.32723364 -0.28831541 0.02208202
v 0.32457748 -0.29384389 0.02289142
v 0.32174944 -0.29191076 0.01918514
v 0.32117787 -0.29008981 0.01476833
v 0.32556152 -0.28591811 0.01691615
v 0.3293361 -0.28420543 0.02014744
v 0.10657736 -0.31648123 0.01573015
v 0.10496705 -0.31682482 0.01491708
v 0.10560756 -0.31379896 0.01483282
v 0.10748256 -0.31556722 0.01477729
v 0.10523731 -0.31659698 0.01306263
v 0.13361504 -0.32250535 0.01083192
v 0.13580098 -0.31883803 0.00957571
v 0.14006413 -0.32082441 0.00846384
v 0.14137734 -0.32392066 0.00548273
v 0.13859313 -0.32618373 0.00786954
v 0.13312736 -0.32572051 0.00837735
v 0.25785556 -0.36254626 0.016972
v 0.30916059 -0.3798753 0.01951299
v 0.31970787 -0.38138169 0.01582378
v 0.31993243 -0.38747021 0.0144997
v 0.29465907 -0.38006243 0.01773296
v 0.30037772 -0.3755624 0.02036736
v 0.29409661 -0.39204594 0.01820578
v 0.28724411 -0.38359108 0.01853186
v 0.32155531 -0.39351266 0.01426084
v 0.31086129 -0.39551898 0.01772763
v 0.30035495 -0.40005442 0.01922624
v 0.33081296 -0.31268793 0.02178972
v 0.33191278 -0.30442699 0.02372233
v 0.33707815 -0.30562257 0.02016139
v 0.33289361 -0.32281237 0.01665148
v 0.32743126 -0.32023936 0.02015101
v 0.3396866 -0.31313672 0.01172115
v 0.34521099 -0.31737592 0.01243203
v 0.34278255 -0.32104185 0.0144373
v 0.33852848 -0.32647648 0.01644603
v 0.33958491 -0.3049792 0.01593526
v 0.31133258 -0.32127338 0.01857154
v 0.3066141 -0.32595923 0.01950313
v 0.30217057 -0.32122692 0.01855839
v 0.31254056 -0.3121483 0.0152158
v 0.31594616 -0.3148843 0.01984623
v 0.29923674 -0.31411072 0.0188995
v 0.30588507 -0.31577131 0.0077197
v 0.31152752 -0.31037297 0.00965926
v 0.2989133 -0.31784257 0.0059927
v 0.28216248 -0.35619565 0.01787727
v 0.28443908 -0.36503669 0.01697323
v 0.27835473 -0.3682464 0.01645657
v 0.27704316 -0.34531921 0.01736297
v 0.28079196 -0.34563458 0.02157905
v 0.27316114 -0.37080815 0.02048433
v 0.27107814 -0.36503708 0.01834023
v 0.27621743 -0.35519853 0.01066651
v 0.27548432 -0.34346437 0.0119201
v 0.26646423 -0.36541569 0.01200392
v 0.27078953 -0.3663479 0.00585465
v 0.27419909 -0.36131349 0.00568621
v 0.27672901 -0.35217112 0.00501593
v 0.3523792 -0.38985118 0.01062749
v 0.35585907 -0.39175435 0.00926879
v 0.35371419 -0.39464139 0.01127573
v 0.34864717 -0.39681336 0.01328374
v 0.34693917 -0.39299684 0.01311948
v 0.34617251 -0.38890942 0.01114522
v 0.27903792 -0.47197735 0.01419207
v 0.2822332 -0.4739587 0.00865572
v 0.27745699 -0.47926887 0.00841233
v 0.27240219 -0.47669032 0.01448071
v 0.27448487 -0.47019976 0.01751187
v 0.27245751 -0.48210036 0.00875649
v 0.34007838 -0.28556898 0.01045425
v 0.33429777 -0.2827605 0.00844195
v 0.33044496 -0.28908723 0.00378166
v 0.33554568 -0.29113695 0.00345958
v 0.34004479 -0.29318773 0.00603897
v 0.10594815 -0.30774372 0.00987399
v 0.10335084 -0.31244459 0.00678865
v 0.10200753 -0.30929118 0.00457503
v 0.10857389 -0.30331152 0.00644982
v 0.1153249 -0.30694428 0.00824383
v 0.11370976 -0.30905631 0.01003851
v 0.11236488 -0.31028789 0.01095232
v 0.10106863 -0.30405959 0.00466055
v 0.10304962 -0.30208575 0.00371613
v 0.1000414 -0.30706846 0.0023441
v 0.29630273 -0.30578011 0.01550571
v 0.29254987 -0.30443814 0.01233144
v 0.29228624 -0.31219303 0.00818348
v 0.29256442 -0.31816583 0.00450319
v 0.2977083 -0.30634969 0.02061729
v 0.10625149 -0.30971878 0.0117698
v 0.10612301 -0.31172293 0.01291478
v 0.10522059 -0.31607413 0.01067242
v 0.10969226 -0.31725129 0.01253338
v 0.11166986 -0.31562668 0.01200567
v 0.11357676 -0.31938335 0.00698463
v 0.12031129 -0.31251528 0.00740564
v 0.12548479 -0.31597244 0.00692448
v 0.12455351 -0.31910842 0.00783547
v 0.11525842 -0.31608569 0.00998503
v 0.12400957 -0.32173088 0.00611108
v 0.11915782 -0.31984353 0.00571135
v 0.32707369 -0.38249006 0.01130728
v 0.32711032 -0.37710213 0.01160319
v 0.33123976 -0.37836849 0.00709832
v 0.33895486 -0.38502204 0.00215312
v 0.33776548 -0.38905584 0.01000982
v 0.32866606 -0.38814994 0.0114542
v 0.34552416 -0.38599014 0.00750662
v 0.26268661 -0.48260846 0.00798212
v 0.26125541 -0.48410499 0.00140663
v 0.25673034 -0.47938656 0.00340272
v 0.25826194 -0.47347042 0.01182304
v 0.26277393 -0.47517815 0.01441834
v 0.25464823 -0.47143068 0.00714102
v 0.08570362 -0.29360309 0.00107973
v 0.08278501 -0.29322829 -0.00038648
v 0.0834354 -0.29284718 -0.00188728
v 0.08831049 -0.29264181 -0.00073855
v 0.08819872 -0.29485189 0.00085368
v 0.08466359 -0.29194912 -0.00434831
v 0.08650271 -0.29077401 -0.00644054
v 0.09085036 -0.2962915 0.00031143
v 0.09549672 -0.29560196 -0.00090237
v 0.09474733 -0.29829818 0.00031205
v 0.08872418 -0.28944358 -0.00952441
v 0.09270182 -0.28915333 -0.00529505
v 0.09678386 -0.29227706 -0.00319338
v 0.08532141 -0.29579353 0.00180431
v 0.08321243 -0.29668161 -0.00004343
v 0.33170202 -0.30594328 -0.00165569
v 0.32946839 -0.31311211 -0.00314121
v 0.3383567 -0.30062115 0.00371576
v 0.3334681 -0.29782387 -0.00010453
v 0.34036752 -0.31059461 0.00643555
v 0.3403221 -0.30247241 0.00760427
v 0.34606757 -0.31330874 0.00317483
v 0.34643545 -0.31379032 0.00613926
v 0.34628009 -0.31534686 -0.00130401
v 0.11894292 -0.32073956 0.00300717
v 0.11270148 -0.31979954 -0.00023753
v 0.11923772 -0.32060277 0.00013443
v 0.36717736 -0.32204619 0.00583854
v 0.36677694 -0.31735807 0.00107305
v 0.3650493 -0.32189822 -0.00162034
v 0.36423343 -0.32860899 0.00325668
v 0.36554861 -0.32803824 0.00856658
v 0.36214304 -0.32704883 -0.00227911
v 0.13936409 -0.32631492 0.00253671
v 0.13436777 -0.32771307 0.00140703
v 0.13363859 -0.32716083 0.00478946
v 0.33412697 -0.37140092 0.00185129
v 0.33347562 -0.36938279 -0.00461783
v 0.33017301 -0.37759766 -0.0054091
v 0.33290216 -0.37166479 0.00730864
v 0.33074486 -0.38597291 -0.00844102
v 0.33586782 -0.38692557 -0.00488233
v 0.34216681 -0.38713574 -0.00289191
v 0.34761139 -0.4059143 0.00587479
v 0.34601298 -0.40460088 0.00987176
v 0.35272848 -0.4014427 0.0086987
v 0.35598689 -0.39796701 0.00591063
v 0.35388562 -0.40049856 0.00276985
v 0.34848961 -0.40551057 0.00173838
v 0.10562823 0.01779935 -0.00291009
v 0.10776937 0.01987522 -0.0091456
v 0.11132964 0.01405485 -0.00757225
v 0.10912337 0.00984398 -0.00064191
v 0.10424801 0.01338415 0.00242857
v 0.11240445 0.0089211 -0.0046736
v 0.36130237 -0.30893543 0.00153693
v 0.3601734 -0.31109127 -0.00417049
v 0.3642764 -0.31368535 -0.00300201
v 0.36599993 -0.31371676 0.0045503
v 0.362641 -0.31169781 0.00703672
v 0.33237752 -0.3247962 -0.00553091
v 0.33847537 -0.32937005 -0.0086758
v 0.34382775 -0.32323178 -0.00623447
v 0.32464256 -0.32007926 -0.0072506
v 0.34803012 -0.31959182 -0.00582237
v 0.30481821 -0.32178622 -0.00399825
v 0.30087652 -0.31975635 0.00147862
v 0.2942534 -0.32332158 0.00097208
v 0.30546695 -0.3317793 -0.01260249
v 0.31087386 -0.3234083 -0.01023352
v 0.29416292 -0.34392026 -0.01000048
v 0.30104953 -0.34434106 -0.01574432
v 0.28698533 -0.32621717 0.0005507
v 0.28736078 -0.33424401 -0.00338262
v 0.28620058 -0.34607562 -0.00688836
v 0.35806781 -0.38770645 0.00420213
v 0.3534297 -0.3853971 0.0041622
v 0.35437089 -0.38637438 0.00031619
v 0.3553482 -0.38902327 -0.00096974
v 0.35922908 -0.39014023 0.00277779
v 0.35635894 -0.39200326 -0.00017759
v 0.30472227 -0.43712487 -0.00162457
v 0.30335059 -0.43409386 -0.0088208
v 0.3001132 -0.44302222 -0.0147954
v 0.29924109 -0.44896295 0.00486866
v 0.30508557 -0.43805593 0.00598451
v 0.29925617 -0.45124965 -0.02698405
v 0.29841777 -0.45828542 -0.0220783
v 0.29451078 -0.46596437 -0.01873455
v 0.29531416 -0.46193057 -0.00549359
v 0.29358863 -0.45927825 0.00330666
v 0.11546581 0.00280672 -0.00624809
v 0.11512731 0.00810984 -0.00901936
v 0.11739935 0.00625057 -0.01330741
v 0.11887424 -0.0014941 -0.01220884
v 0.11689221 -0.00289599 -0.00669611
v 0.11973629 0.00231765 -0.01799779
v 0.35537779 -0.31123611 -0.0017816
v 0.35103872 -0.31342017 -0.00119853
v 0.3515779 -0.31678286 -0.00570323
v 0.35500559 -0.32044351 -0.00798747
v 0.35779804 -0.31601586 -0.00663919
v 0.27161893 -0.3806732 -0.00849971
v 0.26752254 -0.37762802 -0.00032537
v 0.26259747 -0.38212332 0.00162709
v 0.27235469 -0.39122599 -0.01480484
v 0.27657133 -0.38319549 -0.01548427
v 0.26283022 -0.40264609 -0.00872511
v 0.26855427 -0.40250843 -0.01467224
v 0.25791946 -0.38685065 0.0061142
v 0.259108 -0.39441359 0.00134023
v 0.2585031 -0.40546274 -0.0014346
v 0.25673455 -0.42705148 -0.00568104
v 0.2558338 -0.42958599 0.00147044
v 0.25409987 -0.44021108 -0.0010693
v 0.2521452 -0.45033916 -0.0024234
v 0.24836069 -0.44942942 -0.01096052
v 0.25637674 -0.43136093 -0.01878993
v 0.26020443 -0.42423296 -0.01236979
v 0.24328689 -0.44980374 -0.02387415
v 0.24607266 -0.44130203 -0.02510859
v 0.2504487 -0.43480488 -0.02850244
v 0.11263499 -0.11866208 0.0056249
v 0.11577809 -0.10546055 0.01107848
v 0.12481886 -0.10642769 -0.00516124
v 0.13388824 -0.1048037 -0.01991739
v 0.13366884 -0.11889975 -0.03152675
v 0.13575537 -0.12876237 -0.04945963
v 0.12575429 -0.13563989 -0.04099315
v 0.11476573 -0.1326763 -0.01636312
v 0.10808784 -0.12849986 0.00233829
v 0.1171312 -0.1419148 -0.03671501
v 0.32583797 -0.41218015 -0.00912889
v 0.33382082 -0.40789169 -0.00860959
v 0.33298581 -0.40165135 -0.01148499
v 0.33223074 -0.39359358 -0.01140761
v 0.32584455 -0.39317247 -0.01477511
v 0.31906825 -0.39013221 -0.01890344
v 0.31718802 -0.4004119 -0.0182551
v 0.31136241 -0.40970864 -0.01822794
v 0.31507211 -0.41405656 -0.01376297
v 0.31697589 -0.41884467 -0.00859908
v 0.15059058 -0.30515602 -0.02396708
v 0.1562424 -0.30416843 -0.02843316
v 0.15825748 -0.30919277 -0.02943332
v 0.14684803 -0.31102496 -0.02061712
v 0.14832867 -0.30803293 -0.01829678
v 0.15573531 -0.3140507 -0.03616223
v 0.15323874 -0.3111934 -0.03821156
v 0.14751541 -0.30893325 -0.0290309
v 0.14390133 -0.31177255 -0.02231688
v 0.17052824 -0.31542804 -0.02965556
v 0.17236512 -0.31614643 -0.03211611
v 0.17183306 -0.31990614 -0.03002889
v 0.16959181 -0.31990593 -0.02776201
v 0.16753837 -0.31637263 -0.02824149
v 0.17162688 -0.32087534 -0.03202318
v 0.16993227 -0.32261192 -0.03001563
v 0.16745616 -0.32162001 -0.02863567
v 0.15357261 -0.29450893 -0.02651555
v 0.15185473 -0.28984838 -0.02487114
v 0.15601122 -0.28519353 -0.03282667
v 0.1597653 -0.27692517 -0.04296143
v 0.16223295 -0.28088983 -0.04600982
v 0.16383759 -0.28345766 -0.04988225
v 0.16346071 -0.29059135 -0.04106703
v 0.16425998 -0.29687836 -0.03691045
v 0.15947125 -0.29776334 -0.03245523
v 0.15462473 -0.29948079 -0.02783271
v 0.16186054 -0.31447085 -0.02930633
v 0.15945464 -0.31574147 -0.03095038
v 0.15988691 -0.31834977 -0.03487436
v 0.1632485 -0.32028523 -0.03071427
v 0.16615563 -0.32299113 -0.03134678
v 0.16436313 -0.32226139 -0.03494219
v 0.16221827 -0.31903931 -0.03828701
v 0.17248144 -0.3177554 -0.03493917
v 0.1703858 -0.31976118 -0.03665388
v 0.16901572 -0.32300835 -0.0328985
v 0.16731536 -0.32160648 -0.03668109
v 0.14443846 -0.30888545 -0.03038599
v 0.14409209 -0.30565258 -0.03982596
v 0.13968014 -0.30783611 -0.03036827
v 0.15113334 -0.30298546 -0.05187924
v 0.14606748 -0.30221235 -0.05024379
v 0.15655134 -0.30808836 -0.04756034
v 0.15606387 -0.30277991 -0.05376792
v 0.15781353 -0.31189978 -0.04391351
v 0.129269 0.00381042 -0.05997757
v 0.12153428 0.00678861 -0.05567752
v 0.12568268 0.01473659 -0.06381098
v 0.13765628 0.00931857 -0.0728183
v 0.13998772 0.00179699 -0.06775645
v 0.13557288 0.01864546 -0.07704682
v 0.28214889 -0.43492981 -0.05795218
v 0.28529766 -0.43310996 -0.04615524
v 0.27726501 -0.42821109 -0.04494927
v 0.26973587 -0.42630356 -0.04161822
v 0.26425176 -0.42680111 -0.05104851
v 0.25845968 -0.42276042 -0.0576048
v 0.26545169 -0.42026779 -0.06355919
v 0.27891674 -0.42548495 -0.070358
v 0.28342029 -0.43437162 -0.07004062
v 0.27357184 -0.41704055 -0.07138154
v 0.28634592 -0.46676459 -0.06796122
v 0.29148262 -0.46855232 -0.07944843
v 0.28860932 -0.477187 -0.07984053
v 0.28511306 -0.4721232 -0.04872022
v 0.28885299 -0.46517589 -0.05168224
v 0.2733567 -0.48153337 -0.05651012
v 0.27959525 -0.47826227 -0.0433446
v 0.28514871 -0.4867542 -0.08134387
v 0.27664703 -0.48642697 -0.07260173
v 0.26774746 -0.48710933 -0.06476493
v 0.12500159 0.0406632 -0.06896757
v 0.12681347 0.0531979 -0.07601998
v 0.13395054 0.04762323 -0.08824767
v 0.13975477 0.04338153 -0.0978776
v 0.14168429 0.03160207 -0.09374765
v 0.14371459 0.01832436 -0.08890876
v 0.12866883 -0.22086568 -0.08525519
v 0.12789724 -0.22844265 -0.07885934
v 0.12298237 -0.23153334 -0.08302111
v 0.11901038 -0.23734556 -0.08651241
v 0.11779186 -0.2343118 -0.09379042
v 0.12603899 -0.21322782 -0.09874632
v 0.13080431 -0.21224777 -0.09249936
v 0.11629716 -0.22177907 -0.10092193
v 0.12023682 -0.21081884 -0.10359258
v 0.11245656 -0.23165947 -0.09960631
v 0.09484338 -0.18670316 -0.09374352
v 0.10407158 -0.1806344 -0.09887828
v 0.10823282 -0.18849684 -0.10113652
v 0.08557973 -0.19972036 -0.08861375
v 0.08290009 -0.19051083 -0.08796541
v 0.09609576 -0.21169768 -0.09377212
v 0.08550152 -0.21091166 -0.08861595
v 0.11284177 -0.19357049 -0.10367988
v 0.1078181 -0.20318022 -0.1002499
v 0.10317719 -0.21453498 -0.09785166
v 0.15460908 -0.35194656 -0.09683978
v 0.15412508 -0.34144231 -0.10351235
v 0.16510188 -0.34207275 -0.10949893
v 0.16351103 -0.36897796 -0.09288871
v 0.15362414 -0.36545369 -0.08984998
v 0.17946748 -0.3653796 -0.10379567
v 0.17343692 -0.37585926 -0.09579057
v 0.18162372 -0.34881097 -0.11647145
v 0.18902744 -0.35857519 -0.11530299
v 0.17758092 -0.34059166 -0.11992606
v 0.26010099 -0.52464586 -0.11364787
v 0.25377181 -0.52546268 -0.11038888
v 0.25931999 -0.52051013 -0.1013674
v 0.26594033 -0.52162098 -0.11081297
v 0.08148944 0.10805993 -0.11312928
v 0.09082861 0.10394289 -0.11622869
v 0.09565379 0.09920287 -0.10488842
v 0.08513478 0.10125673 -0.08781084
v 0.06977652 0.1085036 -0.09134842
v 0.06789571 0.11209413 -0.10696598
v 0.1434841 -0.18474592 -0.11048682
v 0.15791226 -0.1791176 -0.1151283
v 0.15601776 -0.18552726 -0.1078739
v 0.1530369 -0.19249081 -0.10052745
v 0.14220067 -0.19311267 -0.10173689
v 0.13729563 -0.19315503 -0.10520879
v 0.10510968 -0.2826198 -0.1109877
v 0.11424017 -0.29104852 -0.1149547
v 0.1105381 -0.29655158 -0.11290045
v 0.10816785 -0.30414643 -0.10997441
v 0.09556903 -0.30090937 -0.10710717
v 0.0921273 -0.27499079 -0.10410978
v 0.09888999 -0.27249673 -0.10648013
v 0.08229551 -0.28900206 -0.1036378
v 0.08092133 -0.27647754 -0.10047667
v 0.08183136 -0.30148983 -0.10346315
v 0.11628218 0.10182903 -0.11809822
v 0.12271931 0.09788137 -0.11857615
v 0.12124897 0.08974713 -0.11578357
v 0.12385192 0.07775534 -0.11148208
v 0.11634542 0.08337991 -0.10494696
v 0.10739599 0.08887136 -0.09495937
v 0.10141754 0.10056239 -0.11871904
v 0.10930249 0.10445404 -0.12084401
v 0.19105446 -0.28554526 -0.11603909
v 0.19855596 -0.28132396 -0.12694996
v 0.19283388 -0.29055842 -0.13189366
v 0.17921367 -0.29527542 -0.10812014
v 0.18526187 -0.28732681 -0.10596681
v 0.18893975 -0.29606917 -0.13734594
v 0.1793176 -0.30147919 -0.12824457
v 0.17267397 -0.30289545 -0.11665894
v 0.17245981 -0.30071076 -0.107909
v 0.17148491 -0.30562812 -0.12280514
v 0.15236845 -0.16815927 -0.12469965
v 0.1636092 -0.15975171 -0.13562475
v 0.17051029 -0.1629868 -0.1374178
v 0.18047222 -0.16729277 -0.14086948
v 0.17520113 -0.17406381 -0.12952844
v 0.17133745 -0.18028986 -0.12060137
v 0.13691064 0.04915957 -0.15092335
v 0.13692611 0.04873098 -0.16112142
v 0.14229117 0.04012145 -0.16484278
v 0.14390389 0.02493638 -0.16251054
v 0.14882245 0.01394385 -0.15324144
v 0.14826691 0.02200028 -0.14388342
v 0.14373192 0.03182746 -0.16964951
v 0.12509344 0.08567008 -0.16074802
v 0.12662258 0.09570049 -0.16391757
v 0.12939059 0.08963156 -0.17117509
v 0.1330049 0.08200197 -0.17728245
v 0.12924608 0.07693583 -0.16902151
v 0.12555182 0.07630688 -0.16149219
v 0.1606775 -0.51618772 -0.14419984
v 0.17031961 -0.51410567 -0.14100237
v 0.17940111 -0.52494996 -0.15338614
v 0.19250127 -0.53249728 -0.16278448
v 0.18567113 -0.53539502 -0.17373086
v 0.15334954 -0.52941227 -0.15764054
v 0.15074418 -0.51780468 -0.14263097
v 0.18172496 -0.54221737 -0.1832277
v 0.16555325 -0.53923207 -0.17455853
v 0.15355655 -0.53761869 -0.16909894
v 0.14790357 0.03576797 -0.20404289
v 0.1410312 0.03568616 -0.20900039
v 0.13352075 0.03124537 -0.20708668
v 0.12884299 0.02161457 -0.21140906
v 0.13265495 0.01713096 -0.20687699
v 0.13906593 0.0199974 -0.19189243
v 0.14376473 0.02872799 -0.18313621
v 0.14798817 0.03404022 -0.19064053
v 0.15342572 0.03976585 -0.19619025
v 0.13738124 0.01018736 -0.20061819
v 0.15451239 0.15949842 -0.21023483
v 0.15841178 0.16798801 -0.20592999
v 0.16275322 0.1674155 -0.2153462
v 0.16615873 0.16362324 -0.22418513
v 0.15929248 0.15673786 -0.22072425
v 0.15429864 0.15191891 -0.21551023
v 0.29492873 -0.37776783 -0.21206004
v 0.29043173 -0.37439689 -0.21746546
v 0.29567802 -0.37779077 -0.22400037
v 0.30198773 -0.3828271 -0.23029081
v 0.30308857 -0.38342678 -0.2203879
v 0.30145818 -0.38211718 -0.21086576
v 0.25488266 -0.33175307 -0.20585587
v 0.24964013 -0.32187277 -0.20888805
v 0.25937679 -0.31903851 -0.22827978
v 0.26492524 -0.31246218 -0.24770328
v 0.2725813 -0.3206256 -0.25099712
v 0.27931341 -0.32703647 -0.25644949
v 0.27696609 -0.33575028 -0.23994672
v 0.27609956 -0.34494337 -0.22756668
v 0.26784145 -0.34256169 -0.21537025
v 0.16683094 0.13298879 -0.23767714
v 0.17325209 0.13732636 -0.24268953
v 0.17497885 0.12632715 -0.24394372
v 0.16718109 0.12050055 -0.23738931
v 0.16232675 0.12786641 -0.23293063
v 0.17410375 0.11681897 -0.24185173
v 0.08500819 0.07603117 -0.21998038
v 0.07463108 0.07592109 -0.22575737
v 0.07356252 0.06614565 -0.2370654
v 0.07116346 0.05560115 -0.24817033
v 0.07947509 0.05295019 -0.24622777
v 0.08849248 0.04827877 -0.24404464
v 0.094767 0.05602854 -0.23278369
v 0.15597651 0.18784993 -0.24201639
v 0.14830131 0.1901519 -0.23037838
v 0.14592795 0.18204169 -0.23350122
v 0.14566804 0.17108476 -0.23874038
v 0.15268097 0.17449957 -0.24683503
v 0.15870742 0.17782908 -0.25150471
v 0.14268577 0.1294011 -0.24439695
v 0.13689942 0.12583608 -0.23522338
v 0.14001387 0.11547391 -0.24159909
v 0.14499953 0.1083192 -0.24954131
v 0.1482445 0.1181356 -0.25362071
v 0.14939181 0.13095949 -0.25378489
v 0.10997043 -0.56648325 -0.4735904
v 0.12134329 -0.56672406 -0.48279571
v 0.11491305 -0.56621807 -0.48973575
v 0.10737054 -0.56573444 -0.49561911
v 0.10151688 -0.56591248 -0.481424
v 0.10068129 -0.56615525 -0.47083455
v 0.10386222 -0.56649881 -0.4632636
v 0.11496128 -0.56690686 -0.46738505
v 0.09466352 -0.56553852 -0.48546123
v 0.09304662 -0.56582742 -0.47223302
v 0.09460468 -0.56616109 -0.46230614
v 0.09748196 -0.56657016 -0.45280477
v 0.10802835 -0.56694954 -0.45507782
v 0.0849592 -0.56548804 -0.47473046
v 0.08562886 -0.56585741 -0.46285113
v 0.08747082 -0.56627208 -0.45190903
v 0.08998183 -0.56675511 -0.44118854
v 0.1008393 -0.56707447 -0.44307726
v 0.07644041 -0.56559306 -0.46402272
v 0.0776039 -0.56604659 -0.45189756
v 0.07945916 -0.56653797 -0.44019737
v 0.08168891 -0.56706404 -0.42873975
v 0.09279581 -0.567312 -0.43040016
v 0.0678475 -0.56589031 -0.45237609
v 0.06917785 -0.56640511 -0.43985053
v 0.07087149 -0.56691187 -0.42773878
v 0.0727492 -0.56741845 -0.41582059
v 0.0839744 -0.5676074 -0.41736593
v 0.0590829 -0.56634187 -0.43993178
v 0.06036619 -0.56685227 -0.42719921
v 0.06183791 -0.56733101 -0.4147433
v 0.0633405 -0.56776881 -0.40239599
v 0.07461512 -0.56791287 -0.40392324
v 0.05007327 -0.56686818 -0.42694681
v 0.05117635 -0.56732398 -0.41401511
v 0.05236099 -0.56772851 -0.40125897
v 0.05355461 -0.56808543 -0.38857102
v 0.06482024 -0.56817323 -0.39005723
v 0.04073509 -0.56738257 -0.41354575
v 0.04162438 -0.56776791 -0.4004333
v 0.04254709 -0.56809431 -0.38744029
v 0.04343873 -0.56838119 -0.37445145
v 0.0546991 -0.56840843 -0.37586268
v 0.03104516 -0.56785494 -0.39983576
v 0.03173693 -0.56816148 -0.38662436
v 0.03237792 -0.56842207 -0.3734056
v 0.03297352 -0.5686689 -0.36017626
v 0.04424986 -0.56864893 -0.36141732
v 0.0210528 -0.56824618 -0.38600882
v 0.02148901 -0.568493 -0.3726955
v 0.02187223 -0.56872916 -0.3592776
v 0.02221236 -0.56900245 -0.34580555
v 0.03350798 -0.56894385 -0.34690466
v 0.01070383 -0.56855291 -0.37220785
v 0.01089966 -0.56878304 -0.35875797
v 0.0110717 -0.5690599 -0.34515935
v 0.01122333 -0.56942194 -0.33142772
v 0.02252655 -0.56936067 -0.33214068
v 0.01139491 -0.56993925 -0.31747031
v 0.01161013 -0.57058244 -0.3033784
v 0.02330537 -0.57048553 -0.30429995
v 0.0228791 -0.56986367 -0.31829991
v 0.01188352 -0.5712561 -0.28913164
v 0.01219841 -0.57178115 -0.27500876
v 0.02446766 -0.57162344 -0.276113
v 0.02384949 -0.57112532 -0.29019317
v 0.01248303 -0.57189178 -0.26088312
v 0.0127213 -0.57111871 -0.24669058
v 0.02542342 -0.57081204 -0.24782064
v 0.02500543 -0.57163119 -0.2620176
v 0.01288213 -0.5694502 -0.23241478
v 0.0130301 -0.56692361 -0.2180998
v 0.0260181 -0.56669098 -0.21920512
v 0.02574459 -0.56915926 -0.23354339
v 0.01315265 -0.5636729 -0.2037554
v 0.01337619 -0.56000304 -0.18942648
v 0.0267174 -0.55973452 -0.19057939
v 0.02631119 -0.56346088 -0.20485355
v 0.01364728 -0.55597776 -0.17522077
v 0.01392108 -0.55133897 -0.16126926
v 0.02780842 -0.55109655 -0.16247743
v 0.02722817 -0.55567205 -0.17640157
v 0.0141832 -0.54579234 -0.14775197
v 0.01441532 -0.53900837 -0.134847
v 0.0288373 -0.53882801 -0.13616706
v 0.02837092 -0.54558759 -0.14903712
v 0.01461336 -0.5309447 -0.12262591
v 0.01475114 -0.52163761 -0.11117345
v 0.02939808 -0.52142268 -0.11254189
v 0.02918471 -0.53075945 -0.12398675
v 0.01480874 -0.51108223 -0.10059557
v 0.01476501 -0.49934989 -0.0910253
v 0.02934607 -0.49903667 -0.0922521
v 0.02944782 -0.51081109 -0.10192225
v 0.01464967 -0.48650333 -0.08256437
v 0.01448193 -0.47261008 -0.07539284
v 0.02880709 -0.47226849 -0.07632336
v 0.02912131 -0.48616814 -0.08364974
v 0.01428609 -0.45787501 -0.0695983
v 0.01410986 -0.44251686 -0.06517631
v 0.02811082 -0.44213494 -0.06595958
v 0.0284519 -0.45751524 -0.07043754
v 0.01395882 -0.42675373 -0.06223227
v 0.01384197 -0.41081792 -0.06081211
v 0.02758472 -0.41039657 -0.06158109
v 0.02782057 -0.42634761 -0.06301816
v 0.01377478 -0.39495277 -0.06086368
v 0.01375304 -0.37945723 -0.0624495
v 0.02744939 -0.3790532 -0.06323121
v 0.02745864 -0.39453283 -0.06165232
v 0.01377109 -0.3645178 -0.06530909
v 0.0138187 -0.35038086 -0.0695052
v 0.02763806 -0.35006675 -0.07022822
v 0.02751515 -0.36414998 -0.06608703
v 0.013856 -0.33729797 -0.07526794
v 0.01383544 -0.3255063 -0.08254202
v 0.027699 -0.32540234 -0.08324527
v 0.02772278 -0.33712288 -0.07604271
v 0.01377483 -0.3143948 -0.08975388
v 0.01375338 -0.30230864 -0.09471017
v 0.02752279 -0.30253124 -0.09532689
v 0.02760445 -0.31443595 -0.09037752
v 0.0138493 -0.28885859 -0.09365183
v 0.01392827 -0.27723717 -0.09000698
v 0.02785572 -0.2774668 -0.09092646
v 0.02765837 -0.28968915 -0.0945613
v 0.01403321 -0.26539617 -0.08543052
v 0.01420079 -0.25297173 -0.08099547
v 0.02841596 -0.25265479 -0.08193435
v 0.02805634 -0.2652949 -0.08631432
v 0.01444257 -0.24048312 -0.07732184
v 0.01461849 -0.22845663 -0.07468812
v 0.02924938 -0.22756326 -0.07584672
v 0.02890229 -0.23989328 -0.07835338
v 0.0145835 -0.21753639 -0.07320068
v 0.01431185 -0.20848463 -0.07252153
v 0.02871164 -0.20769172 -0.07380995
v 0.02921517 -0.2166703 -0.07445687
v 0.01398341 -0.20173957 -0.07206329
v 0.01369766 -0.19529077 -0.07078202
v 0.02736644 -0.19401745 -0.07286535
v 0.02802171 -0.20073273 -0.07355696
v 0.01370067 -0.18991324 -0.06752319
v 0.01398223 -0.18643096 -0.06262993
v 0.02772878 -0.1845404 -0.06496777
v 0.02704158 -0.18756184 -0.07070314
v 0.01437506 -0.18427079 -0.05686287
v 0.01486048 -0.18314747 -0.05070807
v 0.02994454 -0.18311035 -0.05194599
v 0.02885108 -0.18374569 -0.05852195
v 0.015339 -0.18198028 -0.04389111
v 0.01575456 -0.18040336 -0.03528541
v 0.03156032 -0.18028651 -0.03534633
v 0.03080171 -0.18199446 -0.04451013
v 0.01601042 -0.1786509 -0.02528624
v 0.01601669 -0.17751593 -0.01479956
v 0.03149709 -0.17713765 -0.01414038
v 0.03167951 -0.17844492 -0.0249471
v 0.01577001 -0.17760703 -0.00417627
v 0.01529458 -0.17874907 0.0065107
v 0.03012454 -0.17796918 0.00777665
v 0.03097528 -0.17702208 -0.00319145
v 0.01475068 -0.18052825 0.01694765
v 0.01399721 -0.18238027 0.02748079
v 0.02759977 -0.18114048 0.02945197
v 0.02907464 -0.17950075 0.01853787
v 0.01306592 -0.18401247 0.03843127
v 0.01215934 -0.18546122 0.0494177
v 0.02407521 -0.18416087 0.05140009
v 0.02585818 -0.18271297 0.04043168
v 0.01119123 -0.18650113 0.06047277
v 0.01023508 -0.18661691 0.07152698
v 0.02023613 -0.18497254 0.07309625
v 0.02215357 -0.18499058 0.06238286
v 0.00950213 -0.18553452 0.08225424
v 0.00921804 -0.183008 0.09253507
v 0.00958828 -0.17789343 0.1044988
v 0.01047362 -0.16996276 0.11535815
v 0.02102269 -0.16984792 0.1112186
v 0.01145597 -0.15846836 0.1230822
v 0.02323975 -0.16026294 0.1181629
v 0.03390319 -0.16076701 0.11141855
v 0.03085848 -0.1694107 0.10439065
v 0.04300716 -0.16019405 0.10328773
v 0.03930408 -0.16927628 0.09642123
v 0.05058314 -0.15976186 0.0938006
v 0.04577393 -0.1691634 0.08707223
v 0.03887736 -0.17655116 0.08075788
v 0.05092349 -0.169152 0.07697449
v 0.04262298 -0.17673787 0.07063817
v 0.03277297 -0.181832 0.06565185
v 0.02997331 -0.18181526 0.07595982
v 0.0461223 -0.17602974 0.0599481
v 0.03556694 -0.18114168 0.05478403
v 0.04944237 -0.17497879 0.04876991
v 0.0381357 -0.17983505 0.04378915
v 0.05241407 -0.17398239 0.03714988
v 0.04049398 -0.1784785 0.03263034
v 0.05517915 -0.17283131 0.02529826
v 0.04268458 -0.17711059 0.02125037
v 0.05754972 -0.17186744 0.01324951
v 0.0443726 -0.17592337 0.00990911
v 0.05926448 -0.17128549 0.00109319
v 0.04560722 -0.17514857 -0.00150032
v 0.06048316 -0.17145529 -0.01081444
v 0.0464394 -0.1753377 -0.01286362
v 0.06128802 -0.17295207 -0.02250768
v 0.04685779 -0.17665505 -0.02407731
v 0.06134851 -0.1751641 -0.03392699
v 0.04677263 -0.17864002 -0.03495079
v 0.06052687 -0.17747901 -0.04482731
v 0.04597517 -0.18059319 -0.04500252
v 0.05907151 -0.17920272 -0.05461126
v 0.04469924 -0.18181833 -0.0534835
v 0.0574359 -0.17995837 -0.06237083
v 0.04327973 -0.18239764 -0.06058906
v 0.05578709 -0.18053184 -0.06943427
v 0.0420142 -0.18360385 -0.06701941
v 0.05495728 -0.18397393 -0.07516434
v 0.04121735 -0.18663267 -0.07253254
v 0.05531163 -0.18990406 -0.07818195
v 0.04132689 -0.19225888 -0.0755395
v 0.05635194 -0.19682119 -0.07908252
v 0.04215671 -0.19906795 -0.07590602
v 0.0573899 -0.20425716 -0.07921052
v 0.04303436 -0.2062647 -0.07605215
v 0.05805938 -0.21354045 -0.07967053
v 0.04367375 -0.21522645 -0.07663212
v 0.05810125 -0.22477777 -0.08069509
v 0.04381331 -0.22618037 -0.0778466
v 0.05732551 -0.23800359 -0.08274842
v 0.04327233 -0.23898571 -0.08015582
v 0.05641674 -0.25148055 -0.08586806
v 0.04255263 -0.25213378 -0.08353314
v 0.05585279 -0.2646723 -0.08994005
v 0.04204573 -0.26504436 -0.08779941
v 0.05550152 -0.27743515 -0.09430976
v 0.04173514 -0.27754062 -0.0923413
v 0.05517962 -0.2898893 -0.09779333
v 0.04144567 -0.28993815 -0.09595914
v 0.05502097 -0.30248612 -0.09789969
v 0.04128884 -0.30261212 -0.0962847
v 0.05518417 -0.31438297 -0.0934337
v 0.04139515 -0.31450921 -0.09161895
v 0.0554509 -0.32514557 -0.086291
v 0.04158702 -0.32531979 -0.08447296
v 0.0555501 -0.33646971 -0.07898622
v 0.04164229 -0.33684223 -0.07728304
v 0.05527753 -0.34911239 -0.07314516
v 0.04147262 -0.34962618 -0.07144262
v 0.05485333 -0.36299625 -0.06888286
v 0.04121531 -0.36361873 -0.06732121
v 0.05449165 -0.37777847 -0.06603182
v 0.04103856 -0.37846189 -0.06447626
v 0.05435535 -0.39320504 -0.06447899
v 0.04101184 -0.39392867 -0.06290564
v 0.05449083 -0.40901467 -0.06443066
v 0.04116695 -0.40976777 -0.06281579
v 0.05482557 -0.42498922 -0.06597706
v 0.04146885 -0.4257386 -0.06428716
v 0.05535574 -0.44080418 -0.06903283
v 0.04188754 -0.44155204 -0.06726922
v 0.05601407 -0.45624432 -0.07367473
v 0.04239488 -0.4569571 -0.0718095
v 0.05669849 -0.47109782 -0.07979085
v 0.04290619 -0.47174766 -0.07783811
v 0.05732078 -0.48512715 -0.08738078
v 0.04336706 -0.48570647 -0.08527231
v 0.05779611 -0.49810251 -0.09629712
v 0.04369167 -0.49857598 -0.09408371
v 0.05809452 -0.50996112 -0.10628777
v 0.04388568 -0.51042074 -0.10385324
v 0.05812915 -0.5205596 -0.11721026
v 0.04386705 -0.52104389 -0.11457802
v 0.05790016 -0.52987349 -0.1288326
v 0.04361802 -0.53036731 -0.12610448
v 0.05735347 -0.5379008 -0.1410368
v 0.04315433 -0.53841543 -0.13825936
v 0.0565011 -0.54464572 -0.15373615
v 0.04249215 -0.5451774 -0.15105187
v 0.05546 -0.55025541 -0.16693987
v 0.04166303 -0.55069565 -0.16439244
v 0.05435939 -0.55491143 -0.18050864
v 0.04078286 -0.55529022 -0.17817577
v 0.05334596 -0.55901706 -0.19441543
v 0.04003426 -0.55939608 -0.19224676
v 0.05252609 -0.56264752 -0.20855368
v 0.03943289 -0.56310039 -0.20647774
v 0.05192802 -0.56571477 -0.22289787
v 0.03898733 -0.56625133 -0.22082904
v 0.05139009 -0.56814718 -0.23733639
v 0.03859943 -0.56870424 -0.2352149
v 0.05078295 -0.56979948 -0.25171977
v 0.03814361 -0.57032799 -0.24950827
v 0.05002525 -0.57069903 -0.26599276
v 0.03752251 -0.57119536 -0.26372209
v 0.04910446 -0.57095235 -0.28009289
v 0.0367641 -0.57132977 -0.2778162
v 0.04806474 -0.57067352 -0.29407599
v 0.03592038 -0.57093095 -0.29183051
v 0.04711436 -0.57019424 -0.30794167
v 0.03514048 -0.57034492 -0.30589133
v 0.04626812 -0.56969308 -0.32148399
v 0.03447333 -0.56977081 -0.31964981
v 0.04561364 -0.56926548 -0.33500707
v 0.03398071 -0.56929397 -0.33337017
v 0.04496249 -0.56892716 -0.34831184
v 0.0574852 -0.56931144 -0.33706501
v 0.05666478 -0.56900298 -0.35013806
v 0.05574663 -0.56871074 -0.36306551
v 0.06860829 -0.56919604 -0.35241094
v 0.06749106 -0.56888383 -0.36512798
v 0.06622152 -0.56854492 -0.37766087
v 0.07951653 -0.569202 -0.36758631
v 0.07803674 -0.5688107 -0.3798615
v 0.07639072 -0.56837916 -0.39195168
v 0.09018813 -0.56921595 -0.38250938
v 0.08828268 -0.56870305 -0.39430764
v 0.0861991 -0.56816178 -0.40591079
v 0.10054919 -0.56915944 -0.39719316
v 0.0981564 -0.56852805 -0.40847793
v 0.09555582 -0.56790387 -0.41954898
v 0.11051656 -0.56903618 -0.41168919
v 0.10752619 -0.56833118 -0.42246422
v 0.10425706 -0.56766694 -0.43292531
v 0.11994817 -0.56889605 -0.42626985
v 0.1162218 -0.56815183 -0.43649298
v 0.11221344 -0.56750351 -0.44613888
v 0.12875343 -0.56877464 -0.44129911
v 0.12446426 -0.56805002 -0.45081403
v 0.11994602 -0.56744134 -0.45956638
v 0.13681678 -0.56860071 -0.45730513
v 0.13195602 -0.56788784 -0.46651986
v 0.12677371 -0.56726127 -0.47509768
v 0.14369562 -0.56817197 -0.47465872
v 0.13773386 -0.56739425 -0.48400625
v 0.13101647 -0.56671142 -0.49277871
v 0.14795382 -0.56701397 -0.49344348
v 0.1401118 -0.56615024 -0.50294578
v 0.13138544 -0.565364 -0.51178747
v 0.12317045 -0.56607967 -0.5007627
v 0.12182233 -0.5646829 -0.51949745
v 0.11443882 -0.56547981 -0.50775164
v 0.11156579 -0.56405341 -0.5261867
v 0.1051665 -0.5649048 -0.51345342
v 0.09925143 -0.56526619 -0.50019198
v 0.09537155 -0.56433975 -0.51829403
v 0.09050416 -0.56479537 -0.50414758
v 0.08684958 -0.56515246 -0.48896813
v 0.08123561 -0.56429523 -0.50755012
v 0.07838295 -0.56476813 -0.49198195
v 0.07657171 -0.56516754 -0.47719582
v 0.06937275 -0.56438034 -0.49463835
v 0.06773003 -0.56487858 -0.47950631
v 0.0672377 -0.56537199 -0.46545949
v 0.0585587 -0.56463724 -0.48150885
v 0.0579889 -0.56522411 -0.4669153
v 0.05820633 -0.56579482 -0.45309522
v 0.04855803 -0.56514507 -0.46826279
v 0.04857781 -0.56577414 -0.45391726
v 0.049142 -0.56634908 -0.44019204
v 0.03895615 -0.56580197 -0.45472377
v 0.03931088 -0.56640607 -0.4405505
v 0.03993235 -0.56693273 -0.42687228
v 0.02939118 -0.56648999 -0.44089099
v 0.02979833 -0.56703138 -0.42684531
v 0.03038127 -0.56748145 -0.41320991
v 0.01981519 -0.56712371 -0.4269143
v 0.02016456 -0.56757855 -0.41302797
v 0.02060185 -0.5679503 -0.39942815
v 0.01006884 -0.56765228 -0.41295915
v 0.01027387 -0.56802028 -0.39921319
v 0.01048495 -0.56831383 -0.38566213
v 0.00989872 -0.56719142 -0.42699828
v 0.00979286 -0.56662678 -0.44144815
v 0.00976028 -0.56596064 -0.45651075
v 0.00984855 -0.56515532 -0.47249198
v 0.00998431 -0.5643031 -0.48740682
v 0.01017779 -0.56328469 -0.50312781
v 0.01043081 -0.5620355 -0.5195896
v 0.01077802 -0.56050407 -0.53660899
v 0.01126009 -0.55850321 -0.55401927
v 0.01188625 -0.55585128 -0.57152575
v 0.01263405 -0.55215507 -0.58872836
v 0.01350202 -0.54692715 -0.60528087
v 0.01451623 -0.53980428 -0.62072354
v 0.01548889 -0.53064161 -0.63467472
v 0.01643751 -0.51959872 -0.64681398
v 0.01736696 -0.50710356 -0.65698742
v 0.01835854 -0.49370068 -0.66515719
v 0.01931191 -0.47973358 -0.67144984
v 0.02015213 -0.46557229 -0.67611461
v 0.02082993 -0.45136311 -0.67934823
v 0.02117477 -0.43711012 -0.68146145
v 0.0210499 -0.42266774 -0.6825537
v 0.02065168 -0.40791428 -0.6828444
v 0.0201311 -0.39276751 -0.68234503
v 0.01958913 -0.37717667 -0.68112409
v 0.01905021 -0.3611975 -0.67917424
v 0.01857719 -0.34504479 -0.67671048
v 0.01813176 -0.32873129 -0.67365205
v 0.01770698 -0.312305 -0.67009681
v 0.01727922 -0.29574629 -0.66603028
v 0.01682814 -0.27898156 -0.6615231
v 0.01636469 -0.26194679 -0.65645492
v 0.01587974 -0.24462796 -0.65064477
v 0.01546525 -0.22706727 -0.64393931
v 0.0151469 -0.20951329 -0.63612616
v 0.01499444 -0.19215948 -0.62714618
v 0.01500231 -0.17535637 -0.61698669
v 0.0151116 -0.15935996 -0.6057623
v 0.01521126 -0.14437156 -0.59364694
v 0.01520611 -0.13043868 -0.58075386
v 0.01510236 -0.11743663 -0.56731259
v 0.01491055 -0.10524673 -0.5534724
v 0.01466772 -0.09380338 -0.53934538
v 0.01442683 -0.08301463 -0.5250982
v 0.01419367 -0.07295297 -0.5107789
v 0.01399186 -0.06363222 -0.49645316
v 0.01382852 -0.05501264 -0.48222822
v 0.01366829 -0.04697902 -0.4681403
v 0.0134763 -0.03947434 -0.45424839
v 0.0132401 -0.03240091 -0.44052147
v 0.01297654 -0.02566531 -0.42683762
v 0.01267526 -0.01921779 -0.41314452
v 0.01234794 -0.01298338 -0.3993934
v 0.01198226 -0.00695453 -0.38553658
v 0.01159646 -0.00112442 -0.3715409
v 0.01120681 0.00448496 -0.35740014
v 0.0108214 0.00991459 -0.34308823
v 0.010439 0.01509155 -0.32860159
v 0.0100981 0.02006197 -0.31398448
v 0.00979953 0.02451899 -0.29919606
v 0.00981402 0.03103166 -0.28536248
v 0.01031491 0.04204624 -0.27584773
v 0.01079412 0.05249015 -0.26617562
v 0.01103739 0.06188801 -0.25633844
v 0.0110979 0.07058752 -0.24620869
v 0.01109724 0.07897162 -0.2355483
v 0.01113676 0.08687124 -0.22445987
v 0.01127914 0.09452961 -0.21265874
v 0.01157582 0.10165441 -0.20025903
v 0.01200029 0.107992 -0.18748827
v 0.01254529 0.11317861 -0.17441387
v 0.0132244 0.11720771 -0.16132234
v 0.01404213 0.12010676 -0.14832437
v 0.0149826 0.12196154 -0.13550578
v 0.01591929 0.12294217 -0.1228738
v 0.01670987 0.1230845 -0.11029315
v 0.01719151 0.12223141 -0.09750472
v 0.0170743 0.12021085 -0.08395535
v 0.01648502 0.11731025 -0.06926461
v 0.01568256 0.11382718 -0.05328001
v 0.01476909 0.11014422 -0.03629305
v 0.01391589 0.10583333 -0.0184154
v 0.01321468 0.1001552 0.00011086
v 0.01269034 0.09231589 0.01867237
v 0.01212141 0.08208154 0.0365686
v 0.01162789 0.06897834 0.0527303
v 0.01146235 0.05386699 0.06634555
v 0.01148083 0.03870887 0.0781461
v 0.01156093 0.02393539 0.08889285
v 0.01161362 0.00913414 0.09867528
v 0.01159811 -0.00580158 0.10836257
v 0.01156508 -0.02109301 0.11845596
v 0.01158201 -0.03708585 0.12929749
v 0.01181203 -0.05415496 0.14092248
v 0.01260162 -0.0721327 0.1517817
v 0.01589454 -0.0888394 0.15869914
v 0.01944533 -0.10229449 0.16369167
v 0.01827375 -0.11643962 0.16059841
v 0.01516382 -0.13012802 0.15497006
v 0.01203662 -0.13952647 0.14268745
v 0.01247186 -0.14667752 0.12837515
v 0.02615939 -0.14435161 0.13784933
v 0.02524454 -0.15066114 0.12567806
v 0.0396512 -0.14455916 0.13123056
v 0.03664523 -0.15144591 0.11961542
v 0.0511375 -0.14286199 0.12126743
v 0.04675476 -0.15082751 0.11134575
v 0.0601554 -0.14089135 0.10956728
v 0.05477458 -0.14967513 0.1010806
v 0.06670399 -0.13903793 0.09666992
v 0.06141538 -0.14884077 0.08974963
v 0.05677646 -0.15946044 0.08331655
v 0.06703407 -0.14833764 0.07779538
v 0.06195021 -0.15915297 0.07211326
v 0.05512035 -0.16866454 0.06612218
v 0.06633717 -0.15870085 0.06026274
v 0.05886104 -0.1678467 0.05458453
v 0.07042291 -0.15821512 0.0478643
v 0.06242817 -0.16711577 0.04251641
v 0.07429185 -0.15764749 0.03498017
v 0.06577548 -0.16621965 0.03016109
v 0.07793638 -0.15710206 0.02154594
v 0.06885868 -0.16541577 0.01730647
v 0.08124027 -0.15677091 0.00779549
v 0.0713168 -0.16486629 0.00429842
v 0.08446437 -0.15739668 -0.00591663
v 0.07334975 -0.16535259 -0.00842768
v 0.08684192 -0.15923997 -0.01866313
v 0.07470587 -0.1670944 -0.02062304
v 0.08776327 -0.16281905 -0.0317906
v 0.07508332 -0.16982875 -0.03257644
v 0.08666882 -0.16736222 -0.04508924
v 0.07421079 -0.17292945 -0.04461291
v 0.08500005 -0.17083494 -0.05694527
v 0.07259518 -0.17533424 -0.05559163
v 0.08319793 -0.17267957 -0.06651195
v 0.07078058 -0.17640423 -0.06419719
v 0.08143387 -0.17380739 -0.07447825
v 0.06900226 -0.17737805 -0.07163589
v 0.08006165 -0.17648683 -0.08157439
v 0.06779918 -0.1801396 -0.07807646
v 0.08060508 -0.18267108 -0.08609337
v 0.06841977 -0.18649844 -0.08186274
v 0.06998504 -0.19385504 -0.08306403
v 0.07181477 -0.20179159 -0.08339183
v 0.07260111 -0.21183726 -0.08378993
v 0.08358099 -0.22370713 -0.08877906
v 0.07213521 -0.22370727 -0.08455767
v 0.08138494 -0.2372031 -0.08992247
v 0.07049178 -0.2372985 -0.08611729
v 0.08015289 -0.25036817 -0.09249174
v 0.06935647 -0.2508403 -0.08899723
v 0.08000589 -0.26348626 -0.09618903
v 0.06886789 -0.26417827 -0.09284915
v 0.06877793 -0.27713921 -0.09706637
v 0.06869439 -0.28953996 -0.10029257
v 0.06855576 -0.30208277 -0.10038109
v 0.0823222 -0.31340688 -0.09871566
v 0.06886737 -0.31399637 -0.09575993
v 0.08271589 -0.32436978 -0.0917636
v 0.06920387 -0.324835 -0.08872871
v 0.08279071 -0.33561521 -0.08424664
v 0.06932132 -0.33606001 -0.08137195
v 0.08237875 -0.34797811 -0.07757777
v 0.06897048 -0.34854993 -0.0751746
v 0.08161044 -0.36174053 -0.07281453
v 0.0683439 -0.36237311 -0.0707848
v 0.08087235 -0.37644246 -0.06971936
v 0.06779741 -0.37709197 -0.0678128
v 0.08045821 -0.39176446 -0.06808919
v 0.06751652 -0.39245414 -0.06625472
v 0.080411 -0.40748742 -0.06809403
v 0.06756465 -0.40821939 -0.06621331
v 0.08070989 -0.42341476 -0.06978341
v 0.06790142 -0.42418244 -0.06786104
v 0.08135075 -0.43922075 -0.07310687
v 0.06850847 -0.43999674 -0.07103756
v 0.08228576 -0.45470139 -0.07804729
v 0.06931377 -0.45547339 -0.07580091
v 0.08334692 -0.46963533 -0.08454348
v 0.07018062 -0.47037899 -0.08205775
v 0.08436506 -0.48379382 -0.09255024
v 0.07098845 -0.48448106 -0.08981351
v 0.08522147 -0.49694252 -0.10194006
v 0.07163942 -0.49755218 -0.09895696
v 0.0858228 -0.50896477 -0.11249802
v 0.0720573 -0.50946098 -0.10920164
v 0.08605866 -0.51961946 -0.12390168
v 0.07215698 -0.52003699 -0.120352
v 0.08588357 -0.52887165 -0.13582965
v 0.07194831 -0.52932256 -0.13210484
v 0.08532322 -0.53687524 -0.14804758
v 0.07137907 -0.53733289 -0.1443542
v 0.08439337 -0.54383623 -0.16050139
v 0.07046071 -0.54418605 -0.1569225
v 0.08307651 -0.54960817 -0.1733742
v 0.0692685 -0.54989618 -0.16992402
v 0.08154711 -0.55441802 -0.18661321
v 0.06796591 -0.55461037 -0.18332929
v 0.08002249 -0.55848807 -0.20017054
v 0.06670437 -0.5586884 -0.19706286
v 0.07867161 -0.56200289 -0.21416124
v 0.06563362 -0.56225258 -0.21112953
v 0.07762341 -0.56495034 -0.22849997
v 0.06479018 -0.56526541 -0.22546389
v 0.07675784 -0.56725257 -0.24297709
v 0.06409329 -0.56763887 -0.23993314
v 0.07590517 -0.56885534 -0.25745445
v 0.06336291 -0.56928116 -0.2543908
v 0.07494092 -0.56983995 -0.27178293
v 0.06248602 -0.57023233 -0.26870185
v 0.07383368 -0.57029241 -0.2858724
v 0.06142289 -0.57058805 -0.2828215
v 0.07269381 -0.57031297 -0.29969933
v 0.06030206 -0.57045155 -0.29674339
v 0.07161187 -0.57005971 -0.31323081
v 0.05925808 -0.57008081 -0.31040445
v 0.07058876 -0.56977981 -0.32648259
v 0.05831228 -0.5696752 -0.32378327
v 0.0696197 -0.56948328 -0.33954131
v 0.08308015 -0.57008022 -0.32952529
v 0.08200778 -0.5698381 -0.34244421
v 0.08083532 -0.56954342 -0.35512858
v 0.09464918 -0.57037997 -0.3456943
v 0.09336283 -0.57007062 -0.35822907
v 0.0918802 -0.56967562 -0.37048471
v 0.10620243 -0.57076406 -0.36171144
v 0.10457353 -0.57030433 -0.37382441
v 0.10268718 -0.56975996 -0.38563734
v 0.11764232 -0.57108348 -0.37760636
v 0.11558525 -0.57045072 -0.38928642
v 0.11320174 -0.56975609 -0.40064254
v 0.12886966 -0.57129055 -0.39347049
v 0.12628218 -0.57050806 -0.40476554
v 0.12330179 -0.56970447 -0.41568154
v 0.13969849 -0.57139504 -0.40956682
v 0.13646152 -0.57049441 -0.42053654
v 0.13279208 -0.56960332 -0.43111848
v 0.1498292 -0.57134378 -0.42623686
v 0.14583304 -0.57035446 -0.43703645
v 0.14151109 -0.56942981 -0.44740867
v 0.1590321 -0.57101547 -0.44373589
v 0.15429087 -0.56997919 -0.45445242
v 0.14918117 -0.56903368 -0.46478185
v 0.16683583 -0.57012194 -0.46214026
v 0.1611423 -0.56900388 -0.47294452
v 0.15488402 -0.56796306 -0.48339679
v 0.17271752 -0.56806278 -0.481384
v 0.16570109 -0.56684416 -0.49239182
v 0.1578779 -0.56569236 -0.50301826
v 0.17621976 -0.56440556 -0.50134176
v 0.16768737 -0.56307733 -0.51243895
v 0.15837582 -0.56188082 -0.52310007
v 0.14921538 -0.56467819 -0.51310992
v 0.14816786 -0.56088644 -0.53307795
v 0.13975104 -0.56377226 -0.52251696
v 0.13718131 -0.56005418 -0.54224973
v 0.12936608 -0.56300711 -0.53105676
v 0.12566267 -0.55930668 -0.55057448
v 0.11841259 -0.5622648 -0.53856784
v 0.11372316 -0.5585193 -0.55794495
v 0.10714381 -0.56157201 -0.54515135
v 0.10097911 -0.5633949 -0.53192567
v 0.09557958 -0.56075805 -0.55094224
v 0.09011516 -0.56267231 -0.53693193
v 0.08532346 -0.56367576 -0.52252519
v 0.07901173 -0.56182968 -0.54124045
v 0.07496684 -0.5630027 -0.52612048
v 0.07179683 -0.56379938 -0.51043742
v 0.06444211 -0.56235319 -0.52905356
v 0.06195272 -0.56332027 -0.51295465
v 0.0599811 -0.56403207 -0.49693399
v 0.05190078 -0.56288504 -0.51505625
v 0.0503238 -0.56373918 -0.49888289
v 0.04915604 -0.56446641 -0.48322537
v 0.0404745 -0.56351548 -0.50048404
v 0.03956496 -0.56435656 -0.48468765
v 0.03904219 -0.56511545 -0.4694671
v 0.0298146 -0.56430864 -0.4858703
v 0.0293793 -0.56512272 -0.47053495
v 0.02922527 -0.56585389 -0.45545244
v 0.01963699 -0.56514757 -0.47149813
v 0.01949769 -0.56591343 -0.45605909
v 0.01957767 -0.56656807 -0.44121095
v 0.01993027 -0.56429612 -0.48679229
v 0.03046507 -0.56337672 -0.50172096
v 0.02034294 -0.56330645 -0.50259643
v 0.03129523 -0.56226241 -0.51806521
v 0.02086961 -0.56211358 -0.51900309
v 0.03240057 -0.56086981 -0.53482145
v 0.02158584 -0.56062787 -0.5359084
v 0.03387883 -0.55903416 -0.55182975
v 0.02254703 -0.55868905 -0.55315142
v 0.03577188 -0.5565083 -0.56878584
v 0.0238245 -0.55607855 -0.57043403
v 0.03803746 -0.55284547 -0.58537399
v 0.02534343 -0.55236774 -0.58740276
v 0.0405751 -0.54771804 -0.60123705
v 0.02707441 -0.54716718 -0.60364091
v 0.0433586 -0.54072737 -0.61604201
v 0.02893005 -0.54011464 -0.61887008
v 0.04612797 -0.53163999 -0.62928545
v 0.03080396 -0.53100287 -0.63253802
v 0.04890396 -0.52072548 -0.64065355
v 0.0327363 -0.51995593 -0.64429861
v 0.05156601 -0.50840646 -0.65000212
v 0.03463023 -0.5076577 -0.65427011
v 0.05411686 -0.49514588 -0.65739846
v 0.03644895 -0.49435168 -0.66207009
v 0.05648462 -0.48128205 -0.66308283
v 0.03818398 -0.48044198 -0.66812837
v 0.05853507 -0.46704113 -0.66722273
v 0.03971983 -0.4662261 -0.67253172
v 0.0600688 -0.45254343 -0.67005926
v 0.04091749 -0.45185712 -0.67562139
v 0.06088311 -0.43782427 -0.67190212
v 0.04156057 -0.437332 -0.67759984
v 0.06081831 -0.42289418 -0.672966
v 0.0414337 -0.422665 -0.67862647
v 0.0600338 -0.40772944 -0.67336517
v 0.04078102 -0.40777802 -0.67894649
v 0.05875095 -0.39221411 -0.67302441
v 0.03981622 -0.39252904 -0.67851311
v 0.05734919 -0.3764016 -0.67200774
v 0.03879974 -0.37688729 -0.67739534
v 0.05598508 -0.36038592 -0.67025488
v 0.03780573 -0.36092144 -0.67557334
v 0.05470535 -0.34430331 -0.66791951
v 0.03687577 -0.34482863 -0.67317664
v 0.05351904 -0.32815408 -0.66504073
v 0.03601622 -0.32858836 -0.67020732
v 0.05238361 -0.31196916 -0.66174531
v 0.03520488 -0.31227392 -0.66678345
v 0.05120211 -0.29570063 -0.65803194
v 0.03438101 -0.29583415 -0.66288501
v 0.04995508 -0.2792896 -0.65384745
v 0.03351128 -0.27919083 -0.65854221
v 0.0487188 -0.26268106 -0.64915663
v 0.03262093 -0.26230916 -0.65363782
v 0.04750844 -0.24589419 -0.64375358
v 0.03174027 -0.24520815 -0.64801073
v 0.04645112 -0.22897237 -0.63753414
v 0.03094419 -0.2279111 -0.6415106
v 0.04558881 -0.21204794 -0.6303845
v 0.03036199 -0.2106378 -0.63399559
v 0.04503757 -0.1952517 -0.62225467
v 0.03001912 -0.19352683 -0.62539416
v 0.04477812 -0.17874044 -0.61297202
v 0.02994574 -0.17683209 -0.61560529
v 0.0447083 -0.16270682 -0.60243165
v 0.03003425 -0.16074134 -0.60472065
v 0.04471096 -0.14737002 -0.59072578
v 0.03013191 -0.14555089 -0.59272056
v 0.04455259 -0.13306812 -0.57784801
v 0.03010002 -0.13135838 -0.57982355
v 0.04424508 -0.11972718 -0.56423449
v 0.02988884 -0.11818499 -0.56622701
v 0.04380792 -0.10740707 -0.55008053
v 0.02954977 -0.10591285 -0.5521875
v 0.04330291 -0.09604176 -0.53562402
v 0.02914556 -0.09448559 -0.53788608
v 0.04277725 -0.08554363 -0.52107584
v 0.02872794 -0.08385463 -0.52346742
v 0.04227069 -0.07589516 -0.50656575
v 0.02832696 -0.0740133 -0.50903755
v 0.04179086 -0.06702751 -0.4921993
v 0.02795399 -0.06492415 -0.49468901
v 0.04131521 -0.05880617 -0.47803109
v 0.02761249 -0.05651596 -0.48049733
v 0.04079666 -0.05111646 -0.46408218
v 0.02726829 -0.04863908 -0.46645101
v 0.0401938 -0.04388857 -0.45044744
v 0.02687146 -0.04126118 -0.45268327
v 0.03947455 -0.03698014 -0.43698731
v 0.02639598 -0.03425578 -0.4390771
v 0.03863561 -0.03029086 -0.42360481
v 0.02585319 -0.02752799 -0.42553371
v 0.03770191 -0.02375806 -0.41019606
v 0.02524522 -0.02102622 -0.4119735
v 0.03668353 -0.01736255 -0.39670947
v 0.02458022 -0.01471793 -0.39833572
v 0.03559681 -0.01112256 -0.38310346
v 0.02386732 -0.00859191 -0.38459387
v 0.03446646 -0.00506793 -0.3693332
v 0.02310227 -0.00267198 -0.3706918
v 0.03330083 0.00082049 -0.35541018
v 0.02232724 0.00306259 -0.35663831
v 0.03213677 0.00651342 -0.34131056
v 0.02155238 0.00860196 -0.34241497
v 0.03099382 0.01197339 -0.32701465
v 0.0208027 0.01390812 -0.32800608
v 0.02989198 0.01716795 -0.31252774
v 0.02010969 0.0189742 -0.31343886
v 0.02897425 0.02199857 -0.29790997
v 0.01953296 0.02362527 -0.29873493
v 0.02889638 0.02901495 -0.28438583
v 0.01951263 0.03037269 -0.28506436
v 0.03019155 0.04033697 -0.27441778
v 0.02041539 0.04141009 -0.27521649
v 0.03165729 0.0513397 -0.26439577
v 0.0213919 0.05214289 -0.26540559
v 0.03281785 0.06128 -0.25419977
v 0.0220292 0.06175072 -0.25539973
v 0.03341524 0.07019705 -0.24415224
v 0.02227114 0.070511 -0.24535563
v 0.03359533 0.07849297 -0.23390713
v 0.02232584 0.07879971 -0.23494884
v 0.03373122 0.08641313 -0.22300042
v 0.02240607 0.08669569 -0.22392535
v 0.03416262 0.09391704 -0.21142108
v 0.02269003 0.09427947 -0.21222746
v 0.03503714 0.10076262 -0.19932822
v 0.02326584 0.10129157 -0.19997456
v 0.03632497 0.10669382 -0.18689785
v 0.02410442 0.10747788 -0.18735063
v 0.0379545 0.11150201 -0.17431916
v 0.02520804 0.11253442 -0.17450633
v 0.0398942 0.1150584 -0.16180007
v 0.0265502 0.11635873 -0.16165208
v 0.04205392 0.11736674 -0.14948375
v 0.0280563 0.1189931 -0.14890559
v 0.04444253 0.11850379 -0.13746708
v 0.02975103 0.12061683 -0.13636726
v 0.04711983 0.11877138 -0.12573988
v 0.03154235 0.12132921 -0.12399991
v 0.04960681 0.11804039 -0.11411693
v 0.03320083 0.12116741 -0.1116755
v 0.05120711 0.11631628 -0.10213621
v 0.03419664 0.11997281 -0.09902966
v 0.05094068 0.11380592 -0.08716041
v 0.03399829 0.11774083 -0.08507794
v 0.04853219 0.11076148 -0.06992793
v 0.03272632 0.11461707 -0.06948925
v 0.04602982 0.10747856 -0.05252869
v 0.03106384 0.11116549 -0.05304618
v 0.04355756 0.10400533 -0.03496597
v 0.02933518 0.10756208 -0.03584811
v 0.04114325 0.09977613 -0.01712181
v 0.02767753 0.10326581 -0.01802604
v 0.038964 0.0943624 0.00114381
v 0.02628618 0.09780028 0.0003823
v 0.03712749 0.08705277 0.01953452
v 0.02513699 0.09024743 0.01894237
v 0.0356367 0.07712072 0.03728258
v 0.02400037 0.08012935 0.03686975
v 0.03462451 0.06454367 0.05314013
v 0.02321854 0.06723398 0.05298656
v 0.03426117 0.05002842 0.06650926
v 0.02291096 0.05243442 0.06652774
v 0.03435559 0.0349407 0.07781888
v 0.0229783 0.03735726 0.07821738
v 0.03458645 0.02007223 0.08780674
v 0.02311581 0.02250274 0.08862648
v 0.03474457 0.00529669 0.09708277
v 0.02320436 0.00771095 0.09821539
v 0.03482951 -0.00950905 0.10640379
v 0.02323005 -0.00722104 0.10764587
v 0.03503983 -0.02465822 0.11597659
v 0.02326594 -0.02241612 0.11752005
v 0.03541737 -0.04028015 0.12573984
v 0.0234266 -0.03803102 0.12806223
v 0.03647542 -0.05633018 0.13501942
v 0.02425951 -0.05447442 0.13879329
v 0.03907961 -0.07271726 0.14247287
v 0.02644072 -0.07150866 0.14805331
v 0.0428006 -0.08917977 0.14737409
v 0.03008179 -0.08800117 0.15381138
v 0.04578906 -0.10596732 0.14937114
v 0.03347335 -0.10437337 0.1564636
v 0.04540211 -0.12228586 0.14713144
v 0.03296828 -0.12104398 0.15522603
v 0.04269842 -0.13578914 0.14078198
v 0.02906489 -0.13561603 0.14964205
v 0.05673207 -0.1216901 0.13597461
v 0.05453222 -0.13371135 0.12992766
v 0.06660891 -0.11997784 0.12292309
v 0.06438758 -0.13142411 0.11722711
v 0.07471351 -0.11827148 0.1086575
v 0.07213319 -0.1294855 0.10334338
v 0.08110567 -0.11680842 0.09397645
v 0.07742364 -0.12784609 0.08907072
v 0.07205522 -0.13782262 0.08354135
v 0.08183507 -0.12670813 0.07502725
v 0.07666008 -0.13717347 0.0702455
v 0.07190965 -0.14810197 0.06543439
v 0.08116899 -0.13704542 0.05696652
v 0.07634014 -0.14789827 0.05264225
v 0.0857823 -0.13708598 0.04345424
v 0.08074212 -0.14772319 0.0393802
v 0.09063096 -0.13726389 0.02950134
v 0.08503753 -0.14753614 0.02562599
v 0.09584517 -0.13764271 0.01484405
v 0.08926866 -0.14755152 0.01132812
v 0.1017173 -0.1383813 -0.00039642
v 0.09384902 -0.14813867 -0.00314681
v 0.10682483 -0.14136031 -0.01647292
v 0.09751141 -0.15026962 -0.01698025
v 0.10826361 -0.14842775 -0.03389625
v 0.09876316 -0.15538981 -0.03228562
v 0.10780311 -0.1555348 -0.04959406
v 0.09769666 -0.16155947 -0.04679981
v 0.10725757 -0.16079001 -0.06260616
v 0.09637402 -0.16606687 -0.05923196
v 0.10627067 -0.16414354 -0.07308545
v 0.0949236 -0.1688033 -0.06934639
v 0.10470746 -0.16597515 -0.08169951
v 0.09318617 -0.17007434 -0.07774291
v 0.10308601 -0.16815513 -0.08918127
v 0.09147689 -0.17197254 -0.08539854
v 0.10250492 -0.17287401 -0.09518194
v 0.0917463 -0.17801557 -0.09109647
v 0.11446405 -0.16267873 -0.09375824
v 0.11297299 -0.1661849 -0.10053154
v 0.11404833 -0.17247918 -0.10493761
v 0.12514789 -0.15886642 -0.10559842
v 0.12539607 -0.16270865 -0.11085034
v 0.12743203 -0.16734543 -0.1140746
v 0.11684653 -0.17811387 -0.10721175
v 0.13030579 -0.17156511 -0.11604686
v 0.12017407 -0.18255469 -0.1090402
v 0.13384133 -0.1755564 -0.11708382
v 0.12407881 -0.18640993 -0.11052088
v 0.11805236 -0.19717514 -0.10605043
v 0.11376044 -0.20728677 -0.1032087
v 0.12865056 -0.18965329 -0.1104035
v 0.12369672 -0.20002645 -0.10650712
v 0.13320797 -0.19197137 -0.10821385
v 0.12904781 -0.20196647 -0.1035123
v 0.13392342 -0.20197032 -0.09895712
v 0.14031818 -0.20122255 -0.09482345
v 0.13793915 -0.20996308 -0.08765673
v 0.13552451 -0.21822921 -0.08055943
v 0.14989264 -0.2005174 -0.09319404
v 0.14678517 -0.20922878 -0.0858222
v 0.1439815 -0.21816121 -0.07874453
v 0.14173434 -0.22724655 -0.0722927
v 0.13400386 -0.22725752 -0.07459583
v 0.15698576 -0.21057163 -0.08642035
v 0.15354375 -0.21924464 -0.07866082
v 0.15035328 -0.22833457 -0.07159809
v 0.14756679 -0.23774111 -0.06523607
v 0.13985237 -0.23680628 -0.06647819
v 0.16335921 -0.22160093 -0.07951024
v 0.15941821 -0.23042155 -0.07175998
v 0.15562102 -0.23962436 -0.06469808
v 0.15165038 -0.24983449 -0.05893496
v 0.14482714 -0.24782423 -0.05945527
v 0.16784022 -0.23441161 -0.07349007
v 0.16315981 -0.24322727 -0.06586987
v 0.15838579 -0.25286281 -0.05924885
v 0.15438678 -0.26170754 -0.05101102
v 0.14821082 -0.258861 -0.05120975
v 0.16890807 -0.24853116 -0.06922283
v 0.16341452 -0.25719964 -0.06139625
v 0.15940971 -0.26538643 -0.05182034
v 0.15636335 -0.27299866 -0.04094477
v 0.15110471 -0.2691558 -0.04043116
v 0.16652716 -0.26217871 -0.06443581
v 0.16258224 -0.26945969 -0.05399971
v 0.16880205 -0.26730716 -0.06712326
v 0.16433467 -0.27370026 -0.0569195
v 0.16997128 -0.27254054 -0.06955469
v 0.16529814 -0.2778719 -0.05968051
v 0.17008189 -0.27778095 -0.07188344
v 0.16564905 -0.28197062 -0.062206
v 0.16475988 -0.28681811 -0.05339476
v 0.16574378 -0.29236778 -0.04623117
v 0.1650822 -0.28584849 -0.06442095
v 0.16444341 -0.29029071 -0.05640858
v 0.1657664 -0.29535719 -0.05030592
v 0.16774925 -0.30033624 -0.04589878
v 0.16725513 -0.29783195 -0.04159367
v 0.16301272 -0.29357862 -0.05881097
v 0.16405689 -0.29857197 -0.0531124
v 0.16557882 -0.30351981 -0.04874577
v 0.16729754 -0.30814811 -0.04536053
v 0.16995188 -0.30515781 -0.04262445
v 0.1607142 -0.30131396 -0.0545026
v 0.16159018 -0.3062461 -0.04948755
v 0.16286194 -0.31057494 -0.0460452
v 0.16430719 -0.31486898 -0.04339236
v 0.16869905 -0.3127256 -0.04270971
v 0.15968428 -0.31550401 -0.04114988
v 0.16584165 -0.31856685 -0.04017071
v 0.16951894 -0.31666353 -0.03975701
v 0.17186678 -0.3143132 -0.03746177
v 0.17129364 -0.31003817 -0.03994157
v 0.17178562 -0.31217911 -0.03417772
v 0.17108222 -0.30759415 -0.03620477
v 0.16947166 -0.30266335 -0.03848922
v 0.16800433 -0.30672231 -0.03266334
v 0.16599929 -0.3019633 -0.03444651
v 0.16359612 -0.30772638 -0.03033191
v 0.16136005 -0.30293041 -0.03140433
v 0.16572371 -0.31234917 -0.02942127
v 0.16937424 -0.31135138 -0.03123199
v 0.16480328 -0.31854245 -0.02865736
v 0.16051746 -0.29653179 -0.06046723
v 0.15657255 -0.29844033 -0.0610768
v 0.16145169 -0.29240733 -0.06785652
v 0.15846507 -0.29496648 -0.06910663
v 0.15422189 -0.29530316 -0.06981852
v 0.15203762 -0.29848668 -0.06049062
v 0.14977958 -0.29409003 -0.07020347
v 0.1475249 -0.29721158 -0.05969433
v 0.14550022 -0.29188701 -0.07060432
v 0.14345672 -0.29465907 -0.05892246
v 0.14099152 -0.30094325 -0.04922205
v 0.13839115 -0.30456334 -0.03916876
v 0.13940574 -0.29211419 -0.05892711
v 0.13647334 -0.29891073 -0.04918671
v 0.13302846 -0.30286884 -0.03920549
v 0.12955251 -0.30372709 -0.02990865
v 0.13468754 -0.30615618 -0.03005386
v 0.13162998 -0.29654049 -0.04964434
v 0.12776945 -0.30093768 -0.04004023
v 0.12429682 -0.30146423 -0.03064929
v 0.12035325 -0.3044475 -0.02427448
v 0.12579688 -0.30664351 -0.023306
v 0.12300194 -0.2983348 -0.04152391
v 0.1195448 -0.2991378 -0.03224327
v 0.11550685 -0.30163908 -0.0256052
v 0.11177352 -0.30484223 -0.02070107
v 0.11657993 -0.30829954 -0.01962424
v 0.11513241 -0.29656553 -0.03396508
v 0.11111278 -0.29854849 -0.02719877
v 0.10741216 -0.30127757 -0.02211399
v 0.10397893 -0.30389654 -0.01810666
v 0.10828318 -0.30781278 -0.01663011
v 0.10672295 -0.2960923 -0.02917909
v 0.10297294 -0.29889515 -0.02445796
v 0.09962446 -0.30098161 -0.01995674
v 0.09695509 -0.30245021 -0.01587139
v 0.10149058 -0.30521079 -0.01430275
v 0.09890854 -0.29590272 -0.02597142
v 0.09582028 -0.29809472 -0.02141578
v 0.09318706 -0.29992383 -0.01717169
v 0.09080732 -0.30110338 -0.01322411
v 0.0948227 -0.30335298 -0.01204163
v 0.09297812 -0.29407295 -0.02143955
v 0.09046888 -0.29612132 -0.01757103
v 0.0880621 -0.29781991 -0.0138265
v 0.08564488 -0.2988533 -0.01006471
v 0.08904342 -0.3019151 -0.00939181
v 0.08969199 -0.29137396 -0.01603943
v 0.08742412 -0.29340055 -0.0125426
v 0.08536334 -0.29444894 -0.00928196
v 0.08366734 -0.29543137 -0.00611079
v 0.08479851 -0.29940593 -0.00637888
v 0.08508586 -0.29955926 -0.00297687
v 0.08866187 -0.30177003 -0.00299418
v 0.08852037 -0.30203118 -0.0060073
v 0.08278102 -0.29626679 -0.00298815
v 0.08589586 -0.29897382 -0.0001168
v 0.08726058 -0.29720935 0.00149436
v 0.09025514 -0.29883125 0.00092759
v 0.08932787 -0.30083978 -0.00041656
v 0.09399366 -0.30057728 0.00093818
v 0.09321711 -0.30244067 -0.00054104
v 0.09288558 -0.30336758 -0.0031056
v 0.09721555 -0.30448532 0.00021177
v 0.09713312 -0.30544832 -0.00228217
v 0.09759447 -0.30592227 -0.00498753
v 0.09299405 -0.30365747 -0.00580333
v 0.09832644 -0.30610364 -0.00778729
v 0.09344219 -0.30379763 -0.00870285
v 0.09947263 -0.30603617 -0.01091209
v 0.10259529 -0.31053358 -0.00650766
v 0.10410673 -0.31027627 -0.00961759
v 0.1061301 -0.30942124 -0.01293999
v 0.10924381 -0.3152174 -0.00809358
v 0.11132342 -0.31358394 -0.01137869
v 0.11363368 -0.31129425 -0.01524739
v 0.11705828 -0.31580191 -0.0100204
v 0.11941885 -0.31342217 -0.01404816
v 0.1222465 -0.31036388 -0.0184501
v 0.1249718 -0.31526494 -0.01375528
v 0.12743322 -0.31244337 -0.01840432
v 0.13084019 -0.30891338 -0.02339338
v 0.13241002 -0.31436812 -0.01873899
v 0.13550321 -0.31103143 -0.02385119
v 0.13720828 -0.31564834 -0.01883302
v 0.14011541 -0.31181368 -0.02355466
v 0.14163659 -0.3155381 -0.0178221
v 0.13983976 -0.31923201 -0.01374831
v 0.14389613 -0.31757488 -0.01177813
v 0.14508988 -0.31404256 -0.01605627
v 0.1349406 -0.31903144 -0.01444613
v 0.13319942 -0.3215661 -0.01017079
v 0.13832302 -0.32205516 -0.00947541
v 0.1299255 -0.31738793 -0.0142612
v 0.12797425 -0.31964221 -0.01000706
v 0.12640489 -0.32145738 -0.00629954
v 0.13168209 -0.32376903 -0.00634724
v 0.12263792 -0.31743982 -0.00967061
v 0.12113977 -0.31892234 -0.00615595
v 0.11979302 -0.32033029 -0.00286222
v 0.1251474 -0.32276222 -0.00283159
v 0.11537464 -0.3176935 -0.00666022
v 0.11385861 -0.31895676 -0.00347467
v 0.10717571 -0.31571805 -0.00508476
v 0.10493859 -0.31546148 -0.00196891
v 0.10292968 -0.31357741 0.00114153
v 0.10137818 -0.31007757 -0.0035713
v 0.10058506 -0.30865645 -0.00057321
v 0.12456312 -0.32299679 0.00035671
v 0.12946815 -0.32570999 0.00075404
v 0.13037206 -0.32510981 -0.00272552
v 0.13561603 -0.3262484 -0.00208063
v 0.1370226 -0.32459992 -0.00576022
v 0.14029176 -0.32491591 -0.00031063
v 0.14147213 -0.32306253 -0.00390809
v 0.14252586 -0.32053995 -0.00759225
v 0.14417064 -0.32003021 -0.00113582
v 0.14478071 -0.31750884 -0.00475595
v 0.14596927 -0.31437271 -0.00888601
v 0.14439585 -0.31387308 -0.00173342
v 0.14591942 -0.31072592 -0.00573241
v 0.14741221 -0.30729481 -0.01045297
v 0.14707553 -0.31101021 -0.01340319
v 0.14909456 -0.30424115 -0.01573894
v 0.14570879 -0.30375942 -0.00764373
v 0.14817619 -0.30018854 -0.01314496
v 0.15076389 -0.29712539 -0.01956795
v 0.151268 -0.30160605 -0.02178855
v 0.14471635 -0.29671621 -0.01096704
v 0.14860871 -0.29251447 -0.01718915
v 0.1392149 -0.29472014 -0.01043707
v 0.14347899 -0.28945919 -0.01623649
v 0.14797306 -0.28494787 -0.023343
v 0.1377643 -0.28720477 -0.0163445
v 0.14262093 -0.28162312 -0.0231697
v 0.14716555 -0.27599874 -0.03076855
v 0.15247823 -0.28007707 -0.03111138
v 0.13682054 -0.27906483 -0.0236453
v 0.14136143 -0.27254283 -0.03114899
v 0.14519219 -0.26583629 -0.04081603
v 0.13587814 -0.27040869 -0.03267547
v 0.13940395 -0.26353895 -0.04210779
v 0.14218273 -0.25693634 -0.05219217
v 0.13397397 -0.26235652 -0.04416237
v 0.13656505 -0.2562384 -0.05411113
v 0.13829575 -0.24697411 -0.06106584
v 0.1314415 -0.25608247 -0.0563417
v 0.13257418 -0.24702672 -0.06328493
v 0.1329185 -0.23662453 -0.06848429
v 0.12770895 -0.24796979 -0.06605589
v 0.12696205 -0.23735979 -0.07183822
v 0.12370791 -0.24953234 -0.06893461
v 0.12267591 -0.23927156 -0.07520335
v 0.12033574 -0.25190594 -0.07172246
v 0.11905296 -0.24319839 -0.07866417
v 0.11853499 -0.25587976 -0.07511496
v 0.11694625 -0.24934741 -0.08218798
v 0.11633913 -0.24544519 -0.08914446
v 0.11686628 -0.2558794 -0.08555895
v 0.11546629 -0.25309935 -0.09171202
v 0.11348823 -0.25122681 -0.09759269
v 0.11462259 -0.24299146 -0.09533482
v 0.10822958 -0.25022918 -0.10158693
v 0.10969166 -0.24112406 -0.09977618
v 0.10156943 -0.24992598 -0.10147669
v 0.10277901 -0.23961783 -0.09983594
v 0.10537778 -0.22891479 -0.09968673
v 0.10935775 -0.21798957 -0.10105039
v 0.09628003 -0.23851251 -0.09708032
v 0.09896624 -0.22659787 -0.09661114
v 0.08984895 -0.23773303 -0.09376426
v 0.09222474 -0.22484083 -0.09286429
v 0.09508515 -0.25000882 -0.09896186
v 0.08853568 -0.25012588 -0.09591468
v 0.09550393 -0.26143023 -0.1020765
v 0.08890406 -0.26250407 -0.09940391
v 0.10232403 -0.25991576 -0.10448956
v 0.1054601 -0.26939842 -0.10818009
v 0.11211123 -0.26739373 -0.10701056
v 0.1170223 -0.27553722 -0.10965328
v 0.11104853 -0.27837681 -0.11187671
v 0.1090293 -0.2590675 -0.10374239
v 0.11406232 -0.25943031 -0.09968902
v 0.11686095 -0.26705217 -0.10223382
v 0.11989069 -0.26760855 -0.09637354
v 0.12455382 -0.27438214 -0.09828423
v 0.1216301 -0.27444818 -0.10456345
v 0.11670094 -0.26061368 -0.09418195
v 0.11855624 -0.26246079 -0.08813085
v 0.12203358 -0.26876041 -0.09000621
v 0.12331972 -0.27158579 -0.08191453
v 0.12710526 -0.27690884 -0.08306196
v 0.12675038 -0.27469027 -0.09156382
v 0.12022323 -0.26613196 -0.08021766
v 0.118809 -0.27210411 -0.07118403
v 0.12191009 -0.27679076 -0.07236217
v 0.11849526 -0.26091444 -0.0779335
v 0.11694318 -0.26746681 -0.06912105
v 0.11706274 -0.27341562 -0.05880608
v 0.11909702 -0.27739372 -0.06017269
v 0.11733813 -0.2631711 -0.06648064
v 0.11672578 -0.26955232 -0.05691267
v 0.11421632 -0.27467188 -0.04810237
v 0.11472526 -0.27861538 -0.04997852
v 0.1198211 -0.26006037 -0.06378977
v 0.11848431 -0.26642739 -0.05445386
v 0.11570519 -0.27154102 -0.04552034
v 0.11116124 -0.27539122 -0.03817149
v 0.10999243 -0.27884599 -0.0407971
v 0.12130033 -0.26415422 -0.05172224
v 0.11822152 -0.26910847 -0.04264006
v 0.11390759 -0.27344995 -0.0350078
v 0.10902663 -0.27678775 -0.0283304
v 0.10604654 -0.27844521 -0.03165729
v 0.12191812 -0.26813027 -0.0397821
v 0.11776933 -0.27350944 -0.03199749
v 0.11299418 -0.27739438 -0.02519947
v 0.10834355 -0.28077289 -0.01923327
v 0.10434047 -0.27946463 -0.02228896
v 0.12207222 -0.27456921 -0.0295112
v 0.11723855 -0.2792581 -0.02271693
v 0.11252073 -0.28309184 -0.01683898
v 0.10858988 -0.28651964 -0.01208768
v 0.10453577 -0.28330722 -0.01414146
v 0.12167343 -0.28122264 -0.02040669
v 0.11699304 -0.28566443 -0.01474777
v 0.11299417 -0.28949514 -0.01011455
v 0.11005801 -0.29268366 -0.00632727
v 0.10534906 -0.28960233 -0.00803728
v 0.12194754 -0.28751346 -0.01198397
v 0.11817437 -0.29144325 -0.00740585
v 0.11557599 -0.29458668 -0.00375673
v 0.11368013 -0.29709053 -0.00056508
v 0.10784586 -0.29536944 -0.00327361
v 0.12394615 -0.29397714 -0.00570336
v 0.12138927 -0.29730293 -0.0019486
v 0.11960332 -0.30004319 0.00125165
v 0.11790246 -0.30264711 0.00383191
v 0.11202304 -0.29949083 0.00206327
v 0.12705518 -0.30085933 -0.00190379
v 0.12486183 -0.30396542 0.00133486
v 0.12306583 -0.30682617 0.00374462
v 0.12147424 -0.30958744 0.00581277
v 0.11655351 -0.30479911 0.00609606
v 0.13032586 -0.30698445 0.00138788
v 0.1283691 -0.31009396 0.00358957
v 0.12671439 -0.31308889 0.0054877
v 0.13422542 -0.31161719 0.00462783
v 0.13259868 -0.31460657 0.00665208
v 0.13091288 -0.31765905 0.00830452
v 0.12933956 -0.32095968 0.00884587
v 0.13807722 -0.31585899 0.00695238
v 0.13972736 -0.31320855 0.00398065
v 0.14352223 -0.31617274 0.00187053
v 0.14184036 -0.31853646 0.0051538
v 0.14277952 -0.32199204 0.00240887
v 0.14127442 -0.31071874 0.00063213
v 0.13616552 -0.30879047 0.00158657
v 0.13850759 -0.30514404 -0.00185508
v 0.14333725 -0.30740192 -0.00314217
v 0.14143671 -0.30119577 -0.00601828
v 0.13275182 -0.30355048 -0.0019502
v 0.13572904 -0.29950249 -0.00598322
v 0.12979945 -0.29709389 -0.0058153
v 0.13341039 -0.29256212 -0.0104592
v 0.12762329 -0.28972211 -0.0103095
v 0.13208101 -0.28462705 -0.01644336
v 0.12664385 -0.28265541 -0.01787305
v 0.13152094 -0.27723819 -0.02505985
v 0.12653447 -0.27575412 -0.02723059
v 0.13077703 -0.2691057 -0.03494803
v 0.12618657 -0.26825758 -0.03725618
v 0.1290176 -0.2618857 -0.04643749
v 0.12476039 -0.26252415 -0.04898898
v 0.12738639 -0.25704479 -0.05897597
v 0.12350753 -0.25821697 -0.06137258
v 0.12866914 -0.32376605 0.00707995
v 0.12895771 -0.32520175 0.00418656
v 0.12412162 -0.3229289 0.00334747
v 0.11047115 -0.30160749 0.00435858
v 0.10480818 -0.30003076 0.00176117
v 0.10627856 -0.29780626 -0.00053361
v 0.09997553 -0.29819989 -0.00023834
v 0.10115667 -0.29542097 -0.00217017
v 0.10285322 -0.29259997 -0.00491917
v 0.09876801 -0.28916722 -0.00623712
v 0.10129635 -0.28618502 -0.00989813
v 0.09461976 -0.28650111 -0.00874176
v 0.09719201 -0.2838869 -0.01261208
v 0.10048691 -0.28177622 -0.01716265
v 0.09360878 -0.28521692 -0.01647695
v 0.0972926 -0.28345266 -0.02074144
v 0.1010716 -0.28091043 -0.02582966
v 0.09563859 -0.28703263 -0.02388313
v 0.09956862 -0.28446158 -0.02887829
v 0.10462031 -0.28184738 -0.03452603
v 0.10019296 -0.28893068 -0.03065559
v 0.10509359 -0.2862325 -0.03624992
v 0.11049021 -0.28306129 -0.0425461
v 0.10722125 -0.29058232 -0.03661883
v 0.11204767 -0.28737688 -0.0434953
v 0.11659661 -0.28276503 -0.05113083
v 0.11485141 -0.29154875 -0.0435246
v 0.11946217 -0.28655472 -0.05135502
v 0.1220214 -0.28101322 -0.0607589
v 0.1231745 -0.29009142 -0.05097214
v 0.1259711 -0.28428074 -0.06063959
v 0.12564568 -0.28133857 -0.07278412
v 0.13042812 -0.28683018 -0.06008941
v 0.13047355 -0.28486773 -0.07243152
v 0.13195523 -0.28187766 -0.08354991
v 0.1359931 -0.28694376 -0.07170582
v 0.13731454 -0.28599324 -0.08332964
v 0.13767294 -0.28636491 -0.0928397
v 0.13211819 -0.28058815 -0.09268947
v 0.13648793 -0.2877728 -0.10010124
v 0.13022309 -0.28117919 -0.09959074
v 0.13474272 -0.28915435 -0.10656029
v 0.12759043 -0.28210121 -0.10589657
v 0.13213154 -0.29112938 -0.11203564
v 0.12384192 -0.28376403 -0.11115309
v 0.12868233 -0.29439258 -0.115638
v 0.11914981 -0.28675961 -0.11434702
v 0.12507416 -0.29901704 -0.11673312
v 0.13788327 -0.30043891 -0.11610947
v 0.13525287 -0.30497774 -0.11743453
v 0.13323272 -0.31019294 -0.1160383
v 0.12248975 -0.30406275 -0.11498615
v 0.13209751 -0.31558218 -0.11245165
v 0.12064753 -0.31021651 -0.11136598
v 0.13150571 -0.32154297 -0.1080396
v 0.11974485 -0.31728735 -0.10665472
v 0.10727141 -0.3136006 -0.10516399
v 0.11955511 -0.32584196 -0.10061102
v 0.10777804 -0.32418742 -0.09820246
v 0.09573108 -0.32399264 -0.0950834
v 0.0954642 -0.31292575 -0.10226033
v 0.10794697 -0.33531832 -0.09048031
v 0.09574854 -0.33526098 -0.08729542
v 0.1077171 -0.34751382 -0.08314432
v 0.09530986 -0.3476113 -0.08035951
v 0.10699323 -0.36114928 -0.07764816
v 0.09450794 -0.36131495 -0.07508847
v 0.10619208 -0.37574926 -0.07403408
v 0.09368466 -0.37596327 -0.07174419
v 0.10552121 -0.39107084 -0.07222954
v 0.09314906 -0.39124336 -0.07004626
v 0.10522218 -0.4067091 -0.07219249
v 0.09298901 -0.40693259 -0.07003612
v 0.10539963 -0.42243319 -0.07397474
v 0.09322387 -0.422811 -0.07175806
v 0.10610426 -0.43804663 -0.07758589
v 0.09389144 -0.4385631 -0.0752471
v 0.10729563 -0.45335164 -0.08291707
v 0.09494704 -0.45399406 -0.08040131
v 0.10875881 -0.46818947 -0.08999925
v 0.09619014 -0.46889576 -0.08721189
v 0.11023844 -0.48237943 -0.09857937
v 0.0974376 -0.48309478 -0.09551297
v 0.11157579 -0.49576565 -0.10848593
v 0.09854707 -0.49635982 -0.10517145
v 0.11270107 -0.50806921 -0.11970152
v 0.09937138 -0.50848746 -0.11602605
v 0.11343361 -0.51908773 -0.13189809
v 0.09981223 -0.51931303 -0.12777732
v 0.11354979 -0.52865856 -0.14433898
v 0.09978501 -0.52865809 -0.13991902
v 0.11310983 -0.53675687 -0.15633229
v 0.09926926 -0.53672647 -0.15206024
v 0.11202982 -0.5437628 -0.16851143
v 0.09825042 -0.54368662 -0.16442313
v 0.11047304 -0.54976624 -0.18129484
v 0.09681528 -0.54956752 -0.17721623
v 0.10866377 -0.55467969 -0.19462885
v 0.09513933 -0.5544371 -0.19041736
v 0.10668796 -0.55872947 -0.20811496
v 0.09333936 -0.55847632 -0.20383091
v 0.10478077 -0.56208258 -0.22174161
v 0.09170224 -0.56190627 -0.21765816
v 0.10328256 -0.56486392 -0.23584814
v 0.09043579 -0.56479996 -0.23194231
v 0.10217282 -0.5670163 -0.25023216
v 0.08942894 -0.56701177 -0.24641792
v 0.10119359 -0.56863027 -0.26462197
v 0.0884902 -0.56860911 -0.2608715
v 0.10017998 -0.56974953 -0.278862
v 0.08748242 -0.56964457 -0.27517256
v 0.0991061 -0.57043975 -0.29284793
v 0.08638119 -0.57020974 -0.28921806
v 0.0980069 -0.57073086 -0.30650305
v 0.08524982 -0.57037854 -0.3029505
v 0.0969089 -0.5707314 -0.3198347
v 0.08414362 -0.57026416 -0.31636863
v 0.09580219 -0.57060152 -0.33288931
v 0.10992517 -0.57145738 -0.32359993
v 0.10881054 -0.57135456 -0.3365812
v 0.10759244 -0.57111841 -0.34928941
v 0.12210877 -0.57230085 -0.34055444
v 0.12085191 -0.57203412 -0.35319903
v 0.1193813 -0.57162195 -0.36556696
v 0.13446298 -0.5730769 -0.35741797
v 0.132927 -0.57261019 -0.36976996
v 0.13107813 -0.57200253 -0.38181129
v 0.14683727 -0.57369518 -0.37437349
v 0.14489592 -0.57303786 -0.38647466
v 0.14252553 -0.57225698 -0.39819383
v 0.15900585 -0.57410693 -0.39169549
v 0.15645882 -0.57327997 -0.4035725
v 0.15342117 -0.57234144 -0.41504436
v 0.17062005 -0.57421028 -0.40942946
v 0.16727867 -0.57319003 -0.4212099
v 0.16337873 -0.57209998 -0.43266287
v 0.18107289 -0.57372444 -0.42766454
v 0.17683254 -0.57250529 -0.43948411
v 0.17206208 -0.57126247 -0.45096576
v 0.19014868 -0.57209891 -0.44648891
v 0.18491253 -0.57076925 -0.4583911
v 0.17910029 -0.56939852 -0.47002157
v 0.19751659 -0.56901896 -0.46591663
v 0.1910807 -0.56743663 -0.47797629
v 0.18399068 -0.56585395 -0.48981663
v 0.20265115 -0.5636844 -0.48585397
v 0.19489905 -0.56183576 -0.49799472
v 0.18651802 -0.56015741 -0.50993704
v 0.20520439 -0.55535268 -0.50548696
v 0.19617368 -0.5533775 -0.51766663
v 0.18642455 -0.55182373 -0.52960646
v 0.17736139 -0.55862289 -0.52146256
v 0.17596034 -0.55045408 -0.54113745
v 0.16737479 -0.55731308 -0.53258132
v 0.1646876 -0.54939049 -0.55218458
v 0.15655255 -0.55618166 -0.54308164
v 0.1527877 -0.54855436 -0.56254261
v 0.1450693 -0.55531853 -0.5528714
v 0.14032451 -0.54772454 -0.57217329
v 0.13303026 -0.55447971 -0.56186771
v 0.1273328 -0.54693472 -0.58096128
v 0.12053644 -0.55372303 -0.56998443
v 0.11388629 -0.54604411 -0.5889675
v 0.10765115 -0.55286705 -0.57727396
v 0.10148011 -0.5576567 -0.56443578
v 0.09453264 -0.55182158 -0.58368003
v 0.08897054 -0.55668592 -0.57017129
v 0.08377718 -0.55985206 -0.55593705
v 0.0763788 -0.55562019 -0.57509678
v 0.07180378 -0.55891257 -0.56028705
v 0.06773353 -0.56102877 -0.5448926
v 0.05973701 -0.55799007 -0.56383526
v 0.05646467 -0.56024706 -0.54780298
v 0.05390184 -0.56176555 -0.53143149
v 0.04518074 -0.55956679 -0.55005925
v 0.04318814 -0.56125485 -0.53333759
v 0.04166605 -0.56251758 -0.51675462
v 0.04774034 -0.55716341 -0.56661874
v 0.06353338 -0.55457931 -0.57931017
v 0.05082365 -0.55362665 -0.58267951
v 0.06767363 -0.54958206 -0.59409868
v 0.05416305 -0.54856807 -0.59804868
v 0.07205415 -0.54271107 -0.60774439
v 0.05768758 -0.54158031 -0.61230713
v 0.07639314 -0.53370988 -0.61986339
v 0.06130562 -0.53254002 -0.62498521
v 0.08047609 -0.522852 -0.63006323
v 0.0648091 -0.52170485 -0.63578999
v 0.08430373 -0.51059716 -0.6383022
v 0.06814211 -0.5094099 -0.64459991
v 0.08782304 -0.49725523 -0.64463192
v 0.07125678 -0.49611911 -0.65147805
v 0.09095887 -0.48329666 -0.64945393
v 0.07407738 -0.48222631 -0.65670508
v 0.09358805 -0.46885931 -0.65297704
v 0.0764936 -0.46788299 -0.66050845
v 0.09553446 -0.45407295 -0.65547794
v 0.07828791 -0.45326 -0.66324079
v 0.0965859 -0.43894749 -0.65733385
v 0.0792502 -0.43838244 -0.66505688
v 0.09659614 -0.42340314 -0.65866851
v 0.07925652 -0.42319929 -0.6662265
v 0.09558609 -0.40741616 -0.65941041
v 0.07831759 -0.40766674 -0.66675758
v 0.09388604 -0.39117971 -0.65943455
v 0.07679805 -0.3917706 -0.66659671
v 0.09204714 -0.37477853 -0.65861129
v 0.07512463 -0.37567904 -0.66565597
v 0.09031689 -0.35836207 -0.65684956
v 0.07352779 -0.35951384 -0.66396051
v 0.08875292 -0.34204384 -0.65446239
v 0.0720378 -0.34335658 -0.66164463
v 0.08730036 -0.32590729 -0.65163451
v 0.07064037 -0.32725116 -0.65882718
v 0.08580541 -0.30999621 -0.64836698
v 0.06926504 -0.31119614 -0.65561246
v 0.08415716 -0.29426896 -0.64469611
v 0.06780916 -0.29515686 -0.65198797
v 0.08239273 -0.27853053 -0.64069253
v 0.06628478 -0.27906107 -0.64792221
v 0.08049785 -0.26272046 -0.6361894
v 0.06471063 -0.26282057 -0.64335882
v 0.07865816 -0.24682711 -0.63110876
v 0.06316722 -0.24644406 -0.63811564
v 0.07698951 -0.23092116 -0.62531155
v 0.06181839 -0.22999408 -0.63216167
v 0.07564752 -0.21497988 -0.61873954
v 0.06074905 -0.2135142 -0.62534833
v 0.07457354 -0.19911006 -0.61132401
v 0.05993114 -0.19711147 -0.61765778
v 0.07365666 -0.18336351 -0.60288995
v 0.05941345 -0.18087895 -0.60887801
v 0.07305201 -0.16794593 -0.5932694
v 0.05911795 -0.16500204 -0.59883654
v 0.07254738 -0.15303951 -0.5823102
v 0.05890894 -0.14976906 -0.58742958
v 0.0720469 -0.13892364 -0.57007765
v 0.05861235 -0.13543556 -0.57476538
v 0.07147386 -0.12588341 -0.5567398
v 0.05817752 -0.12214865 -0.56120246
v 0.07092654 -0.11363056 -0.54295265
v 0.05764655 -0.10985345 -0.54708761
v 0.07027734 -0.10249266 -0.52863651
v 0.05707018 -0.09857436 -0.53260827
v 0.06969312 -0.09225636 -0.51418143
v 0.05647813 -0.08824823 -0.51798796
v 0.06914667 -0.08294262 -0.49974459
v 0.05592578 -0.0787732 -0.50346517
v 0.06860497 -0.07436537 -0.48547476
v 0.05538908 -0.07010102 -0.48910471
v 0.06805157 -0.0663583 -0.4714044
v 0.05482076 -0.06202237 -0.47495135
v 0.06736622 -0.05891857 -0.45778369
v 0.05417579 -0.05450501 -0.46114799
v 0.06644567 -0.0517838 -0.44447723
v 0.05340287 -0.04737883 -0.44767287
v 0.06527084 -0.04484771 -0.43136996
v 0.05244602 -0.04050147 -0.43438419
v 0.0638357 -0.03802485 -0.41832572
v 0.05130761 -0.03381195 -0.42117315
v 0.06218477 -0.03129069 -0.40525472
v 0.05002249 -0.02721967 -0.40793499
v 0.06041038 -0.02461956 -0.39207649
v 0.04864305 -0.02072153 -0.39460811
v 0.05853732 -0.01806688 -0.37875741
v 0.04716586 -0.01433523 -0.38114091
v 0.0566473 -0.01166928 -0.36530789
v 0.04563759 -0.00811216 -0.36752528
v 0.05471337 -0.00542536 -0.35170742
v 0.04409753 -0.00204686 -0.35377138
v 0.05272948 0.00062002 -0.33792078
v 0.04252013 0.00380099 -0.33980822
v 0.05074663 0.00643817 -0.32389155
v 0.04097401 0.00942276 -0.32563179
v 0.04880159 0.01198473 -0.30964121
v 0.03948759 0.01475366 -0.31124264
v 0.04699142 0.0170492 -0.29530659
v 0.03816432 0.01978627 -0.2967391
v 0.04672161 0.02476615 -0.28218054
v 0.03798387 0.02712228 -0.2833136
v 0.04873362 0.036687 -0.27243301
v 0.03963006 0.03874803 -0.27355578
v 0.05105446 0.04837245 -0.26214772
v 0.041544 0.05007685 -0.26334956
v 0.05321798 0.05919146 -0.25146386
v 0.04323178 0.06037058 -0.25292065
v 0.05464403 0.06871254 -0.2411652
v 0.04427871 0.06957379 -0.2427573
v 0.05525788 0.07726789 -0.23096279
v 0.044663 0.07799493 -0.23255716
v 0.0556389 0.08556228 -0.21985843
v 0.04491217 0.08604623 -0.22167009
v 0.05648913 0.09300189 -0.20823577
v 0.04552363 0.09349735 -0.21012878
v 0.05797705 0.09935284 -0.19630262
v 0.04668903 0.10013423 -0.19816471
v 0.06008773 0.104422 -0.18411706
v 0.04837194 0.10569588 -0.18589772
v 0.06235885 0.10839595 -0.17209044
v 0.05047601 0.11008261 -0.17356984
v 0.06509964 0.11112304 -0.16041287
v 0.05305509 0.11332742 -0.16146628
v 0.06811988 0.11261013 -0.14940525
v 0.05585315 0.1151451 -0.14975877
v 0.07106132 0.11294107 -0.13912899
v 0.05899184 0.11587472 -0.13853284
v 0.07453454 0.11219386 -0.12953122
v 0.06216117 0.11556091 -0.12782806
v 0.07820551 0.11036693 -0.12075925
v 0.06520607 0.11428897 -0.11746972
v 0.08381316 0.10865053 -0.1306066
v 0.08744952 0.10657225 -0.12296165
v 0.0916135 0.10564892 -0.13139827
v 0.09517105 0.1036532 -0.12462003
v 0.09936244 0.10600644 -0.13174259
v 0.10303794 0.10632237 -0.12542475
v 0.10362984 0.11148962 -0.13195964
v 0.10806834 0.1114555 -0.12619848
v 0.11381918 0.11029576 -0.12229423
v 0.1116601 0.11857539 -0.12787874
v 0.11718334 0.11811985 -0.12468919
v 0.1232627 0.11679882 -0.12345466
v 0.12009749 0.10832295 -0.12026662
v 0.12912248 0.11453432 -0.12456481
v 0.12582141 0.10536238 -0.12127
v 0.13262331 0.11150126 -0.12899357
v 0.12972407 0.10182146 -0.12549254
v 0.12706401 0.09300142 -0.12303616
v 0.12560167 0.08331258 -0.12146174
v 0.1297229 0.09885124 -0.13173994
v 0.12706945 0.08881122 -0.12971888
v 0.12610229 0.07794954 -0.12900584
v 0.12458416 0.08541825 -0.13702423
v 0.12618592 0.07329233 -0.13774633
v 0.13194207 0.06336239 -0.1376262
v 0.13047111 0.06742024 -0.1280606
v 0.12803526 0.07203649 -0.1194185
v 0.13693168 0.05719296 -0.12632568
v 0.13455556 0.06175409 -0.11637596
v 0.13030691 0.0667089 -0.10702014
v 0.14029149 0.05077705 -0.11252176
v 0.13619026 0.05532285 -0.10245999
v 0.13069653 0.06017677 -0.09271273
v 0.12438096 0.07228972 -0.09795116
v 0.1239804 0.06551859 -0.08132217
v 0.11695892 0.07771471 -0.08698299
v 0.11740052 0.06935048 -0.06827288
v 0.10938961 0.08093327 -0.07332151
v 0.09853354 0.09178073 -0.08022938
v 0.102918 0.08163123 -0.05784413
v 0.09187392 0.09141475 -0.06277382
v 0.07839599 0.09954731 -0.06771046
v 0.06396745 0.10596034 -0.07004635
v 0.0868376 0.08968852 -0.0452597
v 0.07400135 0.09692141 -0.04889178
v 0.06032127 0.10282655 -0.05131812
v 0.07012221 0.0938655 -0.03109932
v 0.05716253 0.0994478 -0.03343499
v 0.06613808 0.08998874 -0.01356317
v 0.05399873 0.09529186 -0.01566312
v 0.06256445 0.08495619 0.00401774
v 0.05105956 0.09009851 0.00235677
v 0.05955855 0.07766063 0.02136135
v 0.04861113 0.08291637 0.02040846
v 0.057326 0.0674728 0.03754438
v 0.04682209 0.07316752 0.03769537
v 0.05588152 0.05493341 0.05171869
v 0.0456829 0.0606787 0.05296219
v 0.05549526 0.04099807 0.06384288
v 0.04521161 0.04627711 0.06576962
v 0.05603845 0.02661779 0.07428972
v 0.04545183 0.03133268 0.07658366
v 0.05646368 0.01211633 0.08358576
v 0.04576844 0.0165466 0.08608968
v 0.05631171 -0.00255044 0.09193705
v 0.04602459 0.00195698 0.09525768
v 0.05594212 -0.01750652 0.09969844
v 0.04605931 -0.01296085 0.10414645
v 0.05583367 -0.03269735 0.10703099
v 0.04611865 -0.02830756 0.11281316
v 0.05658798 -0.04794634 0.11393663
v 0.04659647 -0.04398536 0.12125201
v 0.05841713 -0.06289599 0.1202875
v 0.04811342 -0.05966528 0.12876482
v 0.06156039 -0.07754714 0.12526658
v 0.0509157 -0.07515402 0.13494388
v 0.06476026 -0.09201791 0.12747347
v 0.05433157 -0.09081685 0.13868363
v 0.06670975 -0.10658124 0.12646883
v 0.05679837 -0.10670416 0.13912512
v 0.07403709 -0.09236979 0.11441965
v 0.07519332 -0.1057555 0.11250078
v 0.08171739 -0.09206718 0.10027408
v 0.08236414 -0.10477175 0.09795451
v 0.08805907 -0.09164739 0.08586148
v 0.0883945 -0.10400662 0.08344894
v 0.08634478 -0.11581526 0.07959616
v 0.09341771 -0.10360082 0.06912376
v 0.09067802 -0.11537949 0.06545151
v 0.08592666 -0.12620697 0.06122389
v 0.09464559 -0.11521903 0.0513431
v 0.09024373 -0.12616509 0.0473789
v 0.09889949 -0.11532659 0.0369484
v 0.09512149 -0.12646913 0.03323822
v 0.10503134 -0.11628128 0.02201567
v 0.10105962 -0.12725298 0.01829125
v 0.10183645 -0.10386908 0.04052033
v 0.10783013 -0.10448075 0.02601543
v 0.10321914 -0.09220399 0.04350717
v 0.10921255 -0.09268182 0.02953452
v 0.11698012 -0.09305858 0.01537821
v 0.10938494 -0.08112915 0.03222134
v 0.1166455 -0.08132915 0.01878834
v 0.12475106 -0.08068167 0.00500538
v 0.12549157 -0.09266609 0.00080248
v 0.13300323 -0.07875117 -0.00875058
v 0.13429623 -0.09086126 -0.01353785
v 0.14123821 -0.07537186 -0.02201013
v 0.14286267 -0.08734155 -0.02719732
v 0.14309024 -0.10039389 -0.03363141
v 0.15084897 -0.08221072 -0.04062081
v 0.15144836 -0.09425217 -0.04708566
v 0.15212641 -0.10390061 -0.05603658
v 0.14337867 -0.11252749 -0.04399879
v 0.15391065 -0.1106349 -0.06874879
v 0.14524367 -0.12057472 -0.05861525
v 0.1555555 -0.11550054 -0.08222287
v 0.14707844 -0.12586088 -0.07333042
v 0.13754829 -0.13485179 -0.06556391
v 0.12753713 -0.14256824 -0.05887409
v 0.14816458 -0.13001526 -0.08564282
v 0.13853952 -0.13942119 -0.07854653
v 0.1283206 -0.14766509 -0.07241287
v 0.11786118 -0.15471039 -0.06706585
v 0.11763441 -0.14925932 -0.05364858
v 0.13881899 -0.14302964 -0.08890099
v 0.12844984 -0.15160247 -0.08289519
v 0.11740899 -0.15845939 -0.07762271
v 0.12770538 -0.15419465 -0.09138821
v 0.11620619 -0.16082669 -0.08622086
v 0.12626801 -0.15617245 -0.09886907
v 0.13840632 -0.14568218 -0.09734335
v 0.13753689 -0.14782767 -0.1047793
v 0.13701145 -0.15021963 -0.11127017
v 0.14739322 -0.13851745 -0.1118964
v 0.14675147 -0.14070461 -0.11837418
v 0.14725674 -0.14364209 -0.12434358
v 0.13749884 -0.15330074 -0.11685095
v 0.1496471 -0.14744837 -0.1290369
v 0.13933049 -0.15720714 -0.12100335
v 0.15353098 -0.15161933 -0.1321755
v 0.1426897 -0.16119404 -0.12340148
v 0.15826287 -0.15584108 -0.13415762
v 0.14700275 -0.16504026 -0.12460888
v 0.13796183 -0.17891854 -0.11680861
v 0.14250978 -0.18155181 -0.11423353
v 0.1607854 -0.14297549 -0.1412446
v 0.16589306 -0.14696775 -0.14401553
v 0.17128789 -0.1508232 -0.14648734
v 0.170603 -0.13810747 -0.15401774
v 0.17657114 -0.14219504 -0.15706852
v 0.18327581 -0.14735902 -0.16079339
v 0.17730876 -0.15531162 -0.14956581
v 0.1907027 -0.15371632 -0.16538268
v 0.18582606 -0.1606491 -0.15326695
v 0.19920398 -0.16054222 -0.17027868
v 0.19562329 -0.1667445 -0.15777005
v 0.1912703 -0.17308017 -0.14590138
v 0.18678073 -0.17933763 -0.13491037
v 0.20486432 -0.17413908 -0.16314713
v 0.20085564 -0.18034926 -0.15141914
v 0.19681847 -0.18631894 -0.14023907
v 0.19275146 -0.19218441 -0.12995754
v 0.18274319 -0.18527422 -0.12532487
v 0.2088945 -0.18890801 -0.15711429
v 0.2048942 -0.19485078 -0.14584216
v 0.20084361 -0.20071001 -0.13508474
v 0.19658899 -0.20669677 -0.12475588
v 0.18868641 -0.19831539 -0.12001392
v 0.21173654 -0.20431053 -0.1512271
v 0.20756286 -0.21013271 -0.14013721
v 0.20299369 -0.21603164 -0.12952496
v 0.19840887 -0.22196818 -0.11914447
v 0.19234223 -0.21272526 -0.11458491
v 0.21336858 -0.22023318 -0.14482101
v 0.20868396 -0.22600808 -0.13380482
v 0.20357525 -0.23181654 -0.12321227
v 0.19853314 -0.23763407 -0.1129089
v 0.19378364 -0.22792363 -0.10906925
v 0.213146 -0.23666037 -0.13772143
v 0.2076596 -0.24241156 -0.12675401
v 0.20196078 -0.24802006 -0.116255
v 0.19618967 -0.25352168 -0.10623281
v 0.19332458 -0.24349203 -0.10301252
v 0.20980745 -0.25362661 -0.13016186
v 0.2035028 -0.25913259 -0.11933893
v 0.1969807 -0.26423865 -0.10912407
v 0.19067417 -0.26854234 -0.09932652
v 0.19026044 -0.25866067 -0.09661901
v 0.20246996 -0.2703827 -0.12288031
v 0.19549524 -0.27492472 -0.11245786
v 0.18896275 -0.27833038 -0.10252062
v 0.18285633 -0.28055504 -0.09278387
v 0.1842263 -0.27188944 -0.09001213
v 0.1796295 -0.28784367 -0.09532908
v 0.17347557 -0.28700962 -0.08540321
v 0.17599867 -0.28139761 -0.08338829
v 0.17529141 -0.2939457 -0.09685199
v 0.16997242 -0.29188743 -0.0869018
v 0.16491915 -0.29082498 -0.07710195
v 0.16742664 -0.28702843 -0.0755804
v 0.16998043 -0.29868766 -0.09762368
v 0.16574731 -0.29576051 -0.087838
v 0.16148148 -0.29398423 -0.07824862
v 0.16034662 -0.29848831 -0.08871682
v 0.15704913 -0.29529985 -0.07942813
v 0.1544433 -0.29838448 -0.0900731
v 0.15221519 -0.29464113 -0.08064191
v 0.1488696 -0.29570236 -0.09154451
v 0.14747548 -0.29254019 -0.0818232
v 0.14328898 -0.29150784 -0.0925356
v 0.14261272 -0.28951537 -0.08277613
v 0.14104007 -0.28926396 -0.0709256
v 0.1349588 -0.28942033 -0.05945631
v 0.1272127 -0.29353669 -0.05035221
v 0.11866693 -0.2952995 -0.04272385
v 0.11086458 -0.29389783 -0.03566081
v 0.10274492 -0.29317244 -0.03072196
v 0.09612406 -0.29161796 -0.02583638
v 0.09218974 -0.28935128 -0.0196093
v 0.09081711 -0.28715363 -0.01279959
v 0.14943531 -0.29850763 -0.09978658
v 0.14275595 -0.29363286 -0.10008375
v 0.14909187 -0.30048328 -0.10677725
v 0.14178118 -0.29533046 -0.10663628
v 0.14823412 -0.30199942 -0.11247444
v 0.14024753 -0.29724174 -0.11223912
v 0.14658419 -0.30452126 -0.11698944
v 0.15616053 -0.30509039 -0.11318457
v 0.15504394 -0.30674299 -0.11819864
v 0.15338949 -0.31114429 -0.1213793
v 0.14446638 -0.30910223 -0.1193076
v 0.15236137 -0.31652632 -0.12076284
v 0.14317059 -0.31431001 -0.11780216
v 0.1522994 -0.32181927 -0.11771202
v 0.14262923 -0.31953415 -0.1143537
v 0.15262274 -0.32732051 -0.11364062
v 0.14248117 -0.32504618 -0.11014076
v 0.1532301 -0.33341538 -0.10919592
v 0.14270883 -0.33154389 -0.10528512
v 0.13135178 -0.3287819 -0.10262129
v 0.14315597 -0.33983406 -0.09944216
v 0.13154836 -0.33765408 -0.09626682
v 0.11969632 -0.33590388 -0.09349675
v 0.13160418 -0.34883433 -0.08940315
v 0.11965935 -0.3479048 -0.08619871
v 0.13104115 -0.3620533 -0.08344364
v 0.11916486 -0.36130452 -0.08041845
v 0.12996959 -0.37676477 -0.07940933
v 0.11830581 -0.37598899 -0.07660691
v 0.12901204 -0.3920544 -0.07750776
v 0.11748632 -0.39131742 -0.07471822
v 0.12847474 -0.4073461 -0.07755222
v 0.11709276 -0.40681588 -0.07470197
v 0.12836413 -0.42250201 -0.07940881
v 0.11721627 -0.42230892 -0.07657516
v 0.1287018 -0.4375787 -0.08301037
v 0.11790242 -0.43767809 -0.0802159
v 0.12951384 -0.4524787 -0.08839141
v 0.11902973 -0.45283317 -0.08563415
v 0.13093757 -0.46689495 -0.09549908
v 0.1205281 -0.46753087 -0.09282596
v 0.13307471 -0.4807192 -0.10420061
v 0.12227768 -0.48163726 -0.10154095
v 0.13531437 -0.49400678 -0.11438509
v 0.1239658 -0.49501735 -0.11170022
v 0.13748428 -0.5067808 -0.12623946
v 0.12557752 -0.50761354 -0.12324899
v 0.13965567 -0.51856732 -0.1397783
v 0.12688152 -0.5189706 -0.13600973
v 0.14102807 -0.52924913 -0.15369471
v 0.12742452 -0.52894896 -0.14900068
v 0.14059604 -0.5372526 -0.16513505
v 0.12694501 -0.53691643 -0.16072422
v 0.1387626 -0.54435253 -0.17672456
v 0.12560677 -0.54394793 -0.17263104
v 0.13660122 -0.55061644 -0.18971666
v 0.12376286 -0.55009526 -0.18545013
v 0.13467039 -0.55577135 -0.20335769
v 0.12184528 -0.55513519 -0.19895719
v 0.13289348 -0.55992353 -0.21729537
v 0.11992607 -0.55925035 -0.21274144
v 0.13118046 -0.56321895 -0.2311723
v 0.11799809 -0.56254339 -0.22641874
v 0.129666 -0.5658524 -0.24497547
v 0.11635689 -0.56519758 -0.24026659
v 0.12840114 -0.56800031 -0.25895121
v 0.11514701 -0.56733775 -0.25443887
v 0.12730562 -0.56970059 -0.273054
v 0.11411372 -0.56897431 -0.26869446
v 0.12627415 -0.57099628 -0.28709179
v 0.11309323 -0.57019776 -0.28284522
v 0.12526807 -0.57187235 -0.30091917
v 0.11204601 -0.57097506 -0.29674783
v 0.12425968 -0.57229214 -0.31444644
v 0.11098738 -0.57136595 -0.31033363
v 0.12322592 -0.57239973 -0.32764464
v 0.13787068 -0.57341378 -0.31882256
v 0.13689379 -0.57350641 -0.33197334
v 0.13576768 -0.57338035 -0.34482318
v 0.15096682 -0.57468646 -0.33659258
v 0.14983452 -0.57454353 -0.34945231
v 0.14846232 -0.57420104 -0.36202284
v 0.16428342 -0.57568287 -0.35440185
v 0.16285353 -0.57532441 -0.36708593
v 0.16110537 -0.5747984 -0.37951582
v 0.17748393 -0.5763247 -0.37217649
v 0.17566581 -0.57580137 -0.38484972
v 0.17339594 -0.57508921 -0.39727512
v 0.19020497 -0.57653135 -0.39002022
v 0.18779163 -0.57579034 -0.40286377
v 0.1847651 -0.57484024 -0.4154289
v 0.20205563 -0.57574576 -0.40833345
v 0.19875104 -0.57470625 -0.42139086
v 0.1947623 -0.57344251 -0.43415358
v 0.212573 -0.57334363 -0.4272356
v 0.20823629 -0.57202309 -0.44052976
v 0.20326679 -0.57055407 -0.45346301
v 0.22140727 -0.56895947 -0.44665673
v 0.21600808 -0.56738555 -0.46016824
v 0.20971237 -0.56559461 -0.47329703
v 0.22793512 -0.56182634 -0.46634614
v 0.22111968 -0.55977839 -0.47997534
v 0.21350431 -0.55747968 -0.49297174
v 0.23073484 -0.55026614 -0.48514965
v 0.22286251 -0.54802912 -0.49854034
v 0.21418388 -0.54596924 -0.51157486
v 0.23052682 -0.53653466 -0.50324964
v 0.22155404 -0.53463172 -0.51655483
v 0.21186186 -0.53293699 -0.52952832
v 0.20473483 -0.54417747 -0.52421969
v 0.20147386 -0.53148531 -0.54219818
v 0.19454522 -0.54257732 -0.53653365
v 0.19037316 -0.53029251 -0.55448514
v 0.18368028 -0.54125201 -0.54841995
v 0.17856149 -0.52934092 -0.56631857
v 0.17204614 -0.54013866 -0.55983603
v 0.16609278 -0.52854484 -0.57762444
v 0.15987169 -0.53938245 -0.57077163
v 0.1530582 -0.52783137 -0.58835387
v 0.14706392 -0.53866434 -0.58100116
v 0.13946059 -0.52707475 -0.59832179
v 0.13371294 -0.5379157 -0.59043484
v 0.12534225 -0.52620637 -0.60746443
v 0.1199075 -0.53707546 -0.59907966
v 0.11080668 -0.52522355 -0.61590153
v 0.1057125 -0.53606814 -0.60687267
v 0.10020204 -0.54497695 -0.59602296
v 0.09118863 -0.53491866 -0.61381924
v 0.08616927 -0.54388755 -0.60235548
v 0.08119373 -0.55072081 -0.58927756
v 0.09583883 -0.52405244 -0.62338972
v 0.1153438 -0.51292789 -0.62305444
v 0.10006078 -0.51179498 -0.63112062
v 0.11931823 -0.49962371 -0.62855052
v 0.10383806 -0.49847507 -0.63700324
v 0.12272682 -0.48560294 -0.63270801
v 0.10715991 -0.4844737 -0.64144605
v 0.12544792 -0.47103053 -0.63583713
v 0.10988147 -0.46995353 -0.64469778
v 0.12732255 -0.45591148 -0.63822829
v 0.11185316 -0.45498204 -0.64714717
v 0.12825076 -0.44018903 -0.640172
v 0.11289075 -0.43953356 -0.64903688
v 0.12810063 -0.42392236 -0.64178097
v 0.11284884 -0.42355838 -0.65049535
v 0.12695801 -0.40722209 -0.64298594
v 0.11174613 -0.40721648 -0.65140312
v 0.12514321 -0.39025241 -0.64344251
v 0.1099764 -0.39059057 -0.65165996
v 0.12320461 -0.37326744 -0.64280545
v 0.10806793 -0.37384435 -0.65097373
v 0.12153405 -0.35636705 -0.64103043
v 0.1063489 -0.35713213 -0.64921969
v 0.12014493 -0.33963826 -0.63821518
v 0.10481258 -0.34058412 -0.64663344
v 0.11891052 -0.32342001 -0.63456332
v 0.10340862 -0.32440084 -0.64349025
v 0.11756208 -0.30775415 -0.63055902
v 0.10192133 -0.30865943 -0.63994449
v 0.11573346 -0.29274043 -0.62648665
v 0.10018704 -0.29330334 -0.63617593
v 0.11348776 -0.2777867 -0.62236297
v 0.09816817 -0.27797216 -0.6321125
v 0.11098738 -0.26286813 -0.61778789
v 0.09600046 -0.26260045 -0.62763792
v 0.10862513 -0.24792556 -0.61280793
v 0.09384793 -0.24722538 -0.62256079
v 0.1063927 -0.23312218 -0.60715234
v 0.09190168 -0.2318643 -0.61690408
v 0.10439028 -0.21853259 -0.60083288
v 0.09022386 -0.21657687 -0.6105166
v 0.10258213 -0.20407567 -0.59379857
v 0.08876875 -0.20138353 -0.60333883
v 0.10092185 -0.18984673 -0.58592712
v 0.08748575 -0.18636594 -0.59515315
v 0.0994516 -0.1759576 -0.57709366
v 0.08641023 -0.17161366 -0.58592766
v 0.0981864 -0.16249381 -0.56723994
v 0.08551673 -0.15727558 -0.57550311
v 0.09710109 -0.14948283 -0.55629962
v 0.0847927 -0.14366009 -0.56380015
v 0.0962124 -0.13707518 -0.54436516
v 0.08412277 -0.13085217 -0.55107361
v 0.09556653 -0.12536038 -0.5316593
v 0.08347516 -0.11892044 -0.5376355
v 0.09510507 -0.11445509 -0.51842892
v 0.08287207 -0.10784616 -0.52379143
v 0.09480845 -0.10433229 -0.50487411
v 0.08238682 -0.09771306 -0.50970643
v 0.09451281 -0.09497004 -0.49111777
v 0.08197929 -0.08837826 -0.49557638
v 0.09424086 -0.08623877 -0.47736623
v 0.08153281 -0.07977794 -0.4815256
v 0.09383916 -0.07805593 -0.46372279
v 0.08104464 -0.07176067 -0.46761548
v 0.09313405 -0.07029636 -0.45035028
v 0.08036102 -0.06423038 -0.45413386
v 0.09199877 -0.0627729 -0.43725749
v 0.07930085 -0.05696078 -0.44097805
v 0.09034598 -0.05540474 -0.42442274
v 0.07788548 -0.04985971 -0.42804765
v 0.08824855 -0.04809892 -0.41163811
v 0.07616134 -0.04282318 -0.41514527
v 0.08586153 -0.04085825 -0.39880481
v 0.07415077 -0.03586584 -0.40221011
v 0.08328569 -0.03371907 -0.38589796
v 0.0719876 -0.02897425 -0.38916745
v 0.08060678 -0.02671125 -0.37281376
v 0.06973887 -0.02221025 -0.37597665
v 0.07792883 -0.01990797 -0.35962903
v 0.06743279 -0.01561417 -0.36268216
v 0.07514946 -0.01327275 -0.3463343
v 0.06505912 -0.00918507 -0.34922078
v 0.0723641 -0.00686373 -0.33287516
v 0.06265725 -0.0029519 -0.33559006
v 0.06957441 -0.00069295 -0.31922012
v 0.06023899 0.00301743 -0.32172355
v 0.06673766 0.00514268 -0.30535656
v 0.0578731 0.00874232 -0.30765304
v 0.0640436 0.01055163 -0.29150238
v 0.05557777 0.01388071 -0.29355192
v 0.06336201 0.01892798 -0.27886694
v 0.05512622 0.02190767 -0.28052434
v 0.06570365 0.03129766 -0.2695325
v 0.05741775 0.0341727 -0.27113178
v 0.06841076 0.04380306 -0.25926268
v 0.05997793 0.04631245 -0.26085245
v 0.06265749 0.05763633 -0.24982768
v 0.06455106 0.06762933 -0.23920068
v 0.06518761 0.07647727 -0.22885775
v 0.07505583 0.0845314 -0.21406975
v 0.06565289 0.08501243 -0.21742039
v 0.07590313 0.09143754 -0.20246601
v 0.0666125 0.09228886 -0.20569618
v 0.07674853 0.09688334 -0.19103349
v 0.06808093 0.09825917 -0.19386121
v 0.07840053 0.10107944 -0.17936097
v 0.07019513 0.10290514 -0.18181431
v 0.08046414 0.10414039 -0.16799894
v 0.07238209 0.10642446 -0.1701173
v 0.08248534 0.10592 -0.15719354
v 0.07457287 0.10870255 -0.15892663
v 0.08494709 0.10709311 -0.14751023
v 0.07726474 0.10977036 -0.1485289
v 0.08811412 0.10710632 -0.13899715
v 0.08020012 0.1098071 -0.13914184
v 0.09265365 0.10533222 -0.14649142
v 0.0955576 0.10658304 -0.13879902
v 0.09959702 0.10791406 -0.14610259
v 0.10083228 0.11053852 -0.1388224
v 0.10200858 0.11446701 -0.14671714
v 0.10342764 0.11723294 -0.13918368
v 0.10698507 0.11825875 -0.13268901
v 0.10556186 0.12580053 -0.14086321
v 0.10916833 0.12743508 -0.13508944
v 0.11416494 0.1281321 -0.13076843
v 0.11150126 0.13851237 -0.13850168
v 0.1166619 0.13947181 -0.13429406
v 0.12277834 0.13934965 -0.13192734
v 0.11982969 0.12801757 -0.12780371
v 0.12901085 0.13818205 -0.13168205
v 0.12597778 0.12683349 -0.12709556
v 0.13463828 0.13611875 -0.13354213
v 0.13133123 0.1245773 -0.12926124
v 0.13818554 0.13318814 -0.13814537
v 0.1347371 0.12190287 -0.13348227
v 0.13833732 0.13022747 -0.14405942
v 0.13526202 0.11934125 -0.13913662
v 0.13276839 0.10880754 -0.1349692
v 0.13274957 0.11739595 -0.14493154
v 0.13024646 0.10701493 -0.14076754
v 0.1274939 0.09666048 -0.13790647
v 0.12710224 0.10471969 -0.14768382
v 0.12486974 0.09408287 -0.14498491
v 0.12289729 0.08241969 -0.1445458
v 0.12377446 0.09023969 -0.15302805
v 0.12301975 0.07871317 -0.15275427
v 0.12646994 0.06732754 -0.15491981
v 0.12639449 0.07004869 -0.14581418
v 0.13126444 0.05781067 -0.15786609
v 0.13195605 0.06007913 -0.14778922
v 0.13775396 0.05279854 -0.13752397
v 0.14300812 0.04150332 -0.13643065
v 0.14250412 0.04623207 -0.1233723
v 0.14819863 0.02849647 -0.13066546
v 0.14701868 0.03409905 -0.11897867
v 0.14417061 0.03901098 -0.10805778
v 0.15045079 0.02174558 -0.11373075
v 0.14690665 0.02721254 -0.10343632
v 0.1494835 0.01441457 -0.0981596
v 0.15320141 0.00905984 -0.10788929
v 0.15541592 -0.00344738 -0.10133761
v 0.15202893 0.00221727 -0.09212682
v 0.15201018 0.01570502 -0.12447868
v 0.15486194 0.00300229 -0.11790559
v 0.15710799 -0.00949107 -0.11091696
v 0.15913653 -0.02122864 -0.10350781
v 0.15718385 -0.01492988 -0.09423624
v 0.15531352 -0.00336824 -0.1278758
v 0.15783169 -0.01566271 -0.12055306
v 0.16027662 -0.02739157 -0.11290877
v 0.1627679 -0.03871711 -0.1046656
v 0.16123957 -0.03244425 -0.09553765
v 0.15841373 -0.02179686 -0.13015446
v 0.16125901 -0.03337342 -0.12245547
v 0.16388621 -0.0447177 -0.11397427
v 0.16619516 -0.05625837 -0.10488294
v 0.16510051 -0.05010082 -0.09575454
v 0.16207838 -0.03937706 -0.13196951
v 0.1647346 -0.05061621 -0.12343539
v 0.1668055 -0.0620882 -0.11429164
v 0.16760189 -0.07414428 -0.10426277
v 0.1670898 -0.0686151 -0.09478466
v 0.16529014 -0.05656648 -0.13295741
v 0.16709633 -0.06778235 -0.12390635
v 0.16767863 -0.07944135 -0.11419603
v 0.16629679 -0.09170068 -0.10350764
v 0.16595371 -0.08691106 -0.09300477
v 0.16707244 -0.07347657 -0.13344945
v 0.16740146 -0.08469679 -0.1240089
v 0.16612707 -0.09633531 -0.11390887
v 0.1625369 -0.10814282 -0.10352201
v 0.16210372 -0.10404438 -0.09240935
v 0.16676856 -0.08983507 -0.13305142
v 0.1655004 -0.10081068 -0.12321818
v 0.1622634 -0.11200925 -0.11331416
v 0.15649989 -0.12302414 -0.10399397
v 0.15641234 -0.11952243 -0.09393617
v 0.1645085 -0.10505161 -0.13135464
v 0.16134502 -0.11553461 -0.12169707
v 0.15603561 -0.12609159 -0.11255468
v 0.14821398 -0.13626095 -0.10440563
v 0.14846861 -0.13342312 -0.09587662
v 0.16000059 -0.11891184 -0.12906976
v 0.1549723 -0.12882301 -0.12016924
v 0.15837742 -0.12216116 -0.13559462
v 0.1540074 -0.13143332 -0.12653416
v 0.15765854 -0.12604519 -0.14170736
v 0.15439271 -0.13482962 -0.13238696
v 0.16004425 -0.13057074 -0.14711432
v 0.15665924 -0.13878037 -0.13744501
v 0.16503606 -0.13445444 -0.15098312
v 0.1629039 -0.12191219 -0.15651302
v 0.16783319 -0.1258542 -0.16069018
v 0.17362333 -0.12959478 -0.16415637
v 0.16956743 -0.11758708 -0.17069831
v 0.17546619 -0.12152522 -0.17456108
v 0.1824314 -0.12651023 -0.17910163
v 0.1801317 -0.13409641 -0.16790989
v 0.18965087 -0.13255029 -0.18387866
v 0.18728306 -0.13976223 -0.17227077
v 0.19691585 -0.13971382 -0.18912793
v 0.19452896 -0.1466066 -0.17721179
v 0.20436881 -0.14745098 -0.19467622
v 0.20245939 -0.15388384 -0.18235099
v 0.21267123 -0.15528254 -0.2001498
v 0.21109744 -0.161455 -0.187489
v 0.20784267 -0.16814388 -0.17559191
v 0.21869802 -0.17016518 -0.19344665
v 0.2161504 -0.17646233 -0.18106284
v 0.21294789 -0.18266166 -0.16881923
v 0.22294384 -0.18585316 -0.18698121
v 0.22000037 -0.19202804 -0.1745276
v 0.21595679 -0.19828054 -0.16264022
v 0.22622233 -0.20184187 -0.18007662
v 0.22227323 -0.2081339 -0.1678197
v 0.21780616 -0.214317 -0.15614515
v 0.22770038 -0.21832886 -0.17277592
v 0.22296655 -0.22469602 -0.16075253
v 0.21808217 -0.23082101 -0.14915096
v 0.22685688 -0.23534046 -0.16511888
v 0.22127376 -0.2417199 -0.1533762
v 0.21564304 -0.24782674 -0.14159221
v 0.22257176 -0.25274989 -0.15749599
v 0.21597756 -0.25889843 -0.14543557
v 0.20929721 -0.26491764 -0.13382527
v 0.2142121 -0.2697173 -0.14921551
v 0.20638158 -0.27579471 -0.13774466
v 0.21061274 -0.27880647 -0.15402805
v 0.20198598 -0.28472024 -0.14286266
v 0.20719072 -0.28489804 -0.15927238
v 0.19845491 -0.29039391 -0.14794853
v 0.20498871 -0.29054164 -0.16489855
v 0.19607774 -0.29584142 -0.15339076
v 0.18668161 -0.30099496 -0.1430222
v 0.17699727 -0.305271 -0.13437789
v 0.19608803 -0.30227652 -0.1569677
v 0.18647024 -0.30708292 -0.14647232
v 0.17691105 -0.31143596 -0.13777829
v 0.16953001 -0.31506651 -0.12948268
v 0.17019316 -0.30964338 -0.12734015
v 0.18807867 -0.31354612 -0.14783579
v 0.17854459 -0.31793645 -0.13842414
v 0.1703487 -0.32116746 -0.12947098
v 0.16142272 -0.32238683 -0.12255522
v 0.1612432 -0.31664574 -0.12433799
v 0.18166697 -0.32409244 -0.13661386
v 0.17231352 -0.32691916 -0.12697473
v 0.16232051 -0.32794207 -0.11915829
v 0.17455257 -0.33312508 -0.12367569
v 0.16357842 -0.33411869 -0.11493586
v 0.18491414 -0.33023917 -0.13433408
v 0.18850131 -0.33697122 -0.13183748
v 0.19477692 -0.32631802 -0.14554004
v 0.19894269 -0.33331611 -0.14352299
v 0.20356167 -0.3410182 -0.14127731
v 0.19306637 -0.3448466 -0.12929302
v 0.20865543 -0.34931191 -0.13900816
v 0.1986621 -0.35342437 -0.12732507
v 0.21362197 -0.35751211 -0.13677404
v 0.20431353 -0.36157757 -0.12597546
v 0.19551597 -0.36692875 -0.11504543
v 0.18768306 -0.37371397 -0.1053182
v 0.21085298 -0.36865934 -0.12323515
v 0.2027373 -0.37343949 -0.11322461
v 0.19559837 -0.37951594 -0.10407277
v 0.18907666 -0.38605442 -0.09603273
v 0.18143247 -0.38194721 -0.09771452
v 0.21094983 -0.37579321 -0.10750983
v 0.20351377 -0.38123273 -0.0988385
v 0.1966221 -0.3884038 -0.0916874
v 0.21190376 -0.3820244 -0.09172215
v 0.20443773 -0.389483 -0.08490631
v 0.19762596 -0.39866754 -0.08000753
v 0.19050362 -0.39730289 -0.08656126
v 0.18398366 -0.39570993 -0.09200571
v 0.18523959 -0.40783938 -0.08307641
v 0.17937897 -0.40641412 -0.08830536
v 0.17250478 -0.40386676 -0.09053591
v 0.17626103 -0.39237839 -0.09352785
v 0.16530577 -0.40077051 -0.08908958
v 0.16885839 -0.38822838 -0.09120883
v 0.1580308 -0.39795967 -0.08634406
v 0.16042886 -0.38392624 -0.08819732
v 0.14987079 -0.39544162 -0.08360015
v 0.15154898 -0.38055306 -0.08536422
v 0.13989391 -0.3933992 -0.08050933
v 0.14122806 -0.37826088 -0.08241719
v 0.14266769 -0.3634395 -0.08665558
v 0.14338704 -0.35028344 -0.09288487
v 0.14876632 -0.41005528 -0.08375833
v 0.1390184 -0.40836861 -0.0805909
v 0.14740672 -0.42424306 -0.08550702
v 0.13848616 -0.42313408 -0.08245584
v 0.1462688 -0.43817937 -0.08866025
v 0.13833084 -0.4378204 -0.08595158
v 0.14606814 -0.45192825 -0.09344109
v 0.13868668 -0.452192 -0.09111329
v 0.14727266 -0.46530666 -0.10003189
v 0.13999015 -0.46610736 -0.09794028
v 0.1495542 -0.47827008 -0.10820732
v 0.14209902 -0.47959595 -0.10637244
v 0.15252044 -0.49104946 -0.11796002
v 0.14464789 -0.49269649 -0.11638861
v 0.15587793 -0.50353121 -0.12961687
v 0.14737674 -0.50535744 -0.12840326
v 0.1601483 -0.48952111 -0.11849813
v 0.16382238 -0.5016061 -0.12919326
v 0.16617623 -0.49090316 -0.11471691
v 0.17063738 -0.50361794 -0.12377267
v 0.17751333 -0.5154671 -0.13361743
v 0.17639252 -0.5054025 -0.11708745
v 0.18353824 -0.51672029 -0.12549929
v 0.19294324 -0.52578473 -0.13330614
v 0.18681666 -0.52553558 -0.1431749
v 0.20388308 -0.53192925 -0.13979713
v 0.19838686 -0.53257954 -0.15148049
v 0.21548675 -0.53517979 -0.14482428
v 0.21101069 -0.53608381 -0.15733203
v 0.20653116 -0.53652107 -0.16922609
v 0.22369489 -0.53752762 -0.16133676
v 0.21999451 -0.53816807 -0.17351244
v 0.2162503 -0.53886532 -0.18531937
v 0.2016391 -0.53818923 -0.18104884
v 0.21278286 -0.54555249 -0.1953409
v 0.19771595 -0.54452645 -0.19039668
v 0.20954248 -0.55176806 -0.20570442
v 0.19439105 -0.55060952 -0.20042263
v 0.1789442 -0.54862469 -0.19363018
v 0.19175174 -0.55573713 -0.21185794
v 0.17676886 -0.55418151 -0.20567496
v 0.16211974 -0.55264759 -0.1994491
v 0.16362462 -0.54642385 -0.18630492
v 0.14910833 -0.55148357 -0.19423493
v 0.15126326 -0.54507488 -0.18104969
v 0.16076739 -0.55767524 -0.21307919
v 0.14747349 -0.55663001 -0.20800332
v 0.15940696 -0.56180101 -0.2268646
v 0.14595519 -0.56077206 -0.22194896
v 0.15805447 -0.56514847 -0.24067871
v 0.14447651 -0.56408953 -0.23586803
v 0.15673737 -0.56790834 -0.25449839
v 0.14309088 -0.56677049 -0.24970927
v 0.15552346 -0.57017892 -0.26835095
v 0.14184463 -0.56895864 -0.26361253
v 0.15443266 -0.57199794 -0.28224444
v 0.14074088 -0.57074332 -0.2775996
v 0.15348881 -0.57338744 -0.29614231
v 0.13974446 -0.57211059 -0.29155334
v 0.15267801 -0.57425022 -0.30988809
v 0.13879431 -0.57300788 -0.30533245
v 0.15189498 -0.57461357 -0.32338959
v 0.16688592 -0.57546579 -0.31440225
v 0.16619052 -0.57576024 -0.32800036
v 0.16536831 -0.57582473 -0.34137421
v 0.1806101 -0.57668495 -0.33242419
v 0.17988459 -0.5767647 -0.34593969
v 0.17889042 -0.57663983 -0.35922929
v 0.19452482 -0.57739287 -0.35019153
v 0.19352601 -0.57729119 -0.36369788
v 0.19210456 -0.57707077 -0.37697011
v 0.20826117 -0.57733625 -0.36804997
v 0.20675182 -0.57708245 -0.38164952
v 0.20469588 -0.57657188 -0.39506071
v 0.22136208 -0.57588213 -0.38627067
v 0.2190966 -0.57536184 -0.40001118
v 0.21618895 -0.57452458 -0.41368839
v 0.23323966 -0.57223594 -0.40501257
v 0.22997123 -0.57145893 -0.41900995
v 0.22605066 -0.57035219 -0.4329169
v 0.24302102 -0.56563043 -0.4242956
v 0.23870627 -0.56448143 -0.43840548
v 0.23374386 -0.56326264 -0.45237687
v 0.24980258 -0.55535614 -0.44352367
v 0.24428889 -0.55394184 -0.45757284
v 0.2378833 -0.55230635 -0.47147139
v 0.25292286 -0.54215365 -0.46220949
v 0.24615876 -0.54038709 -0.47603383
v 0.23873461 -0.53849279 -0.48967909
v 0.25313589 -0.52720373 -0.48024436
v 0.24533774 -0.52537357 -0.4938825
v 0.23685592 -0.52359741 -0.50745183
v 0.25096085 -0.51130151 -0.49779143
v 0.24219955 -0.50962257 -0.51131701
v 0.23276194 -0.50807339 -0.52469748
v 0.22770279 -0.52187663 -0.5208435
v 0.22261121 -0.50671124 -0.53788691
v 0.21778515 -0.52032548 -0.53397858
v 0.21181726 -0.505517 -0.55083394
v 0.20717427 -0.51899075 -0.54684603
v 0.20038159 -0.50449502 -0.5634492
v 0.19586287 -0.51787942 -0.55934345
v 0.18833912 -0.50367313 -0.57566177
v 0.18389956 -0.51698219 -0.57141977
v 0.17569237 -0.50298398 -0.58742696
v 0.17131009 -0.51623517 -0.58302062
v 0.16242921 -0.50228822 -0.59866392
v 0.15815804 -0.51554572 -0.59412872
v 0.14861172 -0.50151783 -0.60932809
v 0.14440752 -0.51478219 -0.60453176
v 0.13423475 -0.50063502 -0.61932802
v 0.13013882 -0.5139594 -0.61422538
v 0.15207201 -0.48751747 -0.61310046
v 0.13767941 -0.48662212 -0.62323594
v 0.15467639 -0.47286203 -0.61614167
v 0.14034877 -0.47201529 -0.62627899
v 0.15631851 -0.45751839 -0.61873322
v 0.14212811 -0.45679575 -0.62876731
v 0.15697163 -0.44149065 -0.62101352
v 0.14291617 -0.44084566 -0.63088631
v 0.15660539 -0.42494896 -0.62301766
v 0.14262476 -0.42439755 -0.63267469
v 0.15539321 -0.40803429 -0.62461906
v 0.14140854 -0.4074994 -0.63408052
v 0.15369305 -0.39102432 -0.62543475
v 0.1395767 -0.39041233 -0.63469845
v 0.15190537 -0.37421158 -0.62509852
v 0.13769766 -0.37338924 -0.63424778
v 0.15032233 -0.35767093 -0.62340921
v 0.13608363 -0.35654291 -0.63249611
v 0.14913675 -0.34141024 -0.62033075
v 0.1348133 -0.33993312 -0.62944716
v 0.14812921 -0.32550334 -0.61600369
v 0.13378688 -0.32376328 -0.62537574
v 0.14688396 -0.30996704 -0.61086022
v 0.13256596 -0.30812028 -0.62068975
v 0.14506374 -0.29470571 -0.60568928
v 0.13071899 -0.29301348 -0.61614233
v 0.1424857 -0.28009367 -0.60083562
v 0.12821973 -0.27833512 -0.61178785
v 0.1396944 -0.26591575 -0.59596848
v 0.12551482 -0.26375785 -0.60714107
v 0.13693149 -0.25214162 -0.59071224
v 0.12289051 -0.24936547 -0.60204279
v 0.13430677 -0.23875328 -0.58483046
v 0.12042241 -0.23514874 -0.59632122
v 0.13174343 -0.22568707 -0.57847368
v 0.11813663 -0.22134885 -0.5900228
v 0.12930959 -0.21279773 -0.57155168
v 0.11596041 -0.20769129 -0.583027
v 0.12720526 -0.20022428 -0.56408101
v 0.11403846 -0.19429123 -0.57540786
v 0.12529939 -0.1881209 -0.55611622
v 0.11229931 -0.18132478 -0.56703525
v 0.1234777 -0.17626769 -0.54754215
v 0.11075457 -0.16870163 -0.55789589
v 0.12187156 -0.16471536 -0.53828507
v 0.10939882 -0.15644989 -0.54775691
v 0.12055342 -0.15345542 -0.52824294
v 0.1083517 -0.14462652 -0.53671377
v 0.11960442 -0.14245335 -0.51745802
v 0.10761421 -0.13328722 -0.5249238
v 0.11901599 -0.13173021 -0.505997
v 0.10715223 -0.12251153 -0.51252013
v 0.11879793 -0.12133599 -0.49384221
v 0.10692946 -0.11227829 -0.49962779
v 0.11875546 -0.11138322 -0.48120778
v 0.10681715 -0.10273699 -0.48638877
v 0.11870285 -0.10191953 -0.46819287
v 0.10671639 -0.09368126 -0.47300076
v 0.118436 -0.09294227 -0.45505097
v 0.10636183 -0.0851855 -0.45957788
v 0.11765053 -0.0843826 -0.44194239
v 0.10559157 -0.07707028 -0.44635564
v 0.11612182 -0.07617567 -0.42896497
v 0.10429463 -0.06921295 -0.43333262
v 0.11392927 -0.06800765 -0.41616162
v 0.10243015 -0.06148652 -0.42051395
v 0.11108919 -0.06001091 -0.40339416
v 0.09999644 -0.0538218 -0.40776848
v 0.1078951 -0.05206732 -0.39070653
v 0.09719874 -0.04627039 -0.39501711
v 0.10447235 -0.04430531 -0.37796977
v 0.09418483 -0.03881922 -0.38217276
v 0.10111351 -0.0368029 -0.36522266
v 0.09111543 -0.03155223 -0.36925265
v 0.09774982 -0.0295056 -0.35235574
v 0.08804371 -0.02455427 -0.35618549
v 0.09432105 -0.02245763 -0.33937597
v 0.08495228 -0.01767272 -0.34306365
v 0.09086999 -0.01566403 -0.32632696
v 0.08176045 -0.01109335 -0.32979086
v 0.08730296 -0.00912727 -0.31310376
v 0.07857307 -0.00476258 -0.31634178
v 0.08372221 -0.00288672 -0.2997435
v 0.07540308 0.00129995 -0.30271548
v 0.08018329 0.00292236 -0.28641325
v 0.07220228 0.00684157 -0.2891694
v 0.07853768 0.01132083 -0.27403411
v 0.07104998 0.01526829 -0.2766835
v 0.08121348 0.02419007 -0.26537558
v 0.07365741 0.02797541 -0.26769167
v 0.08434813 0.03684126 -0.25530019
v 0.07643052 0.04076559 -0.25745105
v 0.09191025 0.03219815 -0.25260523
v 0.09654108 0.04235483 -0.24184069
v 0.08863415 0.01986596 -0.26248496
v 0.09552145 0.01536589 -0.25917068
v 0.0987828 0.02721913 -0.24930483
v 0.08582256 0.00716071 -0.27119243
v 0.09285204 0.00313047 -0.26784935
v 0.09960287 -0.00112112 -0.26437851
v 0.10201189 0.01069065 -0.25551131
v 0.08783019 -0.00134266 -0.28331878
v 0.09510816 -0.005525 -0.27978745
v 0.10199483 -0.0099015 -0.27591675
v 0.10851794 -0.01434452 -0.27171629
v 0.10599406 -0.00554795 -0.26035618
v 0.09947197 -0.0118649 -0.29263782
v 0.10669995 -0.01644872 -0.28855392
v 0.11357364 -0.02110228 -0.28405678
v 0.1199704 -0.02569958 -0.27909591
v 0.11465627 -0.01884043 -0.26708048
v 0.11133696 -0.02354139 -0.30115342
v 0.11846949 -0.02838853 -0.29633966
v 0.12515045 -0.03318312 -0.29102918
v 0.13140979 -0.03784673 -0.28514275
v 0.12596893 -0.03022829 -0.27361059
v 0.12312305 -0.03613749 -0.3085379
v 0.13002423 -0.04117969 -0.30282712
v 0.13652476 -0.04593613 -0.29650405
v 0.14263062 -0.05057466 -0.28950753
v 0.13725632 -0.0423978 -0.27863428
v 0.13462191 -0.04948127 -0.31448954
v 0.14138551 -0.05442664 -0.30777469
v 0.14773699 -0.05904528 -0.30030947
v 0.15373601 -0.063529 -0.2921431
v 0.14833867 -0.05507418 -0.28183984
v 0.14612022 -0.06292221 -0.31894949
v 0.15279676 -0.06765769 -0.31109285
v 0.15908254 -0.07208664 -0.30241864
v 0.16494976 -0.07642568 -0.29316651
v 0.15924812 -0.06796657 -0.28329551
v 0.15771313 -0.07617745 -0.32172834
v 0.16433772 -0.08064257 -0.31265759
v 0.17056594 -0.08491053 -0.30288031
v 0.17622865 -0.08923203 -0.29248502
v 0.17022629 -0.08087636 -0.2832494
v 0.16943763 -0.08914718 -0.32293596
v 0.17602489 -0.09337342 -0.3126845
v 0.18208476 -0.0975865 -0.30171778
v 0.18739615 -0.10203993 -0.29023093
v 0.18120899 -0.09375718 -0.28154432
v 0.18122628 -0.101805 -0.32251063
v 0.18767678 -0.10596315 -0.31098732
v 0.19332559 -0.11035662 -0.29893997
v 0.19815108 -0.11508797 -0.28654247
v 0.19193108 -0.10680615 -0.27841034
v 0.19285579 -0.11446654 -0.3203246
v 0.19883839 -0.11885663 -0.30769717
v 0.20395149 -0.12356744 -0.29476118
v 0.2083242 -0.12864103 -0.28185173
v 0.20223888 -0.12016572 -0.27405613
v 0.20384304 -0.12758855 -0.31639176
v 0.209267 -0.13231849 -0.30297806
v 0.21384106 -0.13744902 -0.28972965
v 0.21780492 -0.14288665 -0.27679488
v 0.21203486 -0.13402557 -0.26920041
v 0.2139694 -0.14139564 -0.31107306
v 0.21879304 -0.14655369 -0.29752424
v 0.2228911 -0.15209417 -0.2843582
v 0.22643013 -0.15783575 -0.27143725
v 0.22114373 -0.14856851 -0.26410043
v 0.22310401 -0.15597815 -0.3051472
v 0.22739528 -0.16159158 -0.29180711
v 0.23100474 -0.167443 -0.27862733
v 0.23387937 -0.17345158 -0.26533013
v 0.22912944 -0.16383521 -0.25843817
v 0.2312763 -0.17133718 -0.29912215
v 0.23501974 -0.17724049 -0.28567293
v 0.23792175 -0.18328496 -0.27204072
v 0.2397059 -0.18961498 -0.2582466
v 0.23537595 -0.17986589 -0.25178048
v 0.23845616 -0.18719348 -0.29264116
v 0.24144485 -0.19325603 -0.27877399
v 0.24355401 -0.19945865 -0.26489263
v 0.24353353 -0.20623529 -0.25125119
v 0.24109198 -0.19603504 -0.24462901
v 0.24447259 -0.20335312 -0.28552365
v 0.24664889 -0.20954355 -0.27153784
v 0.24753515 -0.2160571 -0.25764173
v 0.24766854 -0.22274194 -0.24372743
v 0.24415934 -0.21287575 -0.23759143
v 0.24915665 -0.21977216 -0.2780804
v 0.25027245 -0.22611701 -0.2639575
v 0.25014615 -0.23264099 -0.24968196
v 0.24843522 -0.23937106 -0.23526005
v 0.24583266 -0.22964544 -0.2297988
v 0.25214645 -0.23639433 -0.27008423
v 0.25188356 -0.24278062 -0.25550499
v 0.25008443 -0.24921874 -0.24079112
v 0.24619554 -0.25536996 -0.22607
v 0.24472275 -0.2458518 -0.22087928
v 0.25269898 -0.25303283 -0.26125651
v 0.25065207 -0.25927665 -0.2464033
v 0.24663221 -0.26505842 -0.23140505
v 0.24034193 -0.27016255 -0.21677985
v 0.24009035 -0.26095774 -0.21165595
v 0.25063538 -0.26923248 -0.25155025
v 0.24641552 -0.27486732 -0.23647238
v 0.24006868 -0.27960008 -0.22171175
v 0.2324832 -0.28361123 -0.2075373
v 0.23242515 -0.2746208 -0.20286814
v 0.24729962 -0.28505638 -0.24072924
v 0.24120017 -0.28974965 -0.22536647
v 0.23353122 -0.29339897 -0.21061039
v 0.22536316 -0.29634597 -0.19651833
v 0.22386537 -0.28764644 -0.19421087
v 0.24511241 -0.29973837 -0.22733864
v 0.23753446 -0.30302873 -0.2114274
v 0.22911097 -0.30539044 -0.19665014
v 0.21999913 -0.30802732 -0.18320933
v 0.21661797 -0.29995843 -0.18297562
v 0.24347317 -0.3122774 -0.21071323
v 0.23424348 -0.31422406 -0.19541788
v 0.22464144 -0.31620383 -0.18193322
v 0.21483996 -0.31894174 -0.16934487
v 0.2105655 -0.31157594 -0.17051245
v 0.23952236 -0.32324481 -0.19298204
v 0.22960655 -0.32471099 -0.17950166
v 0.21958026 -0.32684901 -0.16719576
v 0.20934836 -0.32982084 -0.15525771
v 0.2048925 -0.32243418 -0.15718619
v 0.23436155 -0.33360385 -0.17639952
v 0.22440238 -0.33525741 -0.16444914
v 0.21405811 -0.33780247 -0.15290826
v 0.22902597 -0.34406819 -0.16119669
v 0.2188581 -0.34619784 -0.15018965
v 0.23312516 -0.35255992 -0.15773509
v 0.22341938 -0.35444226 -0.14717625
v 0.23757386 -0.3606188 -0.15332904
v 0.2286449 -0.36188116 -0.14297395
v 0.21942395 -0.36520466 -0.13344456
v 0.23551142 -0.36669877 -0.13658569
v 0.22701981 -0.36888468 -0.12683096
v 0.21877437 -0.37186521 -0.11710891
v 0.23565648 -0.37073156 -0.1191238
v 0.22751222 -0.37347868 -0.10964209
v 0.21964798 -0.37702241 -0.10036638
v 0.23728089 -0.37666958 -0.10236334
v 0.22921866 -0.38000896 -0.09332113
v 0.22112906 -0.38457205 -0.08478654
v 0.21307113 -0.39148363 -0.07799556
v 0.2392746 -0.38479897 -0.08680865
v 0.23104937 -0.38929814 -0.07873141
v 0.22283095 -0.39554327 -0.07200927
v 0.24106468 -0.39564627 -0.07359398
v 0.23285263 -0.40129122 -0.06739424
v 0.22478391 -0.4087772 -0.06280408
v 0.21494004 -0.40421423 -0.06760945
v 0.20573103 -0.40087994 -0.07364556
v 0.20786821 -0.41418254 -0.06470672
v 0.19909638 -0.41130629 -0.0706143
v 0.19145003 -0.40919977 -0.07690623
v 0.1935815 -0.42266479 -0.06889367
v 0.18623326 -0.42061722 -0.07482208
v 0.18059998 -0.4192045 -0.08068579
v 0.18266511 -0.43304309 -0.07441745
v 0.1773387 -0.43152958 -0.08003332
v 0.17257495 -0.43007716 -0.08509596
v 0.17566867 -0.41793298 -0.0862195
v 0.16724738 -0.42851188 -0.08920589
v 0.16950465 -0.41600868 -0.08975931
v 0.16050557 -0.42674472 -0.08991444
v 0.16256304 -0.41367718 -0.08882346
v 0.15398725 -0.42529594 -0.08790283
v 0.15583773 -0.41168209 -0.0863459
v 0.15953034 -0.43963247 -0.09168706
v 0.15291188 -0.43871733 -0.09074462
v 0.15949742 -0.452234 -0.09590524
v 0.15286061 -0.45173975 -0.09553777
v 0.16059111 -0.46486541 -0.10101077
v 0.1541973 -0.4644742 -0.10179396
v 0.16278669 -0.47791549 -0.10729174
v 0.15675848 -0.4770292 -0.10946922
v 0.16547088 -0.46697345 -0.09678667
v 0.16758959 -0.48015505 -0.10246258
v 0.17119759 -0.49314129 -0.10925151
v 0.17215128 -0.48211178 -0.09703716
v 0.17611043 -0.49490213 -0.10312469
v 0.18192748 -0.50664508 -0.11001264
v 0.18164227 -0.49600562 -0.09617924
v 0.18815931 -0.50697505 -0.10132993
v 0.19598497 -0.51608091 -0.10638364
v 0.18957841 -0.51678037 -0.11646843
v 0.20480103 -0.52327364 -0.11115678
v 0.19869917 -0.52505391 -0.12253493
v 0.2142878 -0.52813065 -0.11557638
v 0.20897688 -0.53053373 -0.12788249
v 0.22404629 -0.53091836 -0.11921465
v 0.21974588 -0.53351366 -0.13209818
v 0.23387382 -0.53164726 -0.12196485
v 0.2305358 -0.53445214 -0.13526164
v 0.22717084 -0.53626495 -0.1484799
v 0.24101734 -0.53394872 -0.13737621
v 0.23857826 -0.53612893 -0.15094189
v 0.23603902 -0.53782171 -0.16415594
v 0.24960142 -0.53496164 -0.1523635
v 0.24792495 -0.53701311 -0.16602577
v 0.24567382 -0.53865987 -0.17906172
v 0.23313057 -0.53905588 -0.17670509
v 0.24285827 -0.53983765 -0.19157308
v 0.22991173 -0.53932553 -0.18892817
v 0.23987025 -0.54321241 -0.20315334
v 0.22673375 -0.54537212 -0.19918
v 0.23791867 -0.55040079 -0.21313625
v 0.22388014 -0.55194425 -0.20964968
v 0.23568227 -0.5561009 -0.22443655
v 0.22137633 -0.55718839 -0.22096924
v 0.2067451 -0.55688148 -0.2169528
v 0.21911296 -0.56175452 -0.23301599
v 0.20450456 -0.56134533 -0.22897449
v 0.18966645 -0.56027525 -0.22419185
v 0.20256592 -0.56527382 -0.24171419
v 0.18792597 -0.56425064 -0.23711592
v 0.17344673 -0.56301087 -0.23203414
v 0.17494544 -0.55895298 -0.21864225
v 0.1863638 -0.56758183 -0.2504495
v 0.17202802 -0.56637585 -0.24561527
v 0.1849756 -0.57038134 -0.26395699
v 0.17068281 -0.56914711 -0.25931468
v 0.18377439 -0.57273143 -0.27756696
v 0.16947495 -0.57146436 -0.27307048
v 0.18276451 -0.57457053 -0.29123511
v 0.16842733 -0.57335418 -0.28684788
v 0.18195074 -0.57583636 -0.30497676
v 0.16759219 -0.57473832 -0.30064436
v 0.18126176 -0.57639759 -0.31874394
v 0.19654163 -0.57638716 -0.30911234
v 0.19584994 -0.57694536 -0.32287317
v 0.1952469 -0.57726329 -0.33657956
v 0.21072447 -0.57679826 -0.32687968
v 0.21011509 -0.57716447 -0.34062075
v 0.20933798 -0.57735121 -0.35435244
v 0.22510692 -0.57592093 -0.34467878
v 0.22425513 -0.57614928 -0.35854297
v 0.22302572 -0.57613772 -0.37240999
v 0.23903945 -0.57316017 -0.36281022
v 0.23769407 -0.57316017 -0.37686935
v 0.23580716 -0.57280707 -0.39095667
v 0.25164303 -0.56758236 -0.38146084
v 0.24955955 -0.56731444 -0.39579272
v 0.24663911 -0.56667643 -0.41011115
v 0.26187074 -0.55890697 -0.40057769
v 0.25858664 -0.55794256 -0.41501969
v 0.25455224 -0.55668473 -0.42932713
v 0.26879218 -0.5468899 -0.41967061
v 0.26427805 -0.5454036 -0.43404039
v 0.25900855 -0.54383891 -0.44822445
v 0.27240952 -0.53252875 -0.43840685
v 0.26670461 -0.53076392 -0.45258855
v 0.26023611 -0.52899259 -0.46650108
v 0.2732734 -0.51668459 -0.45652154
v 0.26652425 -0.51479417 -0.47045141
v 0.25908258 -0.51300567 -0.48416331
v 0.27184471 -0.49996331 -0.47389096
v 0.26411154 -0.49811771 -0.48772075
v 0.2556681 -0.49640452 -0.50136292
v 0.26834815 -0.48283004 -0.49067774
v 0.25957629 -0.48111927 -0.50450199
v 0.25012567 -0.4796051 -0.51814854
v 0.24659094 -0.49487751 -0.51490247
v 0.24008417 -0.47829255 -0.53161585
v 0.23684777 -0.49350291 -0.52829855
v 0.22945259 -0.47715154 -0.54482758
v 0.22648188 -0.49228468 -0.54150104
v 0.21829757 -0.47617149 -0.5577467
v 0.21551765 -0.49120721 -0.55443286
v 0.20661112 -0.47536239 -0.57031983
v 0.20396424 -0.4902895 -0.5670405
v 0.19439426 -0.4746893 -0.58248895
v 0.19182615 -0.48953932 -0.57925999
v 0.18167141 -0.47411942 -0.59420877
v 0.17914027 -0.48891171 -0.59104996
v 0.16842138 -0.47354573 -0.60540872
v 0.16587168 -0.48826327 -0.602319
v 0.18323306 -0.45862287 -0.59706902
v 0.1700261 -0.45811685 -0.60817289
v 0.18383058 -0.44255486 -0.59971129
v 0.1705982 -0.44205755 -0.61064493
v 0.18357132 -0.42613136 -0.6020475
v 0.17024104 -0.42552349 -0.61286616
v 0.18268646 -0.40956345 -0.60383307
v 0.16913157 -0.40873125 -0.61460435
v 0.18151956 -0.39315557 -0.60477668
v 0.16762159 -0.39196145 -0.61550474
v 0.18030053 -0.3770883 -0.60456758
v 0.16606904 -0.37549108 -0.61525046
v 0.17907489 -0.36155051 -0.60303831
v 0.1646405 -0.35940334 -0.61368376
v 0.17792154 -0.34632936 -0.60006177
v 0.16342255 -0.34364682 -0.61059939
v 0.17676957 -0.33144736 -0.59582448
v 0.16232696 -0.3281531 -0.60627841
v 0.17547087 -0.31683361 -0.59059184
v 0.1610123 -0.3129225 -0.60101944
v 0.17389224 -0.30265498 -0.58469581
v 0.15924547 -0.29795435 -0.59534061
v 0.17195577 -0.28915655 -0.57865482
v 0.15690656 -0.28367254 -0.58988648
v 0.1696797 -0.27649042 -0.57269501
v 0.15425767 -0.27013999 -0.58454358
v 0.1671094 -0.26453056 -0.56675058
v 0.1514879 -0.25721037 -0.57897836
v 0.16433647 -0.25305929 -0.56083846
v 0.1487416 -0.2447735 -0.57308381
v 0.16135883 -0.24166391 -0.55464589
v 0.14595934 -0.2324676 -0.5666989
v 0.15839262 -0.23029954 -0.54821682
v 0.14329487 -0.2203907 -0.55995029
v 0.15553627 -0.21889932 -0.5413866
v 0.14093214 -0.20859056 -0.55267071
v 0.15287798 -0.2073251 -0.53395462
v 0.13874822 -0.19689942 -0.54491263
v 0.15048471 -0.19587214 -0.52609467
v 0.13673849 -0.18543903 -0.53675848
v 0.14820917 -0.18456485 -0.51793593
v 0.13490292 -0.17425672 -0.52817851
v 0.14606274 -0.173194 -0.50922286
v 0.13327831 -0.16318799 -0.51896715
v 0.14413176 -0.16205656 -0.50009083
v 0.13186703 -0.15228158 -0.50915265
v 0.14259278 -0.15104481 -0.49034744
v 0.13084398 -0.14150166 -0.49862071
v 0.14163035 -0.14011317 -0.47984403
v 0.13033324 -0.13086575 -0.48730155
v 0.14132092 -0.12944497 -0.46846279
v 0.13021542 -0.12047562 -0.47531324
v 0.14110136 -0.11910184 -0.4565404
v 0.13018544 -0.11058785 -0.46277961
v 0.14072859 -0.1090418 -0.44411706
v 0.12993742 -0.10111416 -0.44994023
v 0.1396617 -0.0993516 -0.43134883
v 0.12903417 -0.09197078 -0.4369598
v 0.13752043 -0.09012102 -0.41839632
v 0.1272646 -0.08316287 -0.4240053
v 0.13453912 -0.08128157 -0.4055618
v 0.12463391 -0.07463417 -0.41116613
v 0.13096827 -0.07271561 -0.39285928
v 0.12140251 -0.06630761 -0.39845073
v 0.12712228 -0.06437137 -0.38036185
v 0.11781563 -0.05811112 -0.38579753
v 0.12325725 -0.05625142 -0.36800253
v 0.11417722 -0.05015343 -0.37324315
v 0.11940868 -0.04829204 -0.35567855
v 0.11054274 -0.04241953 -0.36069595
v 0.11558271 -0.0405341 -0.34330678
v 0.10690465 -0.03487258 -0.34804362
v 0.11176543 -0.03298724 -0.33082804
v 0.10327345 -0.02755467 -0.33531308
v 0.10785421 -0.02564517 -0.31826356
v 0.09955281 -0.02054019 -0.32247701
v 0.10376511 -0.01862661 -0.30552685
v 0.09574935 -0.01374436 -0.30950224
v 0.09180051 -0.00727454 -0.29637089
v 0.1157241 -0.03093555 -0.31362348
v 0.1198247 -0.03853248 -0.3259212
v 0.12743519 -0.04409495 -0.3204939
v 0.12377354 -0.04638894 -0.33807486
v 0.13155004 -0.05216903 -0.33231639
v 0.13901211 -0.05771912 -0.32600742
v 0.13568557 -0.06030116 -0.34412002
v 0.14331108 -0.06594532 -0.33744555
v 0.15066964 -0.07126586 -0.32999533
v 0.14754132 -0.07418266 -0.3489224
v 0.15505123 -0.0795258 -0.34107691
v 0.16239999 -0.08455595 -0.33242553
v 0.15935547 -0.08794159 -0.35243573
v 0.16685973 -0.09292842 -0.34329545
v 0.17421063 -0.09754652 -0.33328688
v 0.17115186 -0.10152596 -0.35425716
v 0.17872309 -0.10607809 -0.3436914
v 0.18604454 -0.11028435 -0.33236911
v 0.18290717 -0.11494349 -0.35406711
v 0.19046756 -0.11913396 -0.34220287
v 0.19753994 -0.12323524 -0.32956928
v 0.19438752 -0.12841156 -0.35177525
v 0.20176082 -0.13238318 -0.3386068
v 0.208339 -0.13664367 -0.32493156
v 0.20549456 -0.1419094 -0.34725552
v 0.21226564 -0.14605714 -0.33312687
v 0.21812753 -0.15075714 -0.31892523
v 0.21560756 -0.1558115 -0.34096014
v 0.22168113 -0.16042901 -0.32658773
v 0.22679723 -0.16569204 -0.31264627
v 0.22461047 -0.17042101 -0.33407861
v 0.22992792 -0.17561326 -0.32003742
v 0.2345103 -0.18128253 -0.30633804
v 0.23242938 -0.18578846 -0.32733711
v 0.237204 -0.19138085 -0.31346747
v 0.24131853 -0.1972821 -0.299571
v 0.23929645 -0.20165386 -0.32045206
v 0.24357463 -0.20748896 -0.30638289
v 0.24688273 -0.21357107 -0.29220607
v 0.2451917 -0.21781477 -0.31304431
v 0.24862824 -0.22387544 -0.29876393
v 0.25101259 -0.23008827 -0.28447389
v 0.24967521 -0.23424559 -0.30513271
v 0.25204187 -0.24043069 -0.29064708
v 0.2531507 -0.24672292 -0.2760376
v 0.25256142 -0.2507607 -0.29645299
v 0.25352487 -0.25697186 -0.28163087
v 0.2529093 -0.26318982 -0.26665511
v 0.25425007 -0.26721951 -0.28696098
v 0.2535679 -0.27341288 -0.27175006
v 0.25125104 -0.27946892 -0.25633281
v 0.25657439 -0.28324577 -0.27615121
v 0.25464084 -0.28939035 -0.26010435
v 0.25102299 -0.29500907 -0.24366672
v 0.2608197 -0.29808506 -0.26301387
v 0.25751885 -0.30422049 -0.24560895
v 0.25178906 -0.30917429 -0.22792792
v 0.26778838 -0.30562514 -0.26597172
v 0.26220256 -0.29183197 -0.2798585
v 0.2691845 -0.2991378 -0.28326916
v 0.27637913 -0.30628591 -0.28688123
v 0.27500429 -0.31293278 -0.26944932
v 0.28323856 -0.31358233 -0.29083299
v 0.28164997 -0.31991782 -0.27374538
v 0.28975269 -0.32138115 -0.29526114
v 0.28815829 -0.32727366 -0.27882519
v 0.2860001 -0.33370092 -0.26278418
v 0.28385481 -0.34113153 -0.24788463
v 0.29460272 -0.335332 -0.28460258
v 0.29271876 -0.34119957 -0.26963079
v 0.29080593 -0.34756708 -0.25594469
v 0.28949794 -0.3540799 -0.24470605
v 0.28284913 -0.34878364 -0.23647926
v 0.29935839 -0.3495427 -0.27681589
v 0.29767796 -0.35509553 -0.26392513
v 0.29625138 -0.36091187 -0.25265684
v 0.29501092 -0.3671619 -0.24234591
v 0.2887268 -0.361543 -0.23459152
v 0.30427664 -0.36378172 -0.27159079
v 0.30278968 -0.36889866 -0.26029732
v 0.30127832 -0.37435391 -0.24982608
v 0.30021148 -0.37986135 -0.24004767
v 0.29430946 -0.37349876 -0.23293247
v 0.30896732 -0.37809974 -0.26743167
v 0.30726048 -0.38288101 -0.25675866
v 0.30639138 -0.38747328 -0.24664926
v 0.30854398 -0.38972425 -0.23556363
v 0.31248337 -0.39259365 -0.26284864
v 0.31222328 -0.39613977 -0.2516554
v 0.31497174 -0.39736306 -0.24002803
v 0.3160234 -0.39789038 -0.22717829
v 0.31017738 -0.39029488 -0.22457133
v 0.31739994 -0.40530476 -0.25559809
v 0.3201642 -0.40620484 -0.24330353
v 0.32062056 -0.40606987 -0.22922383
v 0.3191604 -0.40428909 -0.21474103
v 0.31443518 -0.39606064 -0.21371226
v 0.32410582 -0.41560486 -0.24569137
v 0.32436448 -0.41519326 -0.23105861
v 0.32302922 -0.41349738 -0.21601072
v 0.32074505 -0.41105803 -0.2020165
v 0.31658795 -0.40169221 -0.20145066
v 0.32723847 -0.4250099 -0.23264983
v 0.3259567 -0.42330047 -0.21738936
v 0.32390612 -0.42100808 -0.2028612
v 0.32139891 -0.41847762 -0.18900464
v 0.31806975 -0.40838363 -0.18863001
v 0.3280738 -0.43359056 -0.21863643
v 0.32607233 -0.43140342 -0.2038231
v 0.32379266 -0.42896342 -0.18955785
v 0.32134208 -0.42643412 -0.17543418
v 0.31878459 -0.41586652 -0.17513273
v 0.32743218 -0.44211119 -0.20479315
v 0.32528099 -0.43969255 -0.19022031
v 0.32295981 -0.43719551 -0.17582684
v 0.32039815 -0.43482196 -0.16144584
v 0.31866639 -0.42402955 -0.16119709
v 0.32594025 -0.45056277 -0.19087195
v 0.32365328 -0.4480246 -0.17627236
v 0.32111388 -0.44562378 -0.16175359
v 0.31832295 -0.44350931 -0.14717736
v 0.31749752 -0.432729 -0.14695902
v 0.32348117 -0.4588662 -0.17670111
v 0.32085585 -0.45636466 -0.16210484
v 0.31794688 -0.45422238 -0.14752258
v 0.31494283 -0.4526731 -0.13293893
v 0.31513169 -0.4419651 -0.13254524
v 0.3198497 -0.46703869 -0.16246913
v 0.31679496 -0.4648005 -0.14793746
v 0.31386515 -0.46313887 -0.13334988
v 0.31098771 -0.46210482 -0.11860379
v 0.31167963 -0.45171693 -0.118252
v 0.31518083 -0.47520023 -0.14829345
v 0.31240835 -0.47343695 -0.1337018
v 0.30965188 -0.47224673 -0.11890287
v 0.30555999 -0.47123071 -0.1042445
v 0.30678957 -0.46132475 -0.10408032
v 0.3100062 -0.48347392 -0.13410265
v 0.30759203 -0.48216497 -0.11923544
v 0.3032481 -0.48070648 -0.10459071
v 0.29654976 -0.47903233 -0.09121556
v 0.29908531 -0.47011837 -0.09078086
v 0.30363062 -0.49141895 -0.11992759
v 0.29916572 -0.48980173 -0.10554877
v 0.29291775 -0.48819163 -0.09237028
v 0.29403176 -0.49837645 -0.10679511
v 0.28782552 -0.4970484 -0.09407406
v 0.28030031 -0.49603641 -0.08383251
v 0.27192828 -0.49559301 -0.07601846
v 0.28166267 -0.50496733 -0.09595983
v 0.27402529 -0.50440722 -0.08649687
v 0.26604604 -0.5041328 -0.07932755
v 0.25799915 -0.50363606 -0.07370365
v 0.26331779 -0.49535387 -0.06963934
v 0.26694822 -0.5110746 -0.08932938
v 0.25914728 -0.51082509 -0.0834662
v 0.25124988 -0.51034289 -0.07881617
v 0.24314823 -0.50923407 -0.07475443
v 0.24990084 -0.50260359 -0.06927938
v 0.25215414 -0.51652067 -0.08848794
v 0.24413873 -0.51626008 -0.08499117
v 0.23578563 -0.51497352 -0.08180213
v 0.22720424 -0.51208603 -0.07870128
v 0.23484446 -0.50675845 -0.07112275
v 0.23632943 -0.52181416 -0.09401212
v 0.22787071 -0.52020782 -0.09121613
v 0.21929656 -0.51676619 -0.08818189
v 0.21079522 -0.51151484 -0.08503671
v 0.21872372 -0.5076043 -0.07554272
v 0.22036664 -0.52474957 -0.10314112
v 0.21153922 -0.52053523 -0.09954585
v 0.20311103 -0.51431995 -0.0956807
v 0.1951908 -0.50619977 -0.09164929
v 0.20281592 -0.50419014 -0.08188472
v 0.19594942 -0.49507114 -0.07876931
v 0.20410297 -0.49299192 -0.06980684
v 0.21088688 -0.50117546 -0.07258703
v 0.18839314 -0.49613061 -0.08771798
v 0.18321025 -0.48449099 -0.08369639
v 0.19060681 -0.48443514 -0.0756615
v 0.17692694 -0.48365744 -0.09108544
v 0.1744838 -0.47070342 -0.08653493
v 0.1801657 -0.47198081 -0.08009887
v 0.16998234 -0.46899232 -0.0918858
v 0.1694867 -0.45579358 -0.08809626
v 0.17384141 -0.4574669 -0.08301498
v 0.16498096 -0.4539335 -0.09266869
v 0.16550679 -0.44110277 -0.08975811
v 0.17049017 -0.44279876 -0.08574069
v 0.17493167 -0.44436362 -0.08086423
v 0.18012194 -0.44596952 -0.07507924
v 0.17920534 -0.45903441 -0.07714735
v 0.18683038 -0.44745627 -0.06884141
v 0.18607005 -0.46022072 -0.070447
v 0.1873423 -0.4726344 -0.07275849
v 0.19461819 -0.46061378 -0.06362135
v 0.19590714 -0.47220706 -0.06525453
v 0.19905912 -0.48321929 -0.06739591
v 0.20532345 -0.47076574 -0.05847159
v 0.20812501 -0.48079621 -0.059881
v 0.21283468 -0.48973783 -0.06189617
v 0.21753095 -0.47766518 -0.05428369
v 0.22169505 -0.48559862 -0.05588971
v 0.22748261 -0.49205708 -0.05853055
v 0.21922445 -0.49707615 -0.06455713
v 0.23446089 -0.49708309 -0.06177909
v 0.22679148 -0.50279349 -0.06770043
v 0.24204362 -0.50060415 -0.06531982
v 0.24156963 -0.49017658 -0.05743411
v 0.24821637 -0.49307563 -0.06078244
v 0.25547167 -0.4946455 -0.06470892
v 0.25428527 -0.48703888 -0.05469503
v 0.26075729 -0.4875954 -0.05903644
v 0.26054522 -0.48447236 -0.04603835
v 0.26703512 -0.48410618 -0.05043445
v 0.26664701 -0.48266327 -0.03553207
v 0.27337604 -0.48138794 -0.03919938
v 0.27154606 -0.48006275 -0.02500949
v 0.27861332 -0.47838798 -0.02742312
v 0.28513321 -0.47475081 -0.03044108
v 0.28115338 -0.47642618 -0.01634053
v 0.2885243 -0.47224274 -0.01707511
v 0.29024916 -0.46940925 -0.0337951
v 0.29358971 -0.46273371 -0.03723089
v 0.29502701 -0.4552401 -0.04105615
v 0.29036912 -0.45755511 -0.05471212
v 0.29426187 -0.44741812 -0.04390509
v 0.28983652 -0.44984015 -0.05680612
v 0.28717014 -0.45128402 -0.06922823
v 0.28784334 -0.45892548 -0.06826961
v 0.29353025 -0.45101052 -0.0800846
v 0.29315912 -0.45989149 -0.07982371
v 0.30101716 -0.45089191 -0.09108979
v 0.30056023 -0.46066242 -0.0909416
v 0.30713 -0.45115938 -0.10388055
v 0.30040612 -0.44101616 -0.09078385
v 0.30656364 -0.44081252 -0.10366701
v 0.31135433 -0.44110322 -0.11790625
v 0.30495849 -0.43024435 -0.10337007
v 0.31002423 -0.43035239 -0.11756365
v 0.31404441 -0.43121135 -0.13226525
v 0.30755767 -0.41965109 -0.11731844
v 0.31187564 -0.42049497 -0.132107
v 0.31555599 -0.42195567 -0.14676238
v 0.30866152 -0.40981295 -0.13203272
v 0.31245937 -0.41130033 -0.14664199
v 0.31580135 -0.41339728 -0.1610355
v 0.30757042 -0.40113154 -0.1467406
v 0.31144651 -0.40317222 -0.16106134
v 0.31493565 -0.4057286 -0.17508432
v 0.30545419 -0.39381554 -0.16146107
v 0.30974018 -0.39643827 -0.17545352
v 0.3134703 -0.39909294 -0.18866258
v 0.30353248 -0.38822302 -0.17626003
v 0.30790573 -0.39075702 -0.18917711
v 0.3115713 -0.3933402 -0.20124387
v 0.30128786 -0.38367703 -0.18996201
v 0.30532646 -0.38621535 -0.20122039
v 0.30865043 -0.38864022 -0.21223014
v 0.29784992 -0.3796702 -0.20167598
v 0.29338011 -0.3775036 -0.19142293
v 0.2863973 -0.37363168 -0.19551648
v 0.29116615 -0.375734 -0.20484399
v 0.28006446 -0.36980518 -0.20218153
v 0.28562107 -0.37194883 -0.21066245
v 0.27706307 -0.36313739 -0.2094566
v 0.28289353 -0.36560359 -0.21819441
v 0.28855016 -0.36874017 -0.22560575
v 0.2826794 -0.35730022 -0.22659748
v 0.27630648 -0.35438397 -0.21759168
v 0.26880767 -0.35246276 -0.2062416
v 0.27038115 -0.36136293 -0.19890184
v 0.26254844 -0.36035892 -0.1873558
v 0.26019078 -0.35137617 -0.19290967
v 0.27368024 -0.3687503 -0.19227485
v 0.2671374 -0.36693355 -0.18090218
v 0.25994923 -0.36610367 -0.16916008
v 0.25476333 -0.35976687 -0.17534862
v 0.28057244 -0.37169918 -0.18477323
v 0.27409961 -0.37019953 -0.17379936
v 0.26720768 -0.36902427 -0.16234414
v 0.25978267 -0.36842069 -0.15091112
v 0.2520065 -0.36579126 -0.15785409
v 0.28239449 -0.37375932 -0.1679991
v 0.275646 -0.37244838 -0.1560567
v 0.26838985 -0.37191042 -0.14432287
v 0.2609488 -0.37193128 -0.13290573
v 0.25199973 -0.36832627 -0.13973441
v 0.28424367 -0.3774752 -0.15153928
v 0.27744042 -0.37682262 -0.13899238
v 0.27046406 -0.37700903 -0.12713414
v 0.26306679 -0.37790224 -0.11593783
v 0.25325471 -0.37270054 -0.12204606
v 0.28661364 -0.38316056 -0.13513428
v 0.28009361 -0.38335689 -0.12275726
v 0.27297574 -0.38426616 -0.11097333
v 0.26534086 -0.38594695 -0.10006661
v 0.25535798 -0.37940785 -0.10547486
v 0.28969058 -0.3907845 -0.11964836
v 0.28254652 -0.39159566 -0.10715587
v 0.27471101 -0.39344626 -0.09575395
v 0.2665947 -0.39606633 -0.08559978
v 0.25733152 -0.38829916 -0.09009463
v 0.29098647 -0.39984288 -0.10456019
v 0.28302469 -0.40182182 -0.09277694
v 0.27496135 -0.40443617 -0.08223167
v 0.26677134 -0.40808656 -0.07335001
v 0.2585555 -0.39931613 -0.0767078
v 0.29004201 -0.41080421 -0.09103294
v 0.28189277 -0.41337671 -0.08041036
v 0.29515376 -0.42064672 -0.0904985
v 0.28728944 -0.42258611 -0.07973594
v 0.29860007 -0.43087142 -0.09052866
v 0.29084479 -0.43237006 -0.07977654
v 0.2929086 -0.44184109 -0.07982762
v 0.28563851 -0.44294545 -0.06989719
v 0.2871468 -0.44207024 -0.05782653
v 0.29116785 -0.43988835 -0.04569944
v 0.29793807 -0.4433889 -0.03126099
v 0.29369244 -0.43636387 -0.03441515
v 0.28770113 -0.43088674 -0.03598659
v 0.29419863 -0.43199154 -0.02510563
v 0.28981477 -0.42682555 -0.02781704
v 0.28415101 -0.4231027 -0.02830492
v 0.28093594 -0.4266119 -0.03542294
v 0.27781632 -0.42151615 -0.02599555
v 0.27394413 -0.42499014 -0.03294727
v 0.2711941 -0.42129638 -0.02238432
v 0.26725673 -0.42521521 -0.0291641
v 0.26261809 -0.42706278 -0.03743509
v 0.26130539 -0.42732372 -0.02449438
v 0.25619444 -0.42991417 -0.03293028
v 0.25156131 -0.43187415 -0.04205135
v 0.25774952 -0.42850405 -0.04614371
v 0.24546185 -0.43115139 -0.04952452
v 0.25157561 -0.42664146 -0.05327419
v 0.23713599 -0.42710825 -0.05377972
v 0.24379603 -0.42088854 -0.05690365
v 0.25122439 -0.41586417 -0.06117422
v 0.23459368 -0.4142268 -0.05938753
v 0.24257238 -0.40796071 -0.0637438
v 0.25058037 -0.40325266 -0.06953692
v 0.2588754 -0.4118722 -0.06658901
v 0.24921953 -0.39151525 -0.08129002
v 0.24738517 -0.38163885 -0.09573242
v 0.24529099 -0.37424823 -0.11188608
v 0.24387827 -0.36908653 -0.12904906
v 0.24391071 -0.36588996 -0.14688278
v 0.24621811 -0.35997456 -0.16421786
v 0.24258486 -0.35149651 -0.16861146
v 0.25155994 -0.35116034 -0.18021294
v 0.23877857 -0.34289175 -0.17253543
v 0.24817124 -0.34227371 -0.18497799
v 0.25778842 -0.34206154 -0.1991797
v 0.24433957 -0.33262386 -0.18964876
v 0.22742795 -0.4220007 -0.05614221
v 0.21757254 -0.41786706 -0.05984212
v 0.22161644 -0.43088656 -0.05410472
v 0.21144239 -0.42780625 -0.05788945
v 0.2019822 -0.4250397 -0.06302867
v 0.20722289 -0.43844708 -0.05703992
v 0.19757513 -0.43670159 -0.06237828
v 0.18943969 -0.43482762 -0.06834207
v 0.19521208 -0.44859153 -0.06276503
v 0.20474554 -0.44923359 -0.05684084
v 0.20414027 -0.4602794 -0.0574851
v 0.21504743 -0.44984954 -0.05240479
v 0.21428999 -0.45935079 -0.05259803
v 0.21525594 -0.4687629 -0.05319589
v 0.22494371 -0.45854952 -0.04941386
v 0.22569184 -0.46640092 -0.049964
v 0.22772707 -0.47380819 -0.05071246
v 0.2345352 -0.46472916 -0.04443358
v 0.23611669 -0.47107142 -0.04513106
v 0.23938651 -0.47620064 -0.04689899
v 0.23105001 -0.48017635 -0.05241628
v 0.24348303 -0.48069778 -0.04910393
v 0.23569944 -0.48583135 -0.05456295
v 0.24842029 -0.48459711 -0.05143918
v 0.24917148 -0.479772 -0.04001751
v 0.25449201 -0.48286369 -0.04267077
v 0.25440096 -0.4794383 -0.02996437
v 0.26015237 -0.48192971 -0.03247647
v 0.25943309 -0.47797125 -0.02049408
v 0.26496172 -0.47991776 -0.0226316
v 0.26266285 -0.47851073 -0.01278703
v 0.26811659 -0.47930032 -0.01436638
v 0.27437654 -0.47865182 -0.0155343
v 0.27042084 -0.4816223 -0.00645714
v 0.27621626 -0.47945061 -0.00645975
v 0.28231674 -0.47549769 -0.00635949
v 0.2775442 -0.48043078 0.00121026
v 0.28310433 -0.47517687 0.00171926
v 0.28846681 -0.46840903 0.00243745
v 0.28913575 -0.47016128 -0.00588433
v 0.28660467 -0.46692097 0.00944224
v 0.29192042 -0.4583882 0.01091911
v 0.28829067 -0.45634734 0.017529
v 0.29429683 -0.44518145 0.01934745
v 0.29779905 -0.44799482 0.01284921
v 0.28309604 -0.46506223 0.01535411
v 0.27833914 -0.46276697 0.01928675
v 0.28325432 -0.45356816 0.02184394
v 0.27728849 -0.45028588 0.02341881
v 0.28242597 -0.43630856 0.02433735
v 0.2891635 -0.44088774 0.02313046
v 0.27283608 -0.46017557 0.02087088
v 0.26728943 -0.45747113 0.02002349
v 0.27117624 -0.44729197 0.02233975
v 0.26950582 -0.46851396 0.01876548
v 0.26419848 -0.46655696 0.01784886
v 0.25904214 -0.46450141 0.01504776
v 0.26186353 -0.45512536 0.01693357
v 0.26768264 -0.4765841 0.01535978
v 0.26725474 -0.48313403 0.008859
v 0.27194252 -0.48346951 0.00097297
v 0.26652023 -0.48454433 0.00100101
v 0.26469951 -0.48211512 -0.00604105
v 0.25948783 -0.48015788 -0.00471649
v 0.25546005 -0.4755097 -0.00212129
v 0.25795212 -0.47608274 -0.01096143
v 0.25440308 -0.47180271 -0.00864335
v 0.25197508 -0.46619048 -0.00620724
v 0.25324714 -0.46872162 0.00101983
v 0.25470438 -0.47471648 -0.01855448
v 0.25105571 -0.4700649 -0.01653304
v 0.24869138 -0.46449717 -0.01445516
v 0.24771122 -0.45764184 -0.01242101
v 0.25136393 -0.45908877 -0.00403949
v 0.24628233 -0.46995773 -0.02626418
v 0.24423334 -0.46382808 -0.0249712
v 0.24307751 -0.45717227 -0.0239477
v 0.24003328 -0.46407997 -0.03534985
v 0.23937752 -0.45751237 -0.03490611
v 0.239978 -0.45058438 -0.03518442
v 0.24229669 -0.44332397 -0.03645101
v 0.23386251 -0.45797196 -0.04390426
v 0.2346712 -0.4510228 -0.04420092
v 0.23709708 -0.44378799 -0.04526883
v 0.24064381 -0.43707734 -0.04727361
v 0.2461972 -0.43687367 -0.03872397
v 0.22582656 -0.4505316 -0.04962809
v 0.22817729 -0.44229093 -0.05028158
v 0.23190346 -0.43435758 -0.05146187
v 0.21752762 -0.44012776 -0.05297674
v 0.24200998 -0.47010856 -0.03640063
v 0.24969688 -0.47536218 -0.02789844
v 0.24506939 -0.47533083 -0.03796435
v 0.25435182 -0.45186352 0.00511255
v 0.25333017 -0.46093061 0.00340039
v 0.25713411 -0.45332509 0.01202665
v 0.25510755 -0.462666 0.01020811
v 0.25608369 -0.44200426 0.00662028
v 0.25982594 -0.44347512 0.01327938
v 0.26523056 -0.44498428 0.01865493
v 0.26258546 -0.43245068 0.01422334
v 0.26870352 -0.43350291 0.01925009
v 0.2757284 -0.43486291 0.02307076
v 0.27129936 -0.42168197 0.01905483
v 0.26458719 -0.42129442 0.01514092
v 0.26488891 -0.41156864 0.01766268
v 0.27111542 -0.41159591 0.0219649
v 0.26344955 -0.40237024 0.02109727
v 0.26892811 -0.4024637 0.02534935
v 0.2751891 -0.40110865 0.02769735
v 0.26619651 -0.39275515 0.02733401
v 0.27158281 -0.39094623 0.02843275
v 0.27685901 -0.38842859 0.02700373
v 0.28150928 -0.39814856 0.02725952
v 0.28143692 -0.38592323 0.02275566
v 0.28690969 -0.39473778 0.02298914
v 0.27299293 -0.37992557 0.0259202
v 0.27676981 -0.37785249 0.02177481
v 0.28170183 -0.37592294 0.01747445
v 0.2881796 -0.3727703 0.01729887
v 0.2905049 -0.3616614 0.01988417
v 0.29450187 -0.3688395 0.02017141
v 0.29781439 -0.35762894 0.02133251
v 0.30170279 -0.3639954 0.02225355
v 0.30712565 -0.36896154 0.02255077
v 0.3100374 -0.35777163 0.01963585
v 0.31495478 -0.36136794 0.01984202
v 0.31997391 -0.36485147 0.01940994
v 0.31344482 -0.37249332 0.02116917
v 0.32525968 -0.36886477 0.01725396
v 0.32140684 -0.37537896 0.0168225
v 0.3301219 -0.37097975 0.0124809
v 0.3315134 -0.36088645 0.01661633
v 0.33527591 -0.36303615 0.01281653
v 0.33791816 -0.36375188 0.00767325
v 0.34174931 -0.35495331 0.01329059
v 0.34436813 -0.35576403 0.00817619
v 0.34537345 -0.35498568 0.0022233
v 0.33942708 -0.36331343 0.00190811
v 0.34460175 -0.35233181 -0.00386395
v 0.33885517 -0.36106243 -0.00456536
v 0.34258461 -0.34837517 -0.00936052
v 0.33669284 -0.35734453 -0.01054196
v 0.33123117 -0.36599287 -0.01095221
v 0.33330062 -0.35200732 -0.01527688
v 0.32779032 -0.36131274 -0.01654111
v 0.32325848 -0.37059617 -0.01766355
v 0.32716515 -0.37440171 -0.01142666
v 0.32072845 -0.38018915 -0.01843185
v 0.32562872 -0.38330155 -0.01283251
v 0.31753492 -0.36620095 -0.02159282
v 0.31443473 -0.37699866 -0.02295134
v 0.31221926 -0.38733175 -0.02312837
v 0.30698362 -0.37368089 -0.02488282
v 0.30381029 -0.38406622 -0.02558999
v 0.30046033 -0.39315384 -0.02565396
v 0.30947351 -0.39678368 -0.0229587
v 0.29646012 -0.40134885 -0.02533271
v 0.30514279 -0.40515196 -0.02269122
v 0.29216685 -0.40923273 -0.02441357
v 0.29912874 -0.41328284 -0.02227576
v 0.30393257 -0.41769182 -0.01838176
v 0.30730074 -0.42203083 -0.01340199
v 0.29377567 -0.42057499 -0.02339367
v 0.29781988 -0.4250544 -0.01969155
v 0.30107036 -0.42967605 -0.01481032
v 0.30973467 -0.42608776 -0.00761792
v 0.29801639 -0.4373233 -0.02087953
v 0.31115514 -0.42876592 -0.00134714
v 0.31827402 -0.42204734 -0.00251247
v 0.31797662 -0.42233067 0.00405436
v 0.32587862 -0.41751444 0.00242818
v 0.32614424 -0.41630345 -0.00378019
v 0.31097465 -0.42898854 0.00538053
v 0.3095262 -0.42727461 0.01198351
v 0.31662514 -0.42079117 0.01057275
v 0.30316215 -0.43630263 0.01295367
v 0.30007925 -0.43265932 0.01855472
v 0.30674514 -0.42392349 0.01811663
v 0.31029173 -0.41181376 0.02008127
v 0.31412339 -0.41719812 0.01630816
v 0.31873214 -0.40698507 0.01619184
v 0.32164269 -0.4119375 0.0129282
v 0.32438343 -0.41573312 0.00840354
v 0.33042097 -0.40934366 0.01175205
v 0.33279871 -0.41283637 0.00738341
v 0.33404085 -0.41343274 0.00161282
v 0.34060543 -0.40934693 0.00632343
v 0.34176203 -0.40950393 0.00142568
v 0.34190678 -0.40756195 -0.00313762
v 0.33433795 -0.41172462 -0.00395356
v 0.34131074 -0.40403595 -0.00683242
v 0.34830874 -0.40347045 -0.00167561
v 0.34762007 -0.40044811 -0.00437238
v 0.34655287 -0.39639437 -0.00612864
v 0.34022939 -0.39908739 -0.00902989
v 0.3448342 -0.39146253 -0.00601137
v 0.3387272 -0.39280614 -0.00891057
v 0.35190284 -0.39393752 -0.00323583
v 0.35007298 -0.39001676 -0.00336718
v 0.34829968 -0.38643312 -0.00105679
v 0.34691339 -0.38524165 0.00322338
v 0.35301041 -0.3869993 0.00777422
v 0.35723531 -0.38946998 0.00691413
v 0.35858869 -0.39209118 0.00475905
v 0.35748931 -0.39406129 0.00708914
v 0.35665977 -0.39417663 0.00171868
v 0.35682719 -0.39619386 0.00383156
v 0.35561397 -0.39649635 0.00935172
v 0.35086056 -0.39978617 0.01180272
v 0.34384119 -0.40170347 0.01279214
v 0.34157249 -0.39756611 0.01356941
v 0.33966311 -0.3929561 0.01268649
v 0.33614507 -0.40313196 0.01334579
v 0.33325138 -0.39801177 0.01376214
v 0.33066588 -0.39303982 0.01254632
v 0.32432571 -0.3988758 0.01456211
v 0.32758417 -0.40443247 0.01412068
v 0.31515878 -0.40144375 0.01776962
v 0.30562454 -0.4059233 0.0205931
v 0.33868607 -0.40719807 0.01063656
v 0.35294428 -0.39689421 -0.00159338
v 0.35373184 -0.39926135 0.0005439
v 0.28792208 -0.41690647 -0.02458251
v 0.28376403 -0.40609717 -0.02359116
v 0.28107106 -0.41463667 -0.02273324
v 0.27544951 -0.40360441 -0.01996872
v 0.27381217 -0.41323518 -0.01947767
v 0.26732561 -0.41319188 -0.01497125
v 0.26532265 -0.42214906 -0.01794364
v 0.26176166 -0.4143278 -0.00963322
v 0.25779354 -0.41645711 -0.00328687
v 0.25789108 -0.40811827 0.00584443
v 0.25703376 -0.41878718 0.00363751
v 0.26019948 -0.41022443 0.01222844
v 0.25965765 -0.42027646 0.00989604
v 0.25802943 -0.43144467 0.00838953
v 0.25769567 -0.39833936 0.00895612
v 0.25966846 -0.40082389 0.01554088
v 0.25644788 -0.39054784 0.0123517
v 0.25828927 -0.39251142 0.01844207
v 0.26165208 -0.39336937 0.02359135
v 0.25690585 -0.38528195 0.02068285
v 0.26018512 -0.38537618 0.02492024
v 0.26433941 -0.38418775 0.02759025
v 0.25856569 -0.37880712 0.0266068
v 0.26273593 -0.3771111 0.02873483
v 0.26707753 -0.37441918 0.02827591
v 0.26900434 -0.38226315 0.02817499
v 0.27042996 -0.37212407 0.02519502
v 0.25693884 -0.37286284 0.02786335
v 0.25503215 -0.36772084 0.02813923
v 0.25531387 -0.3791916 0.02296977
v 0.25353318 -0.37821638 0.01855878
v 0.25507625 -0.38383269 0.01555733
v 0.25589785 -0.38106739 0.01058165
v 0.25371763 -0.37601441 0.01438899
v 0.25614041 -0.37337827 0.01125981
v 0.25410777 -0.36959043 0.01500524
v 0.25937786 -0.37746501 0.00718787
v 0.26344525 -0.37411096 0.00621022
v 0.25969061 -0.37055158 0.01020294
v 0.26318237 -0.36793497 0.01101916
v 0.26008701 -0.36530518 0.01390001
v 0.25699392 -0.36743652 0.01348693
v 0.26727229 -0.37078735 0.00628617
v 0.27150642 -0.37233674 -0.00124248
v 0.27473321 -0.36604857 -0.00163704
v 0.27942979 -0.36580818 -0.00935938
v 0.28316354 -0.3568947 -0.00891316
v 0.27747345 -0.35872668 -0.00217357
v 0.27561628 -0.3736096 -0.00916388
v 0.28083726 -0.37527155 -0.01603603
v 0.28538256 -0.36653095 -0.01583535
v 0.29190731 -0.36778673 -0.02123577
v 0.29659375 -0.3566693 -0.01915062
v 0.28977698 -0.35633218 -0.01414864
v 0.28737443 -0.37755307 -0.02172211
v 0.29525175 -0.38065341 -0.02487072
v 0.2993341 -0.37038195 -0.02422931
v 0.28322333 -0.38610261 -0.02127066
v 0.29124712 -0.3895806 -0.0249988
v 0.27892771 -0.39438271 -0.02046488
v 0.28724324 -0.39788386 -0.02448937
v 0.31104165 -0.36218416 -0.02316413
v 0.30397972 -0.35879546 -0.02243688
v 0.31581306 -0.35072037 -0.01916976
v 0.30887743 -0.34663611 -0.01924149
v 0.32121136 -0.33995103 -0.015361
v 0.3138217 -0.33512538 -0.01643958
v 0.32666504 -0.33167871 -0.01028146
v 0.31932362 -0.32660728 -0.01200344
v 0.31656262 -0.31683015 -0.00755297
v 0.32139059 -0.31013327 -0.00481765
v 0.31516009 -0.30893605 -0.0013863
v 0.31046187 -0.31571978 -0.00295982
v 0.31231463 -0.30920833 0.00407718
v 0.30728352 -0.31542965 0.002619
v 0.31881383 -0.30158543 0.00030275
v 0.31557932 -0.30173355 0.00566467
v 0.31434315 -0.30287057 0.01148446
v 0.31851431 -0.2942619 0.00756688
v 0.31725654 -0.29558786 0.01326534
v 0.31836536 -0.29761174 0.01872942
v 0.31561058 -0.30487686 0.01714625
v 0.32188996 -0.30018249 0.02247417
v 0.31898921 -0.30757686 0.02173155
v 0.32657754 -0.30254554 0.02442753
v 0.32442465 -0.31048703 0.02375121
v 0.32143589 -0.31787893 0.02154175
v 0.32224464 -0.32777041 0.01928021
v 0.31671872 -0.32464945 0.0199813
v 0.31581154 -0.33524641 0.01906626
v 0.31106472 -0.33063778 0.01956258
v 0.3088282 -0.34140196 0.01867951
v 0.30503872 -0.33570295 0.02051996
v 0.3016754 -0.32970011 0.02235105
v 0.29918447 -0.32280975 0.02346285
v 0.29886752 -0.34023559 0.02305211
v 0.29705724 -0.33259123 0.02582731
v 0.29575327 -0.32425403 0.02784854
v 0.29438725 -0.31556403 0.02870834
v 0.29763558 -0.31479427 0.02455776
v 0.29153695 -0.33484742 0.02786103
v 0.29077649 -0.32547879 0.0300301
v 0.28990972 -0.31596109 0.03072718
v 0.28958404 -0.30704033 0.0311617
v 0.29359716 -0.30714058 0.02914559
v 0.28552904 -0.32592111 0.02927442
v 0.28512948 -0.31612584 0.03072785
v 0.28531998 -0.30674374 0.03068773
v 0.28635448 -0.29942908 0.02962865
v 0.28961473 -0.29977825 0.02979264
v 0.28103038 -0.31585878 0.02825431
v 0.28153267 -0.30628934 0.02880168
v 0.28366053 -0.29894015 0.02794782
v 0.28618142 -0.29390627 0.02650013
v 0.28773501 -0.29412686 0.02717921
v 0.27905097 -0.30577662 0.02528677
v 0.28214874 -0.29849556 0.02525568
v 0.28507512 -0.29357892 0.02485955
v 0.28745329 -0.28960651 0.02417873
v 0.28832709 -0.29030686 0.02533045
v 0.28187367 -0.29813504 0.02195151
v 0.28464564 -0.2932406 0.02267938
v 0.28688928 -0.28971415 0.02321555
v 0.28539153 -0.29306519 0.02043707
v 0.28712201 -0.28950905 0.02171735
v 0.28880316 -0.28605496 0.02279516
v 0.28911149 -0.28660988 0.02397268
v 0.28713116 -0.29316878 0.018923
v 0.28839618 -0.28958806 0.02073165
v 0.28962871 -0.28615272 0.02218991
v 0.28979361 -0.28986927 0.02055908
v 0.28949159 -0.29331788 0.01825417
v 0.29215604 -0.29315352 0.0192798
v 0.29010257 -0.28754645 0.0218427
v 0.28890454 -0.29779842 0.01532373
v 0.2929506 -0.29798266 0.01600096
v 0.29561832 -0.29858669 0.0186813
v 0.29329896 -0.29311028 0.02136895
v 0.28764829 -0.3040381 0.01179254
v 0.2854098 -0.297679 0.01642172
v 0.28314018 -0.30419781 0.01346367
v 0.28224745 -0.31249123 0.01063605
v 0.28675633 -0.31177112 0.00806015
v 0.28179043 -0.32069441 0.00750967
v 0.28658321 -0.31926599 0.00473505
v 0.28092494 -0.32910564 0.00374187
v 0.27844807 -0.32224628 0.01201607
v 0.27688089 -0.33121094 0.00876908
v 0.27692413 -0.341194 0.00615805
v 0.28054735 -0.33846968 0.0005599
v 0.27975127 -0.3492791 -0.00144439
v 0.27556312 -0.33319705 0.01459577
v 0.27681657 -0.32363256 0.01726058
v 0.27750626 -0.32483771 0.02256465
v 0.27694675 -0.33481717 0.02027566
v 0.28080478 -0.3256838 0.02673219
v 0.28043669 -0.3358187 0.02486048
v 0.28568142 -0.33585861 0.02759114
v 0.28634685 -0.34534919 0.02462273
v 0.29298725 -0.3434365 0.02496374
v 0.29493424 -0.35107484 0.02237609
v 0.28789439 -0.35399985 0.02108759
v 0.3016223 -0.34681072 0.02013662
v 0.30529075 -0.35277009 0.01869822
v 0.31310865 -0.34618356 0.01747238
v 0.31778973 -0.35048583 0.01742247
v 0.32065171 -0.33901286 0.0180971
v 0.32523262 -0.34266048 0.01800544
v 0.32943469 -0.34610936 0.0186927
v 0.32206413 -0.35384783 0.01823957
v 0.33376264 -0.34956258 0.01883527
v 0.32706722 -0.35770234 0.01856759
v 0.33815094 -0.35279914 0.01699446
v 0.34094879 -0.34115397 0.0198623
v 0.34526541 -0.34477442 0.01820586
v 0.34884411 -0.34702357 0.01442088
v 0.35192751 -0.33684393 0.0187614
v 0.35506311 -0.33919087 0.01498224
v 0.35691881 -0.34037196 0.00970579
v 0.3510766 -0.34781581 0.00903972
v 0.35666701 -0.33972355 0.00373715
v 0.3515872 -0.34693491 0.00311597
v 0.35492768 -0.33761972 -0.00184428
v 0.35026347 -0.34442523 -0.00260038
v 0.35200145 -0.33409908 -0.00655503
v 0.34777033 -0.34049892 -0.00762746
v 0.3480643 -0.32919022 -0.00924118
v 0.3438434 -0.33529591 -0.01083065
v 0.33885142 -0.34291547 -0.01314521
v 0.3329792 -0.3364875 -0.01232768
v 0.32760718 -0.34538567 -0.01595987
v 0.3222562 -0.35557913 -0.01910495
v 0.35560306 -0.32889011 -0.0062659
v 0.35161924 -0.32464471 -0.00837512
v 0.35909977 -0.3241423 -0.00655448
v 0.36206692 -0.31896013 -0.00553497
v 0.35870376 -0.33204859 -0.00184805
v 0.36104461 -0.33392331 0.00355506
v 0.36162036 -0.33382877 0.0094381
v 0.36051714 -0.33225134 0.01457187
v 0.36455264 -0.32571795 0.01293712
v 0.36126673 -0.32249069 0.01585546
v 0.36341121 -0.31589978 0.01271057
v 0.36628752 -0.31900823 0.00921871
v 0.3576914 -0.32946723 0.0183171
v 0.35307925 -0.32617861 0.01974472
v 0.35638085 -0.31979042 0.0169128
v 0.34785768 -0.33346524 0.02005529
v 0.34339413 -0.32972458 0.01864144
v 0.34791663 -0.32351866 0.01772247
v 0.33697205 -0.33748051 0.01885317
v 0.33269137 -0.33406689 0.01745808
v 0.32754293 -0.33067783 0.0178239
v 0.35066393 -0.31801486 0.0155073
v 0.34638568 -0.31481564 0.00962978
v 0.35186731 -0.31412014 0.01197662
v 0.35782265 -0.31400877 0.01347947
v 0.35212969 -0.31213527 0.0077086
v 0.35754537 -0.31109738 0.00810071
v 0.35161951 -0.31193545 0.00323511
v 0.35656052 -0.31017729 0.00286088
v 0.34092849 -0.31115174 0.00959143
v 0.34059745 -0.30363452 0.01178919
v 0.34183904 -0.296294 0.01414344
v 0.34152144 -0.29476359 0.01006854
v 0.34042963 -0.28939086 0.01672875
v 0.34116086 -0.28754538 0.01350863
v 0.27823916 -0.31524631 0.02420603
v 0.27770882 -0.3144454 0.01935442
v 0.27835288 -0.3052833 0.02096814
v 0.27915796 -0.3134922 0.01453658
v 0.27996945 -0.30468812 0.01675628
v 0.28285735 -0.29789975 0.0190416
v 0.28968086 -0.29413667 0.02727635
v 0.29658171 -0.30688431 0.02561048
v 0.32856929 -0.29555714 0.02475562
v 0.33089101 -0.28953057 0.02351781
v 0.33310318 -0.28521931 0.02164986
v 0.32258826 -0.28873187 0.01025803
v 0.32578283 -0.28820917 0.00623646
v 0.33011192 -0.28278932 0.01053546
v 0.32733017 -0.28415557 0.0137171
v 0.32219213 -0.29421657 0.00281702
v 0.32749617 -0.2955603 -0.0001704
v 0.32455256 -0.30299902 -0.00315349
v 0.25475093 -0.36419954 0.01679561
v 0.25241705 -0.3656573 0.01839731
v 0.25381967 -0.36379212 0.02638437
v 0.30197882 -0.41968271 -0.10316677
v 0.29751789 -0.4093413 -0.10335277
v 0.30386006 -0.40908336 -0.11723343
v 0.29795819 -0.39931765 -0.11787318
v 0.30330041 -0.39985272 -0.13234801
v 0.29556474 -0.39085084 -0.1330326
v 0.30056691 -0.39183178 -0.14717325
v 0.29274788 -0.38406914 -0.14860965
v 0.29846715 -0.38591083 -0.16247381
v 0.29070061 -0.37911745 -0.16447992
v 0.29641789 -0.38135063 -0.17755024
v 0.28826203 -0.37550008 -0.17971296
v 0.22929279 -0.52695161 -0.10614085
v 0.24470387 -0.52197521 -0.09613355
v 0.23800464 -0.52748072 -0.10832695
v 0.25279325 -0.52111363 -0.0979961
v 0.24623526 -0.52679187 -0.10959402
v 0.24332438 -0.53104025 -0.12367742
v 0.2522313 -0.52959942 -0.12456634
v 0.25115281 -0.53256207 -0.13860492
v 0.26079624 -0.52744722 -0.124764
v 0.26085442 -0.53044462 -0.13904739
v 0.26013657 -0.53282243 -0.15302002
v 0.27019828 -0.52744233 -0.1388347
v 0.27037695 -0.52992415 -0.15303862
v 0.26999935 -0.53180116 -0.16697797
v 0.25913974 -0.53486871 -0.16688455
v 0.26921597 -0.53376436 -0.18079949
v 0.25767585 -0.53665238 -0.18035142
v 0.26793786 -0.53614342 -0.19427768
v 0.25557917 -0.53842741 -0.19326609
v 0.26593887 -0.53858423 -0.20711734
v 0.25300875 -0.540672 -0.20567596
v 0.26332354 -0.54102134 -0.21945966
v 0.25098893 -0.54611563 -0.2166254
v 0.26139029 -0.54649609 -0.23149608
v 0.24933767 -0.55267679 -0.22783967
v 0.25994768 -0.55250799 -0.24332714
v 0.2473022 -0.55798143 -0.23987141
v 0.23346008 -0.56093055 -0.23655276
v 0.24559924 -0.56238085 -0.25254511
v 0.23154978 -0.5649628 -0.24931107
v 0.21714735 -0.56570649 -0.24575997
v 0.23008047 -0.56824666 -0.26250034
v 0.21552948 -0.56900775 -0.25887715
v 0.20091509 -0.56854242 -0.25487023
v 0.21419729 -0.57169538 -0.27228725
v 0.19954031 -0.57138562 -0.26824799
v 0.21308361 -0.57379567 -0.28582489
v 0.19835726 -0.57365703 -0.28178167
v 0.21213153 -0.57530301 -0.29946571
v 0.19735527 -0.57532638 -0.29541072
v 0.21135778 -0.57623052 -0.31316039
v 0.22704091 -0.57410723 -0.30331674
v 0.2263506 -0.57494437 -0.31707298
v 0.22575125 -0.5755366 -0.33084896
v 0.24119356 -0.57210171 -0.32090532
v 0.24065531 -0.57262802 -0.33481568
v 0.23999048 -0.57297879 -0.34878271
v 0.2550036 -0.5675708 -0.33875203
v 0.25430461 -0.56782287 -0.35291904
v 0.25325214 -0.56787812 -0.36715826
v 0.26747477 -0.56024968 -0.35703462
v 0.26621949 -0.56003671 -0.3715201
v 0.26439499 -0.55960094 -0.38604486
v 0.2775917 -0.54997044 -0.37575137
v 0.27540683 -0.54919099 -0.39046543
v 0.27249267 -0.54815912 -0.40513372
v 0.28472682 -0.53716951 -0.39462018
v 0.2814382 -0.53579729 -0.40938898
v 0.27734431 -0.53423863 -0.42400875
v 0.28893062 -0.52237242 -0.4132131
v 0.28451106 -0.52054882 -0.42789706
v 0.27929809 -0.51862931 -0.44234076
v 0.29058247 -0.50618171 -0.43111163
v 0.28512948 -0.50405407 -0.44562545
v 0.27889218 -0.50197011 -0.45988312
v 0.29017791 -0.4891147 -0.44806349
v 0.28369808 -0.48686146 -0.46246162
v 0.27640745 -0.48475092 -0.4766753
v 0.28789538 -0.47168412 -0.46404787
v 0.2803885 -0.46943968 -0.47854125
v 0.27197185 -0.46740603 -0.49283716
v 0.2838256 -0.45439469 -0.47930175
v 0.27512282 -0.4522475 -0.49403348
v 0.26560494 -0.45033982 -0.50857508
v 0.26282891 -0.46563151 -0.50696843
v 0.25534623 -0.44863277 -0.52282422
v 0.25299575 -0.46406924 -0.52087211
v 0.24453704 -0.44710916 -0.53679317
v 0.24256715 -0.46271428 -0.53450447
v 0.23321032 -0.44579374 -0.55038327
v 0.23163914 -0.4615466 -0.54783952
v 0.22144658 -0.44471368 -0.56352382
v 0.22023055 -0.46055305 -0.56082212
v 0.20928628 -0.44381916 -0.57615715
v 0.20835089 -0.45976325 -0.57338428
v 0.19673927 -0.44311764 -0.58823823
v 0.19601994 -0.45914447 -0.58547782
v 0.20957556 -0.42776241 -0.57843482
v 0.19668184 -0.42686063 -0.59058868
v 0.20942652 -0.41178861 -0.58001875
v 0.19614283 -0.41059759 -0.59233647
v 0.20912742 -0.39622163 -0.58064299
v 0.19539953 -0.39454269 -0.59317934
v 0.20878177 -0.38117849 -0.58018434
v 0.19458939 -0.37902817 -0.59288138
v 0.20825953 -0.36662352 -0.57854867
v 0.19367376 -0.36397185 -0.59137159
v 0.20758605 -0.35257202 -0.57568001
v 0.19272172 -0.34934356 -0.58852356
v 0.20675495 -0.33892843 -0.5715878
v 0.19166855 -0.3351337 -0.58434444
v 0.20569229 -0.32580885 -0.56638586
v 0.19044923 -0.3213526 -0.57911163
v 0.20439243 -0.31325763 -0.56025254
v 0.18906295 -0.3080711 -0.573089
v 0.20291879 -0.3013145 -0.55352586
v 0.18748988 -0.29546809 -0.56665355
v 0.20114736 -0.29001718 -0.54646283
v 0.18564692 -0.28357616 -0.56010848
v 0.19892598 -0.27928504 -0.53940647
v 0.18340221 -0.2724488 -0.55364543
v 0.19610512 -0.26882913 -0.53288114
v 0.18068201 -0.26179593 -0.5474686
v 0.19257275 -0.25815755 -0.52683335
v 0.17745778 -0.25107246 -0.54147702
v 0.18859688 -0.2472824 -0.52109712
v 0.17401127 -0.24017879 -0.53548848
v 0.18430338 -0.23610326 -0.5154789
v 0.17046533 -0.22907193 -0.52936524
v 0.18005059 -0.22476829 -0.50968527
v 0.16699695 -0.21755084 -0.52269184
v 0.17612437 -0.21330836 -0.5033009
v 0.16393293 -0.20601508 -0.51536363
v 0.17245657 -0.2015382 -0.49614015
v 0.16099908 -0.1943414 -0.50757241
v 0.16913422 -0.18964365 -0.4881829
v 0.1582185 -0.18254524 -0.49921694
v 0.16630753 -0.17795342 -0.47948727
v 0.15579231 -0.17092762 -0.49028331
v 0.16413246 -0.16667905 -0.47044318
v 0.15384657 -0.15955272 -0.48093628
v 0.16257356 -0.1556968 -0.46120178
v 0.15256223 -0.14850586 -0.47115504
v 0.16161686 -0.14477762 -0.45105242
v 0.1518612 -0.13759689 -0.46046489
v 0.16081833 -0.13413496 -0.44028151
v 0.15133348 -0.12695515 -0.44917506
v 0.1598114 -0.12363204 -0.42900279
v 0.15074059 -0.11654177 -0.4372628
v 0.1581358 -0.11340846 -0.41719427
v 0.14944247 -0.10647154 -0.42484808
v 0.15552258 -0.10361056 -0.40490624
v 0.14701084 -0.0969595 -0.41211009
v 0.15213711 -0.09429153 -0.39248108
v 0.14371326 -0.08788678 -0.39935541
v 0.1481793 -0.08537738 -0.3800517
v 0.13984853 -0.07915923 -0.38673204
v 0.14397747 -0.07683444 -0.36784797
v 0.13579657 -0.07072336 -0.37436547
v 0.13981929 -0.06849768 -0.35588109
v 0.13174504 -0.06245148 -0.36222156
v 0.12772661 -0.05436628 -0.35015386
v 0.15176735 -0.08260294 -0.36062678
v 0.15594659 -0.09118681 -0.37253299
v 0.16355842 -0.09660139 -0.36390435
v 0.15989406 -0.10025896 -0.38457718
v 0.16751432 -0.10558983 -0.37531447
v 0.17515431 -0.11046837 -0.36504763
v 0.17099097 -0.11513496 -0.3866018
v 0.17872491 -0.11994978 -0.37580859
v 0.18660655 -0.12431357 -0.36416974
v 0.18173934 -0.12986935 -0.38619762
v 0.18979238 -0.13412876 -0.37391313
v 0.1978496 -0.13806563 -0.36094239
v 0.19252061 -0.14426821 -0.3831411
v 0.20074859 -0.14804458 -0.36955747
v 0.20861394 -0.15176351 -0.35543757
v 0.20314008 -0.1582562 -0.37772613
v 0.21120862 -0.16186182 -0.36318984
v 0.21844281 -0.16582402 -0.34852325
v 0.21326695 -0.17217147 -0.37056541
v 0.22064951 -0.17611877 -0.35586509
v 0.22695663 -0.18067309 -0.34144341
v 0.22227753 -0.18665117 -0.36310717
v 0.22874388 -0.19116431 -0.34872251
v 0.23435686 -0.19618305 -0.3345094
v 0.23003596 -0.20175297 -0.35579469
v 0.23573836 -0.20666398 -0.34145996
v 0.24083212 -0.21204415 -0.3272413
v 0.23677139 -0.21723894 -0.348109
v 0.24180911 -0.22247941 -0.33380579
v 0.24618573 -0.22822885 -0.31948971
v 0.2427461 -0.23315489 -0.33999642
v 0.24690632 -0.23874953 -0.32555791
v 0.25027391 -0.24466654 -0.31109118
v 0.24799713 -0.24922099 -0.33139413
v 0.25117978 -0.25507056 -0.31681469
v 0.25330063 -0.26107648 -0.30200389
v 0.25371721 -0.26508536 -0.32237154
v 0.25583061 -0.270953 -0.30722248
v 0.25676995 -0.2770428 -0.29183036
v 0.26119473 -0.27963262 -0.31197741
v 0.26239472 -0.28554171 -0.29609793
v 0.26836702 -0.28715786 -0.31625852
v 0.26932382 -0.29296118 -0.29996603
v 0.27600064 -0.294521 -0.32038259
v 0.27675586 -0.30020773 -0.30381321
v 0.28345084 -0.30228054 -0.32441413
v 0.2838692 -0.30771809 -0.30772298
v 0.29048097 -0.31077671 -0.32851424
v 0.29059764 -0.31582689 -0.31184077
v 0.29707536 -0.31985142 -0.3327049
v 0.29698881 -0.32463419 -0.31626045
v 0.29610317 -0.32979354 -0.30018422
v 0.3031623 -0.33412262 -0.32112175
v 0.3022837 -0.33902883 -0.30562719
v 0.30095782 -0.34419062 -0.29077944
v 0.30829754 -0.34904193 -0.31149432
v 0.30717071 -0.35384854 -0.29736489
v 0.3058063 -0.35877016 -0.28408342
v 0.31309863 -0.36442637 -0.30419969
v 0.31188878 -0.36895346 -0.29122668
v 0.31051307 -0.37348762 -0.27889764
v 0.31738105 -0.38001301 -0.29801112
v 0.31607526 -0.38411402 -0.28565362
v 0.31446361 -0.38828861 -0.27390524
v 0.32065808 -0.39552682 -0.29162943
v 0.31896683 -0.39917358 -0.27947425
v 0.3169204 -0.40279138 -0.2677522
v 0.32241725 -0.41058456 -0.28410416
v 0.31977561 -0.41351971 -0.27181971
v 0.32143658 -0.4151296 -0.25903508
v 0.32137665 -0.42469677 -0.27542489
v 0.32428309 -0.4255245 -0.26168912
v 0.32710951 -0.42567521 -0.24774071
v 0.32701993 -0.43611279 -0.264182
v 0.32915416 -0.43613269 -0.24943938
v 0.32930287 -0.43529334 -0.2340272
v 0.33018478 -0.4469482 -0.25088504
v 0.33056241 -0.44595515 -0.23529392
v 0.32939001 -0.4442527 -0.21980769
v 0.3307797 -0.45696005 -0.23648703
v 0.32980242 -0.45520344 -0.22091861
v 0.32800063 -0.45301729 -0.20570789
v 0.32923132 -0.46629998 -0.22193099
v 0.32776939 -0.464037 -0.20654805
v 0.32577809 -0.46150347 -0.19147405
v 0.32657373 -0.47505027 -0.20727273
v 0.32480135 -0.47239601 -0.19201567
v 0.32255372 -0.46965739 -0.1770785
v 0.32278415 -0.48318198 -0.19248123
v 0.3207111 -0.48035204 -0.17746345
v 0.31808036 -0.47761705 -0.1627905
v 0.31737738 -0.49066308 -0.17791737
v 0.31503635 -0.48783731 -0.16317945
v 0.31238374 -0.48533001 -0.14870077
v 0.31044283 -0.49746078 -0.16376957
v 0.30807855 -0.49486884 -0.14928185
v 0.3060185 -0.49289479 -0.13471385
v 0.30256798 -0.50369089 -0.14996166
v 0.30062213 -0.50155133 -0.13553689
v 0.29818338 -0.49990275 -0.12093589
v 0.29424741 -0.50954413 -0.13642081
v 0.29196348 -0.50767523 -0.12205822
v 0.28794854 -0.50611269 -0.1081857
v 0.28500407 -0.51466935 -0.1231777
v 0.28114768 -0.5128349 -0.10943459
v 0.27462601 -0.51161813 -0.09763416
v 0.273543 -0.51795345 -0.11028509
v 0.26667559 -0.51650536 -0.09903081
v 0.25959178 -0.51641261 -0.0927126
v 0.27731034 -0.52035415 -0.12404634
v 0.26920232 -0.52458798 -0.12456966
v 0.27901172 -0.52297437 -0.1381153
v 0.28706914 -0.51680386 -0.13728414
v 0.28853479 -0.51936823 -0.15148825
v 0.28011053 -0.52563005 -0.15240727
v 0.28949916 -0.52175182 -0.16579505
v 0.28040239 -0.52775001 -0.16650065
v 0.29000535 -0.52447783 -0.18015384
v 0.28013181 -0.53000849 -0.18062174
v 0.29006925 -0.52754658 -0.19437006
v 0.27960756 -0.53268152 -0.19454677
v 0.29004502 -0.5307101 -0.2085715
v 0.27878102 -0.53584718 -0.20830394
v 0.28872236 -0.5340299 -0.22264319
v 0.27672568 -0.53883642 -0.2211503
v 0.28594964 -0.5367937 -0.2361906
v 0.27375349 -0.54163557 -0.2340648
v 0.28239908 -0.53792876 -0.24938099
v 0.27117231 -0.54500323 -0.24671317
v 0.28062546 -0.54105305 -0.26229
v 0.27044019 -0.55002528 -0.25918328
v 0.25872916 -0.55730211 -0.25585568
v 0.26996943 -0.55394071 -0.27229201
v 0.25772854 -0.56099516 -0.26910162
v 0.24429705 -0.56571871 -0.26582589
v 0.256989 -0.56355083 -0.28272587
v 0.24327912 -0.56829422 -0.27941122
v 0.22887922 -0.57089352 -0.27597338
v 0.24248023 -0.57012563 -0.29318949
v 0.22788457 -0.57280945 -0.28962048
v 0.24177323 -0.57131224 -0.30703312
v 0.25637677 -0.56525188 -0.29662063
v 0.25589439 -0.5663917 -0.31063082
v 0.25548559 -0.56712615 -0.32467237
v 0.2689723 -0.55935019 -0.31408971
v 0.26869559 -0.55992192 -0.328327
v 0.26824209 -0.56019628 -0.34262612
v 0.28055045 -0.55079799 -0.3318586
v 0.28003579 -0.55079335 -0.34640097
v 0.27897569 -0.55040395 -0.36101898
v 0.29019233 -0.53980869 -0.34994322
v 0.28905984 -0.5392009 -0.36480996
v 0.2872461 -0.53829449 -0.37973505
v 0.29744264 -0.5268442 -0.36819097
v 0.295372 -0.52557313 -0.38329547
v 0.29255813 -0.52407103 -0.39835232
v 0.30214411 -0.51220071 -0.38627964
v 0.29907572 -0.51032048 -0.40142482
v 0.29525458 -0.50829243 -0.41641247
v 0.30459076 -0.49623265 -0.40361112
v 0.30058148 -0.49386039 -0.41866865
v 0.29579043 -0.49147346 -0.43345463
v 0.3051773 -0.47936448 -0.41979065
v 0.30028677 -0.47671881 -0.43468004
v 0.29453265 -0.47413441 -0.44943103
v 0.3042075 -0.46203199 -0.43467572
v 0.29838737 -0.45930314 -0.44958657
v 0.29162484 -0.45675751 -0.46448537
v 0.30170095 -0.44464686 -0.44853347
v 0.29481744 -0.44205674 -0.46373003
v 0.28683677 -0.43968915 -0.47897574
v 0.29751515 -0.42762255 -0.46195551
v 0.28934696 -0.42532247 -0.47763791
v 0.28016963 -0.42313078 -0.49333486
v 0.27786982 -0.43748769 -0.49417835
v 0.26996642 -0.42096772 -0.50881511
v 0.26795348 -0.43542674 -0.5091719
v 0.25898194 -0.41886389 -0.52401244
v 0.25734809 -0.4335398 -0.52389651
v 0.24733825 -0.41687938 -0.53881013
v 0.24611663 -0.43177825 -0.53827935
v 0.23514516 -0.4149841 -0.55315214
v 0.23433685 -0.43018716 -0.55220764
v 0.22248597 -0.41324874 -0.56695264
v 0.22215266 -0.42883256 -0.56563121
v 0.23574665 -0.4002344 -0.55313652
v 0.22263641 -0.39813488 -0.56727886
v 0.23620562 -0.38600161 -0.55200922
v 0.22270403 -0.38350883 -0.56648075
v 0.23637785 -0.37220627 -0.5498107
v 0.22259402 -0.36940285 -0.56464481
v 0.23623274 -0.35887876 -0.54664498
v 0.22219997 -0.35577008 -0.56166845
v 0.23569598 -0.3459897 -0.54242962
v 0.22155179 -0.34260773 -0.55752408
v 0.23469124 -0.3335365 -0.53720414
v 0.22057184 -0.32993102 -0.55231535
v 0.2332631 -0.32151737 -0.53112179
v 0.21929474 -0.31777489 -0.54620695
v 0.2313009 -0.30995771 -0.52428847
v 0.21762169 -0.30617964 -0.5393117
v 0.22874914 -0.29881739 -0.51689308
v 0.21558488 -0.29504248 -0.53197985
v 0.22562521 -0.28793281 -0.50946521
v 0.21301101 -0.28437998 -0.52459311
v 0.22177541 -0.27701404 -0.50258725
v 0.20968587 -0.27362376 -0.51777988
v 0.21715402 -0.26590412 -0.49654418
v 0.20563305 -0.26273521 -0.51172071
v 0.2121028 -0.25459942 -0.49090877
v 0.20104385 -0.25150567 -0.5060271
v 0.2069714 -0.24322252 -0.48543161
v 0.19624036 -0.24011857 -0.5005089
v 0.20190927 -0.23185233 -0.47991666
v 0.1915317 -0.22877502 -0.4949558
v 0.19705258 -0.22058764 -0.47409498
v 0.18703332 -0.21737371 -0.48907151
v 0.19253869 -0.20959314 -0.46773153
v 0.18284709 -0.20592929 -0.48261591
v 0.18850892 -0.19896556 -0.46069255
v 0.17912896 -0.19459642 -0.47525551
v 0.18523046 -0.18841925 -0.45307841
v 0.17603367 -0.18355169 -0.46707573
v 0.18286742 -0.17772117 -0.44497317
v 0.17371645 -0.17260523 -0.45847365
v 0.18109197 -0.16725437 -0.43664526
v 0.17205627 -0.16193313 -0.44967401
v 0.17953021 -0.15666675 -0.4277358
v 0.17074857 -0.15121078 -0.44017431
v 0.17791676 -0.14606601 -0.41840878
v 0.16953906 -0.14047709 -0.42988258
v 0.17616841 -0.13551163 -0.40827778
v 0.16816625 -0.13006644 -0.41931146
v 0.17387586 -0.12522354 -0.39763915
v 0.16609729 -0.11977569 -0.40810501
v 0.16339406 -0.10979124 -0.39642649
v 0.18424557 -0.14017243 -0.39617034
v 0.18629418 -0.1506807 -0.40549621
v 0.19472184 -0.154621 -0.39185693
v 0.18808664 -0.16125513 -0.41423925
v 0.19658817 -0.16510964 -0.40001517
v 0.20510627 -0.16863142 -0.38539311
v 0.19834829 -0.17562967 -0.40773919
v 0.20672662 -0.17914472 -0.39271405
v 0.21489006 -0.18266384 -0.37777957
v 0.20828086 -0.18984605 -0.3999865
v 0.21616433 -0.19342182 -0.38496062
v 0.22351306 -0.19731894 -0.37026378
v 0.21759006 -0.20430922 -0.39191743
v 0.22472629 -0.20823048 -0.37709975
v 0.23113015 -0.21248474 -0.36254406
v 0.22638927 -0.21900163 -0.38362866
v 0.23250031 -0.22330471 -0.36893847
v 0.23790442 -0.2280004 -0.35442024
v 0.2349119 -0.23398061 -0.37525388
v 0.23985348 -0.23865614 -0.36058321
v 0.24422441 -0.24369183 -0.34597221
v 0.24359104 -0.2488594 -0.36667752
v 0.24735339 -0.25393906 -0.35189348
v 0.25064 -0.25940525 -0.33718675
v 0.25291967 -0.26335161 -0.35768139
v 0.25629037 -0.26851439 -0.34273853
v 0.25897353 -0.27404633 -0.32756447
v 0.2634924 -0.27678906 -0.34785533
v 0.26633894 -0.28179571 -0.33223143
v 0.27138972 -0.28481397 -0.35266479
v 0.27418622 -0.28938552 -0.33668801
v 0.27921667 -0.29339486 -0.3572191
v 0.28188774 -0.29751989 -0.34093552
v 0.28676128 -0.30245006 -0.36176464
v 0.28920912 -0.3063122 -0.34520483
v 0.29390564 -0.3119786 -0.36636403
v 0.29610344 -0.31562542 -0.34948197
v 0.30046477 -0.32191142 -0.37102106
v 0.30251014 -0.32543876 -0.35389316
v 0.30329173 -0.32954838 -0.33720797
v 0.30823132 -0.33585831 -0.35865563
v 0.30904752 -0.33991125 -0.34218272
v 0.3090389 -0.34435448 -0.32640981
v 0.31420227 -0.35095205 -0.34763711
v 0.31441268 -0.35537222 -0.3322485
v 0.31395769 -0.35990688 -0.31784808
v 0.31907784 -0.36713188 -0.33859622
v 0.31898266 -0.37153008 -0.32445028
v 0.31835269 -0.37584626 -0.31092956
v 0.32307159 -0.38378757 -0.3309476
v 0.3227359 -0.38792681 -0.31736478
v 0.32193985 -0.39182514 -0.30430096
v 0.32597041 -0.40051046 -0.32334318
v 0.32535547 -0.4041334 -0.30988672
v 0.32407471 -0.40744084 -0.29679277
v 0.32748782 -0.41671043 -0.31478089
v 0.32633572 -0.41968905 -0.30130505
v 0.32457599 -0.42230975 -0.28808036
v 0.32747453 -0.4320589 -0.30518674
v 0.32557156 -0.43411424 -0.29135304
v 0.3236278 -0.43564677 -0.27781018
v 0.32569363 -0.44591489 -0.29392871
v 0.32376572 -0.44685092 -0.27982556
v 0.32769927 -0.44725143 -0.26588699
v 0.32295021 -0.45807367 -0.28157147
v 0.32722312 -0.45848047 -0.26727771
v 0.3300538 -0.45807454 -0.25212493
v 0.32564663 -0.46971955 -0.26825577
v 0.32889986 -0.46935614 -0.25312566
v 0.33001694 -0.46815303 -0.23751796
v 0.3267028 -0.48066136 -0.25394064
v 0.32790342 -0.47939798 -0.23843242
v 0.32766071 -0.47744774 -0.22280618
v 0.32455647 -0.49053335 -0.23905268
v 0.32484778 -0.48847758 -0.22346302
v 0.3241724 -0.48593282 -0.20783864
v 0.32058963 -0.49914598 -0.22384347
v 0.32020098 -0.49643397 -0.20827871
v 0.31911864 -0.49358311 -0.19293046
v 0.31466803 -0.5063138 -0.20857177
v 0.31386891 -0.50333821 -0.19334462
v 0.31242382 -0.50032097 -0.17845092
v 0.3071874 -0.51231187 -0.19375413
v 0.30610588 -0.50931644 -0.17899334
v 0.30449438 -0.50634056 -0.16439987
v 0.29860612 -0.51736491 -0.1795762
v 0.29755312 -0.51454877 -0.1650349
v 0.29602563 -0.51191741 -0.15068356
v 0.29932597 -0.52052998 -0.19408762
v 0.30769497 -0.51541107 -0.20864877
v 0.29945498 -0.52366691 -0.20855477
v 0.30737519 -0.5184744 -0.22381632
v 0.29868751 -0.52677911 -0.22346501
v 0.30601805 -0.52114903 -0.23872607
v 0.29671332 -0.52947431 -0.23777994
v 0.30328887 -0.52267146 -0.25315022
v 0.29359087 -0.53113508 -0.25157412
v 0.29944708 -0.52282244 -0.26666438
v 0.29003286 -0.53167831 -0.26482674
v 0.29807674 -0.52459871 -0.28027769
v 0.29000595 -0.53506308 -0.27806863
v 0.28076291 -0.54511851 -0.27532953
v 0.29046264 -0.53785902 -0.29179957
v 0.28073522 -0.54786038 -0.28899848
v 0.26955056 -0.55658096 -0.28593698
v 0.28072264 -0.54954254 -0.30308017
v 0.26922315 -0.55828994 -0.29993048
v 0.28070825 -0.55043608 -0.31740564
v 0.29079821 -0.53943151 -0.30595165
v 0.29097586 -0.54011595 -0.32044401
v 0.2907921 -0.54012626 -0.33513903
v 0.2996245 -0.5287413 -0.32310417
v 0.29955798 -0.52854847 -0.33804905
v 0.29880994 -0.52783876 -0.35310295
v 0.30688953 -0.5162962 -0.34047734
v 0.30604586 -0.51525241 -0.35575589
v 0.30446362 -0.5138514 -0.37102738
v 0.31201195 -0.50228214 -0.35772961
v 0.31029185 -0.50052005 -0.37311992
v 0.3078238 -0.49846807 -0.38847529
v 0.31511899 -0.48699998 -0.3742249
v 0.31255713 -0.48457637 -0.38956648
v 0.3092558 -0.4820224 -0.40474295
v 0.31652379 -0.4706695 -0.38947105
v 0.31319543 -0.46777844 -0.4046376
v 0.30912366 -0.46488153 -0.41968193
v 0.31658834 -0.45357459 -0.40334385
v 0.31250935 -0.45043519 -0.41838082
v 0.30756756 -0.44744047 -0.43343144
v 0.31527936 -0.43603414 -0.41585654
v 0.31040689 -0.43294113 -0.43106219
v 0.30452534 -0.4301373 -0.44641524
v 0.31257748 -0.41860735 -0.42767491
v 0.30669859 -0.41583994 -0.44336342
v 0.29959997 -0.41345003 -0.45933991
v 0.30812355 -0.40185639 -0.43962141
v 0.30099681 -0.39960345 -0.45608043
v 0.29264679 -0.39755934 -0.47265166
v 0.29135137 -0.41128239 -0.47550138
v 0.28314068 -0.39550852 -0.48912304
v 0.28194299 -0.40915542 -0.49159681
v 0.27263444 -0.39331865 -0.50537174
v 0.27152657 -0.40697017 -0.50750511
v 0.26125913 -0.39096626 -0.52132839
v 0.26030826 -0.40470516 -0.52315414
v 0.24907022 -0.38851434 -0.53690302
v 0.24833492 -0.40244382 -0.53837341
v 0.26174292 -0.37759482 -0.51860362
v 0.24944168 -0.37496119 -0.53440278
v 0.26167944 -0.36449995 -0.51502728
v 0.24942 -0.36180362 -0.53100907
v 0.26100853 -0.35173788 -0.51062327
v 0.24887713 -0.34901025 -0.52669501
v 0.25966227 -0.33931246 -0.50539732
v 0.24775564 -0.33660715 -0.52145969
v 0.25769111 -0.32721319 -0.4994302
v 0.24607312 -0.32456386 -0.51539671
v 0.25496208 -0.31545797 -0.49275419
v 0.24374218 -0.31291079 -0.50863313
v 0.25153178 -0.30406794 -0.48564475
v 0.24073785 -0.30160647 -0.50140011
v 0.2474114 -0.29293105 -0.47855711
v 0.2370527 -0.29059296 -0.49412334
v 0.24257659 -0.2819671 -0.47191217
v 0.23268249 -0.27961114 -0.48731708
v 0.23718068 -0.27100229 -0.46583259
v 0.22764681 -0.26847261 -0.48127436
v 0.23149974 -0.25997722 -0.46024587
v 0.22226949 -0.25728818 -0.47566953
v 0.22573921 -0.24892744 -0.4547407
v 0.21681444 -0.24604822 -0.47018855
v 0.2200241 -0.23806832 -0.44905525
v 0.21144191 -0.2348876 -0.46461197
v 0.21451234 -0.22759154 -0.44299402
v 0.20628927 -0.22399258 -0.45870021
v 0.20940779 -0.21745196 -0.43649253
v 0.20146204 -0.21346671 -0.45221823
v 0.20520666 -0.20728649 -0.42965847
v 0.19721105 -0.20319597 -0.44534623
v 0.20213006 -0.19686617 -0.42256611
v 0.19389125 -0.19284704 -0.43805155
v 0.20005403 -0.18621686 -0.41522622
v 0.19162164 -0.18227422 -0.43042999
v 0.18980646 -0.17174729 -0.42249393
v 0.21001574 -0.20060831 -0.4070779
v 0.21267008 -0.21120883 -0.41399422
v 0.2196964 -0.21507023 -0.39860874
v 0.21653556 -0.22148744 -0.42071086
v 0.22326119 -0.22543533 -0.40522727
v 0.22935278 -0.22959171 -0.39007625
v 0.2281629 -0.23547004 -0.41171035
v 0.23396623 -0.23969556 -0.39649236
v 0.23901581 -0.24421478 -0.38150644
v 0.23992511 -0.24942983 -0.40264466
v 0.24496349 -0.25375515 -0.38758522
v 0.24918314 -0.25845542 -0.37261492
v 0.25179004 -0.26324743 -0.39334085
v 0.25622594 -0.2675479 -0.37819787
v 0.26007947 -0.27202147 -0.36308112
v 0.26364356 -0.27679982 -0.38357642
v 0.26781699 -0.28068274 -0.36823344
v 0.27113768 -0.2864699 -0.3887825
v 0.27558723 -0.28975853 -0.37315771
v 0.27862754 -0.29620197 -0.39407619
v 0.28319445 -0.29914104 -0.37807872
v 0.28571736 -0.30602932 -0.39966863
v 0.29043677 -0.30879277 -0.38314712
v 0.29210832 -0.31623578 -0.40537589
v 0.29703348 -0.31887087 -0.3882763
v 0.297526 -0.32689461 -0.41095131
v 0.30269306 -0.32939541 -0.39339914
v 0.30622533 -0.33233517 -0.37581902
v 0.30722835 -0.34048879 -0.39850032
v 0.31093755 -0.34343281 -0.38086703
v 0.31313821 -0.34694248 -0.36384072
v 0.31454718 -0.35517123 -0.38619729
v 0.31708699 -0.3587183 -0.3694745
v 0.31851506 -0.36277207 -0.35357764
v 0.31995728 -0.37115877 -0.37541055
v 0.32181978 -0.37523943 -0.35981139
v 0.32272517 -0.37953931 -0.34505066
v 0.32403838 -0.38820943 -0.36600258
v 0.3253749 -0.39240932 -0.35135045
v 0.32600149 -0.39656049 -0.33715823
v 0.3268722 -0.40568503 -0.35725662
v 0.32780107 -0.40963515 -0.34286469
v 0.3280012 -0.41333565 -0.32869049
v 0.32841298 -0.42289814 -0.34787988
v 0.32883039 -0.42632451 -0.33334624
v 0.32848838 -0.42943126 -0.31906709
v 0.32861492 -0.43940016 -0.33724328
v 0.32844534 -0.44220098 -0.32264801
v 0.32749521 -0.44441494 -0.30823999
v 0.32733476 -0.45491558 -0.32528957
v 0.32644158 -0.45668467 -0.31048187
v 0.32483056 -0.45771604 -0.29587632
v 0.32454463 -0.46889996 -0.31197431
v 0.32301133 -0.4694786 -0.29717826
v 0.32133269 -0.46934083 -0.28261026
v 0.3202728 -0.48113578 -0.29781562
v 0.31865221 -0.48061135 -0.28324905
v 0.32297143 -0.48089301 -0.26889446
v 0.31531173 -0.49178442 -0.28335803
v 0.31937101 -0.4921104 -0.26922479
v 0.32324197 -0.49194952 -0.25451201
v 0.31425276 -0.50302869 -0.26902231
v 0.31803485 -0.50281119 -0.25452911
v 0.3199374 -0.50138503 -0.23931352
v 0.31138476 -0.51313531 -0.2540799
v 0.31381189 -0.51170343 -0.23920665
v 0.31470277 -0.50918024 -0.22397036
v 0.3074634 -0.51328533 -0.26811564
v 0.31045278 -0.50272685 -0.28298389
v 0.30472442 -0.51370453 -0.2819688
v 0.31184753 -0.5043472 -0.29723456
v 0.30597415 -0.51582777 -0.29599368
v 0.29883751 -0.52710074 -0.29419264
v 0.30677446 -0.51682251 -0.31047692
v 0.29943457 -0.52838373 -0.30843767
v 0.30712819 -0.51690548 -0.32534462
v 0.31288158 -0.5050174 -0.31192502
v 0.31326997 -0.50468576 -0.32698494
v 0.31300568 -0.5037322 -0.34228441
v 0.31825634 -0.49234777 -0.32784682
v 0.31800648 -0.49102887 -0.34327614
v 0.31692087 -0.48917365 -0.3587571
v 0.32200634 -0.47827863 -0.34326669
v 0.32094007 -0.47602385 -0.35872015
v 0.31911131 -0.4734396 -0.37415993
v 0.32414108 -0.46282959 -0.3575873
v 0.32236272 -0.45988106 -0.37295293
v 0.31983572 -0.45675835 -0.38818994
v 0.32486495 -0.44634759 -0.37051644
v 0.3224557 -0.44285157 -0.38567704
v 0.31926134 -0.43939566 -0.40077176
v 0.3242523 -0.42901814 -0.38197085
v 0.32124206 -0.42528712 -0.39704534
v 0.31737706 -0.42175996 -0.4122563
v 0.3224186 -0.41132906 -0.39243084
v 0.3187468 -0.40766903 -0.40779799
v 0.31400686 -0.40451768 -0.42350852
v 0.31920036 -0.39387387 -0.40271273
v 0.31460994 -0.39073765 -0.41882136
v 0.3087686 -0.38820168 -0.43541404
v 0.31426721 -0.37738984 -0.41383856
v 0.30850601 -0.37496131 -0.43093106
v 0.30137604 -0.37298029 -0.44822225
v 0.30161231 -0.38610374 -0.45233058
v 0.29299381 -0.37111106 -0.46539521
v 0.29319566 -0.38417059 -0.46924862
v 0.28350058 -0.36913326 -0.4822514
v 0.2836689 -0.38217991 -0.48598417
v 0.27302569 -0.3669542 -0.49877145
v 0.27317321 -0.37999597 -0.50245219
v 0.28244581 -0.35641977 -0.47786241
v 0.27216628 -0.35421329 -0.49436798
v 0.28064766 -0.34401351 -0.47288236
v 0.27061131 -0.34175449 -0.48925587
v 0.27795705 -0.33197993 -0.46719285
v 0.26821407 -0.32967603 -0.48335367
v 0.27441257 -0.32035276 -0.46088171
v 0.26509508 -0.31793168 -0.47683751
v 0.2701033 -0.30910921 -0.45413094
v 0.26125547 -0.30653375 -0.46987995
v 0.26504954 -0.29816055 -0.44725206
v 0.25665676 -0.29542195 -0.46286749
v 0.25941869 -0.28749644 -0.44075879
v 0.25145539 -0.28457677 -0.45629221
v 0.25333347 -0.27683687 -0.43481832
v 0.24573077 -0.27375826 -0.45029988
v 0.24699592 -0.26607167 -0.42930308
v 0.2397433 -0.26289236 -0.44474026
v 0.24056357 -0.25547877 -0.42379111
v 0.23363256 -0.25204941 -0.43923041
v 0.23417575 -0.2453484 -0.41792187
v 0.22755774 -0.2415564 -0.43341955
v 0.221763 -0.23143653 -0.42721319
v 0.24658423 -0.25923675 -0.40850192
v 0.25334501 -0.26948523 -0.41403225
v 0.25885105 -0.27307242 -0.3988212
v 0.26002112 -0.2800439 -0.41950461
v 0.2659361 -0.28325563 -0.40418982
v 0.26662144 -0.29051268 -0.4253191
v 0.27305278 -0.29339632 -0.40979334
v 0.27278092 -0.30089855 -0.43165639
v 0.27974563 -0.30348777 -0.41583004
v 0.27829417 -0.31155338 -0.43826386
v 0.28576937 -0.31384527 -0.42204666
v 0.28304156 -0.32259818 -0.44469654
v 0.29083409 -0.32473024 -0.4280793
v 0.28691345 -0.3341051 -0.45070046
v 0.29497855 -0.33607083 -0.43374097
v 0.30185353 -0.338115 -0.41627621
v 0.29804027 -0.34794884 -0.43894484
v 0.30503147 -0.34992018 -0.42134988
v 0.31066384 -0.35222685 -0.40363916
v 0.30731281 -0.36219036 -0.42625537
v 0.31293445 -0.36455398 -0.40874546
v 0.31711399 -0.36754107 -0.39170974
v 0.31867194 -0.38046625 -0.39726951
v 0.3218683 -0.38413268 -0.38134744
v 0.32266303 -0.39756989 -0.38709744
v 0.32516515 -0.40160533 -0.3719469
v 0.32523503 -0.41525712 -0.37734291
v 0.3271912 -0.41918382 -0.36251977
v 0.32645785 -0.43278896 -0.36695358
v 0.32793754 -0.43626749 -0.35202601
v 0.32649853 -0.4496254 -0.35532045
v 0.32731348 -0.45250308 -0.34025135
v 0.32509827 -0.46543842 -0.34225371
v 0.3252218 -0.46747934 -0.32701519
v 0.3222495 -0.47997212 -0.32786944
v 0.32165005 -0.48099145 -0.31273946
v 0.31778347 -0.49302217 -0.31270149
v 0.31654515 -0.49274852 -0.29787093
v 0.30022117 -0.36023032 -0.44377932
v 0.2898435 -0.34604442 -0.45613691
v 0.29184705 -0.35839629 -0.46101018
v 0.19107052 -0.31984162 -0.14720296
v 0.20081102 -0.31567692 -0.15856501
v 0.19761543 -0.30894884 -0.15873315
v 0.20723135 -0.30437752 -0.17042785
v 0.20534198 -0.29720905 -0.16856002
v 0.21437978 -0.29226547 -0.18137082
v 0.21378834 -0.28497999 -0.1775175
v 0.22306872 -0.27942216 -0.19006647
v 0.21580101 -0.2788763 -0.17149585
v 0.22415629 -0.2724781 -0.18442522
v 0.23201805 -0.26638689 -0.19807548
v 0.22571526 -0.26540589 -0.17922842
v 0.23243585 -0.25820687 -0.19289806
v 0.23847141 -0.25180402 -0.20694313
v 0.2322386 -0.24929325 -0.18816633
v 0.23771347 -0.24245768 -0.2018996
v 0.24180701 -0.23615972 -0.21604679
v 0.23713685 -0.23258753 -0.19653168
v 0.24071519 -0.22614215 -0.21038195
v 0.24262312 -0.21966074 -0.22411358
v 0.23830327 -0.21572753 -0.20455941
v 0.24076227 -0.20919174 -0.21780638
v 0.24181503 -0.20255869 -0.2310964
v 0.23704627 -0.19886291 -0.21151582
v 0.23807144 -0.1922301 -0.22468948
v 0.23775921 -0.18579134 -0.23815816
v 0.23369854 -0.18218626 -0.21825631
v 0.23328155 -0.17584011 -0.23174108
v 0.23120813 -0.16993151 -0.24527314
v 0.22754898 -0.16646267 -0.22526669
v 0.22591359 -0.16044156 -0.23860086
v 0.22296229 -0.15494926 -0.25157499
v 0.21904932 -0.15200199 -0.23184567
v 0.2174469 -0.14569631 -0.24435752
v 0.21514818 -0.13965591 -0.25670966
v 0.2110264 -0.1369899 -0.23731014
v 0.2086384 -0.13106837 -0.24949908
v 0.205719 -0.12549385 -0.26170513
v 0.20169368 -0.12279202 -0.24257789
v 0.19897428 -0.11721924 -0.254462
v 0.1957626 -0.11189936 -0.26640939
v 0.1919969 -0.10903719 -0.24738901
v 0.18901735 -0.10373017 -0.25884729
v 0.18545106 -0.09861667 -0.27028268
v 0.1821661 -0.0955775 -0.25126704
v 0.17886132 -0.09043338 -0.26214274
v 0.17491027 -0.08551491 -0.27288508
v 0.17230971 -0.08225955 -0.25401949
v 0.16862946 -0.07725948 -0.26418829
v 0.16428192 -0.0725075 -0.27396765
v 0.16233195 -0.06915771 -0.25539642
v 0.15824732 -0.06426273 -0.26467472
v 0.1535415 -0.05959672 -0.27353546
v 0.15215608 -0.05647281 -0.25544959
v 0.14765168 -0.0516001 -0.26373165
v 0.14265687 -0.0469149 -0.27144742
v 0.14161105 -0.04430421 -0.25386357
v 0.13678763 -0.03948738 -0.2610054
v 0.13156774 -0.03481244 -0.26759871
v 0.13101385 -0.03263936 -0.25063306
v 0.12598218 -0.02784082 -0.25662618
v 0.1205315 -0.02325088 -0.26207631
v 0.12313485 -0.0192012 -0.24634765
v 0.1177728 -0.01447458 -0.25134745
v 0.11196415 -0.01001727 -0.2560096
v 0.11945868 -0.00356812 -0.24289074
v 0.11391846 0.00128449 -0.24742649
v 0.10810704 0.0059987 -0.25163891
v 0.11608277 0.01195174 -0.23819984
v 0.11077156 0.01689729 -0.24225482
v 0.10504157 0.02211423 -0.24585813
v 0.11412173 0.02598092 -0.23190969
v 0.1088513 0.03104897 -0.23572662
v 0.10312061 0.03652923 -0.23901639
v 0.11281735 0.03703816 -0.22627501
v 0.10780647 0.04237446 -0.22927928
v 0.1019701 0.04884769 -0.23138721
v 0.11258525 0.04618534 -0.22045685
v 0.10760102 0.05231009 -0.22191005
v 0.10275033 0.05959973 -0.22144055
v 0.11460214 0.054535 -0.21305209
v 0.11005002 0.06070777 -0.21233667
v 0.1064407 0.06768009 -0.20945569
v 0.09806402 0.06759422 -0.21866011
v 0.1042758 0.07498896 -0.20436655
v 0.0956318 0.07563611 -0.2111628
v 0.10278455 0.08161983 -0.19755409
v 0.093996 0.08244847 -0.20287695
v 0.0848516 0.08386047 -0.20897322
v 0.0930238 0.08823319 -0.19369401
v 0.08458505 0.09002938 -0.19844645
v 0.09292522 0.09328953 -0.1841481
v 0.0850038 0.09504175 -0.18761697
v 0.09405728 0.09696896 -0.17404545
v 0.08612996 0.09887468 -0.17660601
v 0.09553244 0.09845396 -0.16324655
v 0.08802863 0.10116974 -0.16553771
v 0.09841555 0.10336419 -0.15364058
v 0.09017621 0.10308687 -0.15521274
v 0.1021803 0.1044237 -0.16337719
v 0.10174435 0.11016124 -0.15478633
v 0.1048339 0.11303575 -0.1648073
v 0.10373571 0.11827273 -0.15622742
v 0.10391518 0.12288367 -0.14814306
v 0.10584838 0.12837672 -0.15873168
v 0.10630509 0.13308124 -0.15109583
v 0.10801032 0.1363767 -0.14426797
v 0.10957784 0.14512965 -0.15593795
v 0.11160672 0.1489091 -0.14946053
v 0.11523988 0.1515332 -0.14401708
v 0.11643441 0.16225133 -0.15736821
v 0.12003278 0.16542002 -0.1521642
v 0.12515191 0.16684551 -0.14813573
v 0.12024777 0.15284045 -0.13984035
v 0.13142554 0.16648383 -0.14581343
v 0.12648388 0.15277792 -0.13734582
v 0.13765123 0.16444775 -0.14559005
v 0.13285389 0.15127457 -0.13708685
v 0.14236913 0.16081221 -0.14800703
v 0.13832166 0.148515 -0.13932779
v 0.14485092 0.15660999 -0.15210145
v 0.14104841 0.1450272 -0.14414656
v 0.1444505 0.15242287 -0.15745891
v 0.14086403 0.14165681 -0.14991751
v 0.14198455 0.14879544 -0.16294601
v 0.13828606 0.13877409 -0.15556706
v 0.13539476 0.12790392 -0.14999006
v 0.13486777 0.13512066 -0.16254249
v 0.13206766 0.12504787 -0.1566918
v 0.12930721 0.11497311 -0.15170072
v 0.13013869 0.1203874 -0.16528862
v 0.12780536 0.1105901 -0.16023173
v 0.12583832 0.10083766 -0.15579353
v 0.12877883 0.10502301 -0.16895827
v 0.13125638 0.11401993 -0.17430241
v 0.13467903 0.10588306 -0.1832378
v 0.13201509 0.09790359 -0.17728313
v 0.13901527 0.09591015 -0.1914034
v 0.1360882 0.08878775 -0.1845743
v 0.14369751 0.08574882 -0.19738526
v 0.14047348 0.07941658 -0.18963439
v 0.13720718 0.07359702 -0.18173252
v 0.13316665 0.06899225 -0.17322114
v 0.14649865 0.07104978 -0.19288303
v 0.14286708 0.0658947 -0.18438552
v 0.13858336 0.06142294 -0.17593608
v 0.13408312 0.05841803 -0.16752314
v 0.12883363 0.06671683 -0.1644621
v 0.149155 0.05934233 -0.18513786
v 0.14484408 0.05481256 -0.17697022
v 0.14020523 0.05085006 -0.16940797
v 0.15017573 0.0481166 -0.17815369
v 0.14546343 0.04377676 -0.17108817
v 0.15146786 0.04059994 -0.18270908
v 0.14688096 0.03640587 -0.17550139
v 0.14240101 0.0225046 -0.1764453
v 0.14517571 0.01521362 -0.16985358
v 0.14197203 0.01281318 -0.18517921
v 0.14581631 0.00540692 -0.17863127
v 0.14948263 -0.00322843 -0.17140574
v 0.14927555 0.00568667 -0.162227
v 0.14170648 0.00321175 -0.19440704
v 0.14575745 -0.00411389 -0.18773423
v 0.14936937 -0.01226141 -0.18054491
v 0.15252634 -0.02131474 -0.17321249
v 0.15266838 -0.01306184 -0.16392721
v 0.14505611 -0.01356536 -0.19662982
v 0.1486215 -0.02134084 -0.18949741
v 0.15183199 -0.02977681 -0.18223822
v 0.15518595 -0.03899113 -0.17493088
v 0.155708 -0.03120933 -0.16593742
v 0.1475428 -0.0302425 -0.19811014
v 0.15075001 -0.0382031 -0.19073896
v 0.15425467 -0.04687074 -0.18335659
v 0.15803133 -0.0561154 -0.17581355
v 0.15889725 -0.04879584 -0.1675193
v 0.14940094 -0.04630323 -0.19862169
v 0.15277679 -0.05448716 -0.19098475
v 0.15635618 -0.06318397 -0.18323911
v 0.15980662 -0.07204091 -0.17520001
v 0.1616365 -0.06547717 -0.16786411
v 0.15093892 -0.06194612 -0.19804877
v 0.15413205 -0.07016942 -0.18998628
v 0.15754574 -0.07848451 -0.18168367
v 0.16024932 -0.08682272 -0.17295891
v 0.1625397 -0.08099073 -0.16659759
v 0.15486921 -0.07661339 -0.19704571
v 0.15786196 -0.08458077 -0.18832935
v 0.16008187 -0.09260769 -0.17932686
v 0.16161559 -0.10060855 -0.17008791
v 0.16187062 -0.09522901 -0.16386954
v 0.16217294 -0.08950122 -0.19468116
v 0.16383963 -0.09748003 -0.18547163
v 0.16470101 -0.10548637 -0.17598731
v 0.16474874 -0.11347749 -0.16613066
v 0.16197328 -0.1088234 -0.16063767
v 0.16963893 -0.10172268 -0.19084394
v 0.17013099 -0.10961391 -0.18087375
v 0.17598508 -0.10629784 -0.19583581
v 0.17627798 -0.11382918 -0.18534368
v 0.18301808 -0.11225865 -0.20140782
v 0.18327423 -0.11922606 -0.19036175
v 0.19026561 -0.11908869 -0.20702284
v 0.19053408 -0.12568289 -0.19553265
v 0.19772484 -0.12665657 -0.2127915
v 0.19803968 -0.13295902 -0.20099376
v 0.20522695 -0.13482663 -0.21876427
v 0.20524795 -0.14115108 -0.20691967
v 0.2121388 -0.14349685 -0.22522601
v 0.2131287 -0.14927178 -0.21274319
v 0.22088913 -0.1575794 -0.21882049
v 0.22060135 -0.16368675 -0.20596456
v 0.22769413 -0.17262488 -0.21197538
v 0.22575694 -0.17934353 -0.19939242
v 0.23182807 -0.18896466 -0.20547986
v 0.22913663 -0.19558009 -0.19281801
v 0.23506404 -0.20534661 -0.19843338
v 0.23139619 -0.21198938 -0.18557834
v 0.23523171 -0.2222778 -0.19100728
v 0.23124642 -0.22886438 -0.17778335
v 0.23288571 -0.23937481 -0.18285389
v 0.22813284 -0.24630256 -0.16980242
v 0.22750382 -0.25693061 -0.17449654
v 0.22120271 -0.26364293 -0.16141407
v 0.21860805 -0.2727459 -0.16606335
v 0.20385447 -0.1286816 -0.23071399
v 0.19645923 -0.12053983 -0.22444383
v 0.19447287 -0.11463946 -0.23592536
v 0.18908612 -0.11277567 -0.21831449
v 0.18721622 -0.10664004 -0.22935578
v 0.1849105 -0.10095485 -0.24030339
v 0.18005317 -0.09899947 -0.22273205
v 0.17787636 -0.0929922 -0.23316454
v 0.17535756 -0.08750137 -0.24363097
v 0.17106169 -0.08566851 -0.22609877
v 0.16866083 -0.0798145 -0.23599737
v 0.16581599 -0.07435873 -0.24580641
v 0.1620094 -0.07290371 -0.22840042
v 0.1593213 -0.06708391 -0.23766563
v 0.15604136 -0.06164263 -0.24669158
v 0.15271624 -0.0607105 -0.22960917
v 0.14954446 -0.05494309 -0.23798188
v 0.14587324 -0.04940535 -0.2461524
v 0.14338785 -0.04877403 -0.22963963
v 0.1395439 -0.04319887 -0.23710151
v 0.13547812 -0.03781342 -0.24417913
v 0.13727389 -0.03494017 -0.22831815
v 0.13297526 -0.02935555 -0.23483802
v 0.1282784 -0.02409008 -0.24079224
v 0.13450776 -0.01959553 -0.22681891
v 0.12975046 -0.01396819 -0.23261901
v 0.12475583 -0.00864278 -0.23795363
v 0.13091896 -0.00370092 -0.22403794
v 0.1260932 0.0018418 -0.22919511
v 0.12119127 0.00709953 -0.23371215
v 0.12765397 0.01212207 -0.21967904
v 0.12332218 0.01695259 -0.22390595
v 0.11892894 0.02129769 -0.22797898
v 0.12523828 0.02509147 -0.21522763
v 0.12159319 0.02870305 -0.21883685
v 0.11748204 0.03257563 -0.22267164
v 0.1261959 0.03512195 -0.21226778
v 0.12177681 0.03760005 -0.21537546
v 0.11722374 0.04136613 -0.21794733
v 0.12886174 0.04266144 -0.21289719
v 0.12395492 0.04548765 -0.21277147
v 0.11925487 0.04949656 -0.21296745
v 0.1315394 0.04975895 -0.21660512
v 0.12806725 0.05393806 -0.21457088
v 0.12436328 0.05908819 -0.21270534
v 0.13322314 0.0576986 -0.22210972
v 0.12974034 0.06304803 -0.21956609
v 0.12654025 0.06907102 -0.21659223
v 0.12046241 0.06457059 -0.21039284
v 0.12326885 0.07596631 -0.21254225
v 0.11686372 0.07083599 -0.20699954
v 0.12008644 0.0836177 -0.20756714
v 0.11435199 0.07796179 -0.20264694
v 0.1172339 0.09176176 -0.20116485
v 0.11203435 0.08523132 -0.19684664
v 0.11432015 0.09998881 -0.19374111
v 0.11009406 0.09271962 -0.19010457
v 0.10179077 0.08778528 -0.18967117
v 0.10810046 0.10001541 -0.18239572
v 0.10141261 0.09402406 -0.18164959
v 0.10650356 0.10680098 -0.17371951
v 0.1020332 0.09946415 -0.1727321
v 0.11139445 0.10791498 -0.18540054
v 0.10860853 0.11496457 -0.17623604
v 0.10670141 0.12201806 -0.16711068
v 0.11117818 0.12492203 -0.18017597
v 0.10940762 0.13316187 -0.17091712
v 0.10898471 0.14013153 -0.16311262
v 0.11349376 0.14534091 -0.17740711
v 0.11330012 0.1523883 -0.16988864
v 0.11418555 0.15799342 -0.16327159
v 0.11872287 0.16381931 -0.17951121
v 0.12010726 0.16973345 -0.1736817
v 0.12278623 0.17433701 -0.16846573
v 0.12675671 0.18003743 -0.1862121
v 0.12977922 0.18492183 -0.18147654
v 0.13394117 0.18834286 -0.17701309
v 0.12654914 0.17765274 -0.163753
v 0.13928081 0.18962614 -0.17325639
v 0.13170945 0.17905925 -0.15986864
v 0.14501905 0.18895211 -0.17047022
v 0.13765728 0.17823207 -0.1576541
v 0.15041333 0.18578539 -0.16962057
v 0.14351208 0.17582579 -0.1570018
v 0.15408083 0.18085828 -0.17079591
v 0.14816778 0.17184779 -0.1583863
v 0.15548883 0.17516945 -0.173587
v 0.14973725 0.16674242 -0.16214788
v 0.15423542 0.16983424 -0.17748785
v 0.14882421 0.16191943 -0.16686606
v 0.15134599 0.16504183 -0.18192437
v 0.14633452 0.15759055 -0.17200011
v 0.14778564 0.15985076 -0.18717686
v 0.14294691 0.1528878 -0.17804637
v 0.13861493 0.14454291 -0.16970923
v 0.140858 0.14600537 -0.18559987
v 0.13671349 0.13839483 -0.17801119
v 0.13315522 0.12965863 -0.17129074
v 0.13738256 0.13039463 -0.18666407
v 0.13417549 0.12254802 -0.18017564
v 0.14049322 0.12067174 -0.19540414
v 0.13744922 0.11350756 -0.18922551
v 0.14475548 0.11001127 -0.20397049
v 0.14188507 0.10297415 -0.19784019
v 0.14997254 0.09929093 -0.21149635
v 0.14693664 0.09235011 -0.20472179
v 0.15658663 0.08978908 -0.2168695
v 0.15325273 0.08302073 -0.20915359
v 0.14961089 0.07673721 -0.20123325
v 0.1608954 0.07624506 -0.21038433
v 0.1570317 0.07003512 -0.20205219
v 0.15336096 0.06435358 -0.19363451
v 0.16300255 0.06442052 -0.20231792
v 0.15886092 0.0584767 -0.19401331
v 0.15418468 0.05305032 -0.18603664
v 0.16129694 0.05149674 -0.19701921
v 0.1559786 0.04590392 -0.18980558
v 0.15928033 0.04564131 -0.20234653
v 0.16603702 0.05787481 -0.2049137
v 0.16507853 0.05191186 -0.2095361
v 0.16182625 0.04723118 -0.21461992
v 0.15510751 0.04133401 -0.20809273
v 0.15712574 0.04408493 -0.21936757
v 0.14951969 0.03923142 -0.21314425
v 0.15152458 0.04343496 -0.22302171
v 0.14401285 0.0401797 -0.21605368
v 0.13682811 0.03773732 -0.21100024
v 0.13013611 0.03276694 -0.20982635
v 0.13957461 0.04264873 -0.217353
v 0.13330902 0.03986372 -0.21224635
v 0.13553811 0.0460201 -0.21734874
v 0.14604924 0.0455522 -0.22471426
v 0.14124216 0.04904961 -0.22485368
v 0.13675312 0.05317018 -0.2238968
v 0.14707703 0.05355652 -0.23349735
v 0.14223657 0.05744848 -0.2322964
v 0.13797225 0.06216453 -0.23043778
v 0.14783901 0.06350103 -0.24146041
v 0.14331504 0.0680664 -0.23925449
v 0.13906604 0.07298916 -0.23645782
v 0.13420693 0.06736847 -0.22764641
v 0.13532316 0.07860766 -0.23259507
v 0.13065148 0.07329727 -0.2241099
v 0.13114251 0.08611135 -0.22711122
v 0.12705127 0.08067091 -0.21940033
v 0.12711164 0.09516385 -0.22009545
v 0.12351821 0.08897055 -0.21335034
v 0.12337672 0.10472644 -0.21218521
v 0.12017124 0.09793395 -0.20633809
v 0.12010885 0.11508397 -0.20400008
v 0.11688754 0.10707794 -0.19825385
v 0.11723496 0.1254611 -0.19535651
v 0.11381895 0.11589098 -0.1894578
v 0.11491207 0.1360078 -0.18634609
v 0.12161543 0.13492688 -0.20314812
v 0.11951895 0.14616909 -0.1944618
v 0.11852484 0.15625631 -0.18612077
v 0.12505644 0.15504914 -0.20447516
v 0.12444461 0.16569086 -0.19712942
v 0.12505936 0.1735665 -0.19139571
v 0.13107147 0.17291738 -0.20950254
v 0.13201506 0.18141165 -0.20444846
v 0.13441161 0.18827039 -0.19993601
v 0.13980837 0.18705005 -0.2177089
v 0.14277841 0.19385767 -0.21425102
v 0.14700527 0.19917343 -0.21085424
v 0.13789595 0.19354227 -0.19571244
v 0.15202319 0.20244981 -0.20738953
v 0.14249543 0.19688555 -0.19163836
v 0.15776705 0.20327101 -0.20417407
v 0.14801771 0.19797943 -0.18806666
v 0.16316427 0.20186825 -0.20103365
v 0.15367607 0.19688101 -0.185163
v 0.16777105 0.19769389 -0.1989054
v 0.15866839 0.19335642 -0.18361362
v 0.17020757 0.19167698 -0.19809192
v 0.16188933 0.18789352 -0.18371208
v 0.16979818 0.18537281 -0.19869509
v 0.16219283 0.1817846 -0.18557137
v 0.16708965 0.17931139 -0.2005227
v 0.16037838 0.17586982 -0.18860931
v 0.16308356 0.17418316 -0.20294584
v 0.15696133 0.17085611 -0.19211672
v 0.15297152 0.16505757 -0.19664365
v 0.15009325 0.1570515 -0.20235317
v 0.14532576 0.15234476 -0.1939091
v 0.14980869 0.14804202 -0.20889233
v 0.14536468 0.14327812 -0.20130176
v 0.14117537 0.137285 -0.19371682
v 0.14763316 0.13370642 -0.20869545
v 0.14385752 0.12741436 -0.20189604
v 0.15109299 0.1238847 -0.21596294
v 0.1477936 0.11701872 -0.20999606
v 0.1558533 0.11396694 -0.22302235
v 0.15297998 0.10653636 -0.21756653
v 0.16263948 0.1052389 -0.22935886
v 0.1597964 0.09740775 -0.22353163
v 0.17051874 0.09913194 -0.23296114
v 0.16758491 0.09084785 -0.2262309
v 0.16434089 0.08316889 -0.21856743
v 0.17472232 0.08665381 -0.22664922
v 0.17108915 0.07859887 -0.21869009
v 0.1669875 0.0711284 -0.21062052
v 0.17520761 0.07295886 -0.22110153
v 0.17087534 0.06501179 -0.21292634
v 0.17602729 0.06728328 -0.22549343
v 0.17080083 0.05905827 -0.21736557
v 0.17417097 0.06251648 -0.23050944
v 0.16802616 0.05434218 -0.222283
v 0.17061825 0.05876652 -0.23537696
v 0.1639925 0.05077395 -0.22699749
v 0.16534717 0.05704068 -0.2393786
v 0.15858712 0.04931816 -0.23086486
v 0.15929612 0.05720918 -0.24200503
v 0.15258163 0.05035079 -0.23319484
v 0.15317674 0.05949999 -0.24272786
v 0.16626285 0.06624028 -0.25176012
v 0.15982976 0.06807235 -0.25259789
v 0.1539044 0.07140199 -0.25150239
v 0.16670289 0.07926361 -0.26259279
v 0.16038429 0.08208496 -0.26148444
v 0.15498042 0.08551707 -0.25868806
v 0.1488191 0.075662 -0.24898414
v 0.15026833 0.08947544 -0.25476545
v 0.14448836 0.08036909 -0.245662
v 0.1457321 0.09399047 -0.25001263
v 0.14044724 0.08559241 -0.24155408
v 0.14067545 0.10027749 -0.2431277
v 0.13592095 0.09284638 -0.23537792
v 0.13563522 0.10916198 -0.23468481
v 0.13131068 0.10216662 -0.22752556
v 0.13183224 0.11996375 -0.22685816
v 0.12741452 0.11272638 -0.21930529
v 0.12910495 0.13145926 -0.21983707
v 0.12427561 0.12374361 -0.21132524
v 0.12680414 0.14319951 -0.21237856
v 0.13476592 0.13755267 -0.22954301
v 0.13284871 0.14974014 -0.22303077
v 0.13139346 0.16197018 -0.21592941
v 0.13969327 0.15459981 -0.23443155
v 0.13835403 0.16713419 -0.22790661
v 0.13836093 0.17831243 -0.22206825
v 0.14702829 0.15828929 -0.24501615
v 0.14141081 0.14191047 -0.24017143
v 0.14863467 0.14487282 -0.25044769
v 0.15499091 0.14668665 -0.25791615
v 0.15376894 0.16128647 -0.25299128
v 0.16091151 0.14807832 -0.263334
v 0.16002444 0.16377677 -0.25833568
v 0.16693961 0.14919292 -0.26749107
v 0.16605497 0.16582256 -0.26199421
v 0.16425697 0.1806754 -0.2539086
v 0.17239585 0.16720785 -0.26394134
v 0.17032301 0.18283148 -0.254817
v 0.16540418 0.19489938 -0.24214969
v 0.16023339 0.19170782 -0.24229906
v 0.15674039 0.2002796 -0.22659942
v 0.15190346 0.19589944 -0.22846809
v 0.17127855 0.19667618 -0.24058692
v 0.16220146 0.2027588 -0.22406449
v 0.17710477 0.19650791 -0.23813189
v 0.16804358 0.20305439 -0.22127153
v 0.18221578 0.19450581 -0.23478637
v 0.17307715 0.20089992 -0.21806751
v 0.18578885 0.19058166 -0.23113271
v 0.17693772 0.19687224 -0.2152868
v 0.18664026 0.18537648 -0.2278077
v 0.17863115 0.19125907 -0.21323628
v 0.18457917 0.17957024 -0.22540393
v 0.17760843 0.1848535 -0.21239198
v 0.17993407 0.17425866 -0.22470706
v 0.17403283 0.1790312 -0.21300397
v 0.17328807 0.16948676 -0.22500665
v 0.16863918 0.17364749 -0.21433523
v 0.1761166 0.16197821 -0.23418726
v 0.16882255 0.15697777 -0.23216196
v 0.18316572 0.16565744 -0.235338
v 0.18492564 0.15418274 -0.2430139
v 0.17803521 0.15153794 -0.24125254
v 0.18830058 0.1696235 -0.23745805
v 0.19014403 0.15678666 -0.24590864
v 0.19081269 0.14261795 -0.25169467
v 0.18634039 0.14115451 -0.2478992
v 0.19080597 0.17410083 -0.24075652
v 0.19236643 0.15997889 -0.250483
v 0.19277864 0.14439423 -0.25666034
v 0.19372677 0.12790383 -0.25947716
v 0.19203226 0.12747 -0.25377187
v 0.19179979 0.1629934 -0.25524628
v 0.19244597 0.14617204 -0.26186162
v 0.19244661 0.12846016 -0.26509487
v 0.19242703 0.11036436 -0.26507306
v 0.19338545 0.11125885 -0.25875976
v 0.18988306 0.14787852 -0.26665833
v 0.18931005 0.12921513 -0.26992377
v 0.18884664 0.11019228 -0.27050006
v 0.18497344 0.09257416 -0.26557034
v 0.18899749 0.09368923 -0.26015645
v 0.18457469 0.13001129 -0.27337834
v 0.18350835 0.11051424 -0.27426302
v 0.17945589 0.09241437 -0.26956024
v 0.17320795 0.07783854 -0.26127216
v 0.17884542 0.07829858 -0.25756174
v 0.17704287 0.11151924 -0.27562508
v 0.17289233 0.09360653 -0.27110052
v 0.1707257 0.11281453 -0.27431893
v 0.16650398 0.09579094 -0.26986059
v 0.16486874 0.11421429 -0.27120599
v 0.16069534 0.09836439 -0.26688015
v 0.15953029 0.11541608 -0.26685574
v 0.15571448 0.10083847 -0.26270416
v 0.15405479 0.11648512 -0.26101401
v 0.15057185 0.10397195 -0.2569223
v 0.16094397 0.13171589 -0.26644128
v 0.15541291 0.13146093 -0.26103887
v 0.16671685 0.13168908 -0.27082634
v 0.17256993 0.13139404 -0.27385085
v 0.17302162 0.1497035 -0.26995959
v 0.17873737 0.13077256 -0.27480649
v 0.17910412 0.14960484 -0.27068084
v 0.1785949 0.16759759 -0.26416283
v 0.1849507 0.14909268 -0.26977869
v 0.18434168 0.16695982 -0.26249593
v 0.18244183 0.1834706 -0.25224494
v 0.17658895 0.18384183 -0.25423806
v 0.18894748 0.16538178 -0.25947281
v 0.18715997 0.18156544 -0.24906751
v 0.19056992 0.17847348 -0.24504578
v 0.17213811 0.06645086 -0.24861544
v 0.17662532 0.06861626 -0.24396555
v 0.1832668 0.07991083 -0.25253322
v 0.17995582 0.07195374 -0.23882468
v 0.18587155 0.08285052 -0.24675479
v 0.19104211 0.09578863 -0.25404235
v 0.18639779 0.08696068 -0.24097909
v 0.19076341 0.09894405 -0.24758987
v 0.1917573 0.11259221 -0.25263649
v 0.18699781 0.10244249 -0.24256986
v 0.18764992 0.11413951 -0.24749951
v 0.18742631 0.12720625 -0.24920058
v 0.18157228 0.11530435 -0.24422504
v 0.18154197 0.12684294 -0.24662669
v 0.1801783 0.13979433 -0.24575737
v 0.17083835 0.14770348 -0.23834155
v 0.16445219 0.14237755 -0.23349788
v 0.16183817 0.15062516 -0.22759535
v 0.1591351 0.1366011 -0.22792825
v 0.15634554 0.14473997 -0.22177898
v 0.15176335 0.13939738 -0.21549852
v 0.15483413 0.13048416 -0.22196829
v 0.15878677 0.12121837 -0.22796933
v 0.16517914 0.11313778 -0.23391905
v 0.17263719 0.10794101 -0.23826496
v 0.18053881 0.10526263 -0.23960141
v 0.17811559 0.09541607 -0.23390552
v 0.18376132 0.09144374 -0.23633644
v 0.17958207 0.08171959 -0.22903929
v 0.1811119 0.07656842 -0.23347443
v 0.13203495 0.0065624 -0.21508036
v 0.136564 0.00034807 -0.20959493
v 0.13556678 -0.00965259 -0.21834068
v 0.14001427 -0.01604235 -0.21208407
v 0.14097929 -0.0063708 -0.20339471
v 0.13888798 -0.02560826 -0.22044529
v 0.14273592 -0.03197699 -0.21355882
v 0.14399609 -0.02288848 -0.20527982
v 0.14107887 -0.04088546 -0.2212865
v 0.14434127 -0.04734091 -0.21374714
v 0.14615677 -0.03884849 -0.20619915
v 0.14665412 -0.05479747 -0.22174353
v 0.14918363 -0.06158635 -0.21368585
v 0.14740809 -0.05433962 -0.20593506
v 0.15543659 -0.06701192 -0.22099509
v 0.15784062 -0.07399462 -0.2123388
v 0.15233814 -0.06862868 -0.20532275
v 0.16446545 -0.07945304 -0.21904468
v 0.16650997 -0.08642586 -0.20981743
v 0.16012245 -0.08152156 -0.20362962
v 0.17313523 -0.09212191 -0.21615949
v 0.17484341 -0.09904637 -0.20617249
v 0.16830071 -0.09391708 -0.20044603
v 0.18185913 -0.10546725 -0.21217414
v 0.16041486 -0.11729733 -0.15110652
v 0.16105446 -0.11294174 -0.14498761
v 0.16231605 -0.10391983 -0.15452116
v 0.16298237 -0.10905549 -0.13847559
v 0.16415441 -0.09934538 -0.14807209
v 0.1640861 -0.09007362 -0.15748339
v 0.16575008 -0.09463245 -0.14090317
v 0.16569566 -0.08462097 -0.15025135
v 0.16434061 -0.07493925 -0.15934184
v 0.16663192 -0.07919449 -0.14241446
v 0.16520796 -0.06889739 -0.1512814
v 0.16252154 -0.05881531 -0.15965892
v 0.16551253 -0.06268329 -0.14237362
v 0.16279876 -0.05214465 -0.15074034
v 0.15930755 -0.04156068 -0.15858708
v 0.16261518 -0.04563615 -0.14144195
v 0.1592641 -0.03468499 -0.14929011
v 0.15581513 -0.02366064 -0.15661276
v 0.15893566 -0.02809583 -0.13979682
v 0.15571746 -0.01655353 -0.14716702
v 0.15265147 -0.00511914 -0.15457011
v 0.15551511 -0.00982067 -0.13758423
v 0.15255197 0.00221347 -0.14512005
v 0.15242533 0.00907461 -0.13523164
v 0.16203583 -0.31121394 -0.12340756
v 0.16329513 -0.3075754 -0.11968608
v 0.1644734 -0.30569556 -0.11453115
v 0.16482667 -0.30405539 -0.10724325
v 0.15685367 -0.30367964 -0.10699199
v 0.15634293 -0.30158278 -0.09906463
v 0.16331097 -0.30187535 -0.09814579
v 0.16103853 -0.09951606 -0.08036524
v 0.15980097 -0.09367773 -0.06949365
v 0.16520676 -0.08174347 -0.08339146
v 0.15892785 -0.08597146 -0.06125635
v 0.16429182 -0.07536229 -0.07495244
v 0.16603733 -0.06243965 -0.08596582
v 0.16271662 -0.06645306 -0.06695023
v 0.16417519 -0.05515204 -0.07746889
v 0.1633223 -0.04355253 -0.08691618
v 0.16114981 -0.04706716 -0.06932611
v 0.16055338 -0.03642965 -0.07844954
v 0.15892724 -0.02576567 -0.08666098
v 0.15672923 -0.02857752 -0.07029777
v 0.15531182 -0.0186673 -0.07802477
v 0.15367643 -0.0084273 -0.08526039
v 0.15018534 -0.01165931 -0.07001876
v 0.14813479 -0.00247214 -0.07675624
v 0.14576402 0.00696946 -0.08322524
v 0.14249135 -0.00566143 -0.06242729
v 0.1443912 -0.01338582 -0.05623183
v 0.13406184 -0.00915055 -0.05158504
v 0.13174276 -0.00241089 -0.0562263
v 0.15162351 -0.02047928 -0.06279352
v 0.15181744 -0.02935688 -0.05500216
v 0.14496436 -0.02134895 -0.04960675
v 0.15692047 -0.03821088 -0.06187824
v 0.15542264 -0.04666993 -0.05267994
v 0.15043675 -0.03714386 -0.04668895
v 0.15973684 -0.05661191 -0.05939204
v 0.15549112 -0.06453558 -0.04797528
v 0.15163493 -0.05380968 -0.04210588
v 0.15781971 -0.07557879 -0.05425483
v 0.14884084 -0.07058764 -0.03502262
v 0.13855387 -0.06436234 -0.01754565
v 0.1457038 -0.05974535 -0.02995631
v 0.13506983 -0.05431988 -0.01394917
v 0.14179699 -0.04987362 -0.02564437
v 0.14715758 -0.04405741 -0.03699467
v 0.13746224 -0.04069631 -0.02249466
v 0.14203518 -0.03503542 -0.03297274
v 0.14434944 -0.02829408 -0.04194938
v 0.1344411 -0.02828373 -0.03021806
v 0.13552983 -0.02233527 -0.03870451
v 0.13524779 -0.01578531 -0.0458192
v 0.12838907 -0.01932424 -0.03595888
v 0.12717491 -0.01297781 -0.04252085
v 0.12509661 -0.00644071 -0.04781359
v 0.12220531 -0.00876863 -0.03785692
v 0.12023714 -0.00213483 -0.04286975
v 0.11773672 0.00440091 -0.04688661
v 0.1225047 0.00019634 -0.05174249
v 0.11717643 0.01165465 -0.05296713
v 0.12371172 0.02234598 -0.06369942
v 0.11537064 0.00994302 -0.04216285
v 0.11429878 0.01759708 -0.04956207
v 0.11956638 0.02839546 -0.05866782
v 0.11192271 0.02321035 -0.04516672
v 0.11521042 0.03370144 -0.05203083
v 0.11941568 0.04577432 -0.05870977
v 0.12083883 0.0576695 -0.06374559
v 0.11081608 0.03816045 -0.0442564
v 0.11439029 0.04936976 -0.0478424
v 0.11485797 0.06063253 -0.05040077
v 0.1109009 0.07119741 -0.05375837
v 0.10835 0.05120581 -0.03544949
v 0.10850568 0.06175266 -0.03628537
v 0.10439193 0.07153024 -0.03845372
v 0.09712415 0.08093455 -0.04157166
v 0.10203225 0.06057981 -0.0217748
v 0.09809991 0.07003287 -0.02285246
v 0.09123669 0.07884305 -0.02516157
v 0.08193181 0.08709906 -0.02806665
v 0.0924565 0.06629436 -0.00765475
v 0.08579503 0.07511989 -0.00900436
v 0.07706068 0.08333034 -0.0111639
v 0.0808242 0.06966074 0.0065195
v 0.07257622 0.07800427 0.005434
v 0.07691053 0.0620331 0.02125176
v 0.06897139 0.07043878 0.02160002
v 0.07454004 0.05232971 0.03477868
v 0.06639267 0.06024973 0.03642252
v 0.07347386 0.04085585 0.04675112
v 0.0650747 0.04821514 0.04965652
v 0.07339236 0.02803992 0.0569202
v 0.06517484 0.03501584 0.06104488
v 0.07280075 0.01430208 0.0653847
v 0.06564118 0.02106951 0.07082401
v 0.07211656 0.00062025 0.07218689
v 0.06540682 0.0066187 0.07904238
v 0.07151422 -0.01296927 0.07800399
v 0.06482623 -0.00784437 0.08617463
v 0.07129748 -0.0264357 0.08365953
v 0.06423773 -0.02229297 0.09262608
v 0.07193077 -0.04001556 0.08927203
v 0.06428022 -0.03680765 0.09880644
v 0.07349746 -0.05353559 0.09446919
v 0.06541024 -0.05123065 0.10479826
v 0.07624621 -0.06670256 0.09838413
v 0.0677713 -0.06538307 0.11008931
v 0.07929948 -0.07931849 0.1003797
v 0.07106082 -0.07893574 0.11354406
v 0.08368194 -0.0672499 0.08541981
v 0.08623144 -0.07936763 0.08643703
v 0.09001682 -0.06772296 0.07224344
v 0.09207517 -0.07954724 0.07260588
v 0.09342248 -0.09155368 0.07159186
v 0.09760447 -0.07995756 0.05898838
v 0.0982785 -0.09178336 0.05750104
v 0.0976284 -0.10367402 0.05489809
v 0.10322482 -0.08057775 0.04559548
v 0.09605524 -0.06838046 0.05921707
v 0.10204111 -0.06917588 0.04645976
v 0.10822911 -0.06989039 0.0338239
v 0.09984463 -0.05816583 0.04586347
v 0.10603734 -0.05904634 0.03416385
v 0.11267104 -0.05953642 0.02235426
v 0.11517493 -0.070125 0.02111833
v 0.1200658 -0.05917918 0.0102949
v 0.12285832 -0.06955594 0.00820212
v 0.12766905 -0.05751899 -0.00194719
v 0.13076034 -0.06765251 -0.00485266
v 0.11660017 -0.04986066 0.01121475
v 0.12408799 -0.04847483 -0.00006483
v 0.13110239 -0.04530395 -0.01140893
v 0.1196457 -0.04074795 0.00013724
v 0.12628556 -0.03819557 -0.01025437
v 0.13144204 -0.03387314 -0.02070851
v 0.12097305 -0.03188809 -0.00974552
v 0.12557989 -0.02854594 -0.01903108
v 0.12787929 -0.02447223 -0.02810055
v 0.12080205 -0.02272587 -0.01672945
v 0.12286325 -0.01916801 -0.02460536
v 0.12342347 -0.0145223 -0.03172386
v 0.12101338 -0.01280592 -0.02033629
v 0.12165751 -0.00844224 -0.02709271
v 0.12088156 -0.00300493 -0.03290473
v 0.12119013 -0.00273627 -0.02250173
v 0.12043688 0.00272678 -0.02784937
v 0.11791382 0.00914926 -0.03233534
v 0.1187919 0.00346635 -0.03735632
v 0.1136562 0.01579992 -0.03798835
v 0.11605771 0.01391496 -0.02756718
v 0.11132354 0.02058211 -0.0331172
v 0.10863553 0.02834046 -0.03905126
v 0.10857073 0.02393467 -0.02661722
v 0.10489505 0.03195333 -0.03133255
v 0.10596875 0.04158132 -0.03442882
v 0.10175465 0.03347101 -0.02149197
v 0.10105978 0.04220002 -0.02276683
v 0.10226313 0.05080188 -0.02244988
v 0.0967481 0.03988154 -0.01103169
v 0.09682579 0.04784623 -0.00955056
v 0.09631915 0.05688539 -0.00788051
v 0.09202348 0.04287835 0.00226869
v 0.09116948 0.05147781 0.00504472
v 0.08736059 0.06068643 0.0065971
v 0.0869376 0.04426996 0.01710685
v 0.08361543 0.0532672 0.01997639
v 0.08401595 0.03470317 0.02768506
v 0.0810292 0.04359327 0.03194566
v 0.08210897 0.02369673 0.0367607
v 0.0793758 0.03238072 0.04233886
v 0.08126425 0.01220893 0.04350577
v 0.07820303 0.01998659 0.05093999
v 0.08120995 0.00103063 0.04876049
v 0.07755134 0.00732383 0.05777027
v 0.08164947 -0.00992997 0.05340927
v 0.0772852 -0.00500266 0.06328269
v 0.08232356 -0.02114707 0.05800787
v 0.07719674 -0.01737306 0.06846167
v 0.0834747 -0.03261222 0.06253476
v 0.07770615 -0.02979434 0.07358271
v 0.08524344 -0.04428691 0.06686613
v 0.07892356 -0.04239963 0.07844288
v 0.08759626 -0.05603777 0.0701754
v 0.08096016 -0.0549552 0.08262234
v 0.09117903 -0.04600157 0.05510433
v 0.09372539 -0.05709835 0.05788263
v 0.0969932 -0.04747765 0.04379964
v 0.08874882 -0.0351128 0.05127463
v 0.09385749 -0.0373031 0.04050781
v 0.09940292 -0.03911288 0.03053683
v 0.10301064 -0.04874314 0.03299969
v 0.10553963 -0.04066809 0.02094993
v 0.10942061 -0.04973194 0.02229764
v 0.11245092 -0.04160038 0.01080031
v 0.10097727 -0.03223744 0.01819117
v 0.10806882 -0.0341208 0.00893294
v 0.11510676 -0.03395098 -0.00037703
v 0.10501805 -0.02666673 0.00736617
v 0.11169605 -0.02675792 -0.00032364
v 0.11676924 -0.02533323 -0.00865418
v 0.11070697 -0.01826517 0.00115674
v 0.11538511 -0.01777419 -0.00597409
v 0.11889792 -0.01596973 -0.01319669
v 0.1151893 -0.01055457 -0.00313313
v 0.11828906 -0.00950315 -0.00949608
v 0.12030305 -0.0070019 -0.016138
v 0.11407047 -0.00300387 -0.00158527
v 0.10992961 -0.00177357 0.00339897
v 0.10943806 0.0048561 0.00190216
v 0.11299755 0.00348087 -0.00229792
v 0.11063792 -0.01006373 0.00319572
v 0.10498777 -0.00791727 0.00883889
v 0.10423819 0.00064059 0.00839782
v 0.10466682 -0.0174505 0.00742947
v 0.09799471 -0.01459895 0.01337197
v 0.09783045 -0.00511345 0.01354266
v 0.09760095 -0.02404115 0.01480625
v 0.09178309 -0.02087789 0.02256413
v 0.09105574 -0.01134626 0.01989966
v 0.09533141 -0.02994582 0.02696579
v 0.09058149 -0.02748638 0.03642058
v 0.0877869 -0.01787124 0.03229617
v 0.08512461 -0.01432414 0.04292425
v 0.08415908 -0.0043375 0.03898792
v 0.08643647 -0.00864192 0.02909987
v 0.08667831 -0.02452248 0.04713313
v 0.08368884 0.00571208 0.03501205
v 0.08539456 0.00104572 0.02642039
v 0.09005905 -0.00231893 0.01891622
v 0.0856281 0.01165879 0.02272684
v 0.08973176 0.00730393 0.01628038
v 0.09707526 0.00380741 0.01223934
v 0.0909716 0.01600455 0.01208385
v 0.09742422 0.01137614 0.00866746
v 0.1038074 0.00785722 0.00617277
v 0.09842147 0.01781212 0.00364929
v 0.09192309 0.02321117 0.00543873
v 0.09497309 0.02875643 -0.00227696
v 0.10032263 0.0225751 -0.00274208
v 0.09864319 0.03201334 -0.01160369
v 0.10297481 0.02530245 -0.01064788
v 0.10579154 0.0258061 -0.01879541
v 0.11054273 0.01983825 -0.0157874
v 0.11351482 0.01770804 -0.02222196
v 0.11645072 0.01147691 -0.01784756
v 0.11381802 0.01358117 -0.01256947
v 0.11890136 0.00768563 -0.02297117
v 0.09229027 0.03581883 -0.00036431
v 0.08882761 0.02964174 0.00933031
v 0.0880197 0.03636237 0.0134227
v 0.08695118 0.02133985 0.01716671
v 0.0851972 0.0273987 0.02283933
v 0.0838401 0.01671911 0.02998398
v 0.16352528 -0.28934881 -0.0663292
v 0.16916501 -0.28275036 -0.07387508
v 0.17731432 -0.27475023 -0.0809722
v 0.17711176 -0.26756957 -0.07855039
v 0.18390777 -0.26320564 -0.08742297
v 0.17577627 -0.26080602 -0.07597
v 0.18217319 -0.25496533 -0.08462827
v 0.18777981 -0.24928435 -0.09362347
v 0.1788578 -0.24708347 -0.08109356
v 0.18400019 -0.24048203 -0.08999291
v 0.18891614 -0.23417586 -0.09936964
v 0.17899623 -0.23260696 -0.08584272
v 0.18359075 -0.22565026 -0.09521228
v 0.18806254 -0.21899035 -0.1047941
v 0.17671018 -0.21833391 -0.09102994
v 0.18068076 -0.21123407 -0.10047321
v 0.18481925 -0.20447945 -0.11006135
v 0.17120234 -0.20564323 -0.09700325
v 0.17510876 -0.19844624 -0.10627096
v 0.17899763 -0.19168666 -0.11576194
v 0.1645459 -0.19476693 -0.10303998
v 0.16826625 -0.18752247 -0.1117589
v 0.16065315 -0.20231711 -0.09456488
v 0.16734416 -0.21328118 -0.08804316
v 0.17240241 -0.22611178 -0.08195181
v 0.17412672 -0.24029448 -0.07715008
v 0.17293894 -0.25440231 -0.07282274
v 0.09878104 -0.30007639 0.00172154
v 0.09775053 -0.30243226 0.00189072
v 0.11047668 -0.31170529 0.01197555
v 0.1089876 -0.31363582 0.01335792
v 0.10824266 -0.31753721 0.01381948
v 0.10734722 -0.31775993 0.01520526
v 0.28938406 -0.28841981 0.02503778
f 1 81 82 83
f 1 84 85 81
f 1 83 86 84
f 2 87 88 89
f 2 90 91 87
f 2 89 92 90
f 3 93 94 95
f 3 95 88 96
f 4 97 98 99
f 4 100 101 97
f 4 99 102 100
f 5 105 106 103
f 5 107 108 105
f 6 109 110 111
f 6 111 13 112
f 6 113 114 109
f 6 115 116 113
f 6 112 117 115
f 7 118 119 120
f 7 121 122 118
f 7 120 123 121
f 8 124 125 126
f 8 127 128 124
f 8 129 130 127
f 9 131 132 133
f 9 133 134 135
f 9 135 136 131
f 10 137 138 139
f 10 139 140 141
f 10 141 142 137
f 11 145 146 143
f 11 144 147 145
f 12 148 149 150
f 12 150 151 152
f 12 152 153 148
f 13 111 103 106
f 13 106 154 112
f 14 155 156 157
f 14 158 159 155
f 14 160 161 158
f 14 157 162 163
f 14 163 164 160
f 15 165 166 167
f 15 168 169 165
f 15 170 171 172
f 15 172 173 168
f 15 167 174 170
f 16 175 176 177
f 16 178 179 175
f 16 177 180 23
f 16 181 182 178
f 16 23 183 181
f 17 184 185 186
f 17 187 188 184
f 17 186 189 190
f 17 190 18 191
f 17 191 192 187
f 18 115 117 193
f 18 190 116 115
f 18 193 194 195
f 18 195 196 191
f 19 197 198 199
f 19 199 200 201
f 19 201 202 197
f 20 203 204 205
f 20 206 207 203
f 20 205 208 206
f 21 209 136 210
f 21 210 211 212
f 21 212 213 209
f 22 214 215 216
f 22 217 218 219
f 22 219 220 214
f 22 221 222 217
f 22 216 223 221
f 23 224 225 226
f 23 226 227 183
f 23 180 228 224
f 24 229 230 231
f 24 231 232 233
f 24 215 214 229
f 24 234 31 215
f 25 235 236 237
f 25 219 218 235
f 25 238 220 219
f 25 237 239 240
f 25 240 234 238
f 26 241 242 243
f 26 243 34 244
f 26 245 246 241
f 26 247 202 245
f 27 248 249 250
f 27 251 252 248
f 27 250 253 251
f 28 254 255 256
f 28 257 258 254
f 28 256 259 257
f 29 257 259 260
f 29 261 258 257
f 29 262 263 261
f 29 260 264 265
f 29 265 266 262
f 30 269 270 38
f 30 271 272 269
f 30 273 274 271
f 30 275 276 273
f 30 38 277 275
f 31 234 240 278
f 31 278 280 279
f 32 281 282 283
f 32 284 285 281
f 32 283 286 284
f 33 287 288 289
f 33 289 153 152
f 33 152 151 287
f 34 290 291 292
f 34 243 293 290
f 34 292 294 295
f 34 295 296 244
f 35 297 298 299
f 35 299 300 301
f 35 301 302 297
f 36 303 304 305
f 36 306 307 303
f 36 305 308 306
f 37 309 310 311
f 37 312 313 309
f 37 311 282 312
f 38 314 315 316
f 38 270 317 314
f 38 316 318 277
f 39 319 320 321
f 39 322 323 319
f 39 324 325 322
f 39 321 326 327
f 39 327 328 324
f 40 329 330 331
f 40 331 332 41
f 40 41 333 329
f 41 332 334 333
f 42 335 336 337
f 42 338 339 335
f 42 337 340 341
f 42 341 342 343
f 42 343 344 338
f 43 345 346 347
f 43 348 349 345
f 43 347 350 348
f 44 351 352 353
f 44 353 354 355
f 44 355 310 351
f 45 356 357 358
f 45 359 360 356
f 45 361 362 359
f 45 358 363 364
f 45 364 365 361
f 46 366 367 368
f 46 368 369 370
f 46 371 372 366
f 46 370 373 374
f 46 374 375 371
f 47 376 377 378
f 47 378 379 380
f 47 380 381 382
f 47 383 384 376
f 47 382 385 383
f 48 386 387 388
f 48 388 389 390
f 48 390 391 392
f 48 392 393 394
f 48 394 395 386
f 49 396 397 398
f 49 399 400 396
f 49 401 402 403
f 49 403 404 399
f 50 405 406 407
f 50 408 409 405
f 50 407 51 408
f 51 407 410 411
f 51 411 412 408
f 52 413 414 415
f 52 415 416 417
f 52 417 418 419
f 52 419 420 421
f 52 421 422 413
f 49 398 423 424
f 49 424 425 401
f 53 426 427 428
f 53 425 424 426
f 53 428 429 425
f 54 410 430 431
f 54 432 411 410
f 54 431 433 432
f 55 434 403 402
f 55 435 436 434
f 55 437 438 435
f 55 439 440 437
f 55 402 441 439
f 56 442 443 444
f 56 445 446 442
f 56 444 447 445
f 57 448 449 450
f 57 450 451 452
f 57 452 453 454
f 57 455 456 448
f 57 454 457 455
f 58 458 459 460
f 58 461 462 458
f 58 463 464 461
f 58 460 465 466
f 58 466 467 463
f 59 468 469 470
f 59 470 471 472
f 59 472 473 447
f 60 474 475 476
f 60 476 477 478
f 60 479 480 474
f 60 481 482 479
f 60 478 483 481
f 61 484 485 486
f 61 487 488 484
f 61 489 490 487
f 61 486 491 492
f 61 492 493 489
f 62 494 495 496
f 62 497 498 494
f 62 499 500 497
f 62 501 502 499
f 62 496 503 501
f 504 505 506 507
f 63 508 509 510
f 512 513 508 63
f 63 510 511 512
f 64 514 515 516
f 64 516 517 518
f 64 518 519 514
f 65 520 521 522
f 65 522 523 524
f 65 525 526 520
f 65 527 528 525
f 65 524 529 527
f 66 530 531 532
f 66 532 533 534
f 66 534 535 510
f 66 510 509 536
f 66 536 537 530
f 67 538 539 540
f 67 541 542 538
f 67 540 543 544
f 67 545 546 541
f 67 544 547 545
f 68 548 549 550
f 68 550 551 552
f 68 552 553 515
f 69 554 555 556
f 69 557 558 559
f 69 556 560 557
f 70 561 562 563
f 70 563 564 565
f 70 565 566 561
f 71 567 568 569
f 71 569 570 571
f 71 572 573 567
f 71 571 574 575
f 71 575 576 572
f 72 577 578 579
f 72 579 580 581
f 72 582 583 584
f 72 584 585 577
f 72 581 586 582
f 73 587 588 589
f 73 589 590 591
f 73 591 592 587
f 74 593 594 595
f 74 595 596 597
f 74 597 598 593
f 75 599 600 601
f 75 601 602 603
f 75 603 604 605
f 75 605 606 607
f 76 608 609 610
f 76 611 612 608
f 76 610 613 611
f 77 614 615 616
f 77 616 617 618
f 77 618 619 620
f 78 621 622 623
f 78 623 624 625
f 78 625 626 621
f 79 627 628 629
f 79 629 630 631
f 79 631 632 627
f 80 633 634 635
f 80 635 636 637
f 80 637 638 633
f 638 639 640 633
f 638 637 641 642
f 638 642 643 639
f 643 644 645 639
f 643 642 646 647
f 643 647 648 644
f 648 649 650 644
f 648 647 651 652
f 648 652 653 649
f 653 654 655 649
f 653 652 656 657
f 653 657 658 654
f 658 659 660 654
f 658 657 661 662
f 658 662 663 659
f 663 664 665 659
f 663 662 666 667
f 663 667 668 664
f 668 669 670 664
f 668 667 671 672
f 668 672 673 669
f 673 674 675 669
f 673 672 676 677
f 673 677 678 674
f 678 679 680 674
f 678 677 681 682
f 678 682 683 679
f 683 684 685 679
f 683 682 686 687
f 683 687 688 684
f 688 689 690 684
f 688 687 691 692
f 688 692 693 689
f 693 694 695 689
f 695 696 697 698
f 695 698 690 689
f 695 694 699 696
f 699 700 701 696
f 701 702 703 704
f 701 704 697 696
f 701 700 705 702
f 705 706 707 702
f 707 708 709 710
f 707 710 703 702
f 707 706 711 708
f 711 712 713 708
f 713 714 715 716
f 713 716 709 708
f 713 712 717 714
f 717 718 719 714
f 719 720 721 722
f 719 722 715 714
f 719 718 723 720
f 723 724 725 720
f 725 726 727 728
f 725 728 721 720
f 725 724 729 726
f 729 730 731 726
f 731 732 733 734
f 731 734 727 726
f 731 730 735 732
f 735 736 737 732
f 737 738 739 740
f 737 740 733 732
f 737 736 741 738
f 741 742 743 738
f 743 744 745 746
f 743 746 739 738
f 743 742 747 744
f 747 748 749 744
f 749 750 751 752
f 749 752 745 744
f 749 748 753 750
f 753 754 755 750
f 755 756 757 758
f 755 758 751 750
f 755 754 759 756
f 759 760 761 756
f 761 762 763 764
f 761 764 757 756
f 761 760 765 762
f 765 766 767 762
f 767 768 769 770
f 767 770 763 762
f 767 766 771 768
f 771 772 773 768
f 773 774 775 776
f 773 776 769 768
f 773 772 777 774
f 777 778 779 774
f 779 780 781 782
f 779 782 775 774
f 779 778 783 780
f 783 784 785 780
f 785 786 787 788
f 785 788 781 780
f 785 784 789 786
f 789 790 791 786
f 791 792 793 794
f 791 794 787 786
f 791 790 795 792
f 795 796 797 792
f 797 798 799 800
f 797 800 793 792
f 797 796 801 798
f 801 802 803 798
f 803 804 805 806
f 803 806 799 798
f 803 802 807 804
f 807 808 809 804
f 809 810 811 812
f 809 812 805 804
f 809 808 813 810
f 813 814 815 810
f 815 816 817 818
f 815 818 811 810
f 815 814 819 816
f 819 820 821 816
f 821 822 823 824
f 821 824 817 816
f 821 820 825 822
f 825 826 827 822
f 827 828 829 830
f 827 830 823 822
f 827 826 831 828
f 831 832 833 828
f 833 834 835 836
f 833 836 829 828
f 833 832 837 834
f 837 838 839 834
f 839 840 841 842
f 839 842 835 834
f 839 838 843 840
f 843 844 845 840
f 845 846 847 848
f 845 848 841 840
f 845 844 849 846
f 849 850 851 846
f 851 852 853 854
f 851 854 847 846
f 851 850 855 852
f 855 856 857 852
f 857 858 859 860
f 857 860 853 852
f 857 856 861 858
f 861 862 863 858
f 863 864 865 866
f 863 866 859 858
f 863 862 867 864
f 867 868 869 864
f 869 870 84 86
f 869 86 865 864
f 869 868 871 870
f 871 872 873 870
f 873 872 874 875
f 873 875 876 85
f 873 85 84 870
f 876 875 877 878
f 876 878 879 880
f 876 880 81 85
f 880 879 881 882
f 880 882 82 81
f 882 881 883 884
f 882 884 885 82
f 885 884 886 887
f 885 887 888 889
f 885 889 83 82
f 889 888 866 865
f 889 865 86 83
f 888 887 890 891
f 888 891 859 866
f 891 890 892 893
f 891 893 860 859
f 893 892 894 895
f 893 895 853 860
f 895 894 896 897
f 895 897 854 853
f 897 896 898 899
f 897 899 847 854
f 899 898 900 901
f 899 901 848 847
f 901 900 902 903
f 901 903 841 848
f 903 902 904 905
f 903 905 842 841
f 905 904 906 907
f 905 907 835 842
f 907 906 908 909
f 907 909 836 835
f 909 908 910 911
f 909 911 829 836
f 911 910 912 913
f 911 913 830 829
f 913 912 914 915
f 913 915 823 830
f 915 914 916 917
f 915 917 824 823
f 917 916 918 919
f 917 919 817 824
f 919 918 920 921
f 919 921 818 817
f 921 920 922 923
f 921 923 811 818
f 923 922 924 925
f 923 925 812 811
f 925 924 926 927
f 925 927 805 812
f 927 926 928 929
f 927 929 806 805
f 929 928 930 931
f 929 931 799 806
f 931 930 932 933
f 931 933 800 799
f 933 932 934 935
f 933 935 793 800
f 935 934 936 937
f 935 937 794 793
f 937 936 938 939
f 937 939 787 794
f 939 938 940 941
f 939 941 788 787
f 941 940 942 943
f 941 943 781 788
f 943 942 944 945
f 943 945 782 781
f 945 944 946 947
f 945 947 775 782
f 947 946 948 949
f 947 949 776 775
f 949 948 950 951
f 949 951 769 776
f 951 950 952 953
f 951 953 770 769
f 953 952 954 955
f 953 955 763 770
f 955 954 956 957
f 955 957 764 763
f 957 956 958 959
f 957 959 757 764
f 959 958 960 961
f 959 961 758 757
f 961 960 962 963
f 961 963 751 758
f 963 962 964 965
f 963 965 752 751
f 965 964 966 967
f 965 967 745 752
f 967 966 968 969
f 967 969 746 745
f 969 968 970 971
f 969 971 739 746
f 971 970 972 973
f 971 973 740 739
f 973 972 974 975
f 973 975 733 740
f 975 974 976 977
f 975 977 734 733
f 977 976 978 979
f 977 979 727 734
f 979 978 980 981
f 979 981 728 727
f 981 980 982 983
f 981 983 721 728
f 983 982 984 985
f 983 985 722 721
f 985 984 986 987
f 985 987 715 722
f 987 986 988 989
f 987 989 716 715
f 989 988 990 991
f 989 991 709 716
f 991 990 992 993
f 991 993 710 709
f 993 992 994 995
f 993 995 703 710
f 995 994 996 997
f 995 997 704 703
f 997 996 998 999
f 997 999 697 704
f 999 998 1000 1001
f 999 1001 698 697
f 1001 1000 1002 1003
f 1001 1003 690 698
f 1003 1002 1004 685
f 1003 685 684 690
f 1004 1002 1005 1006
f 1004 1006 1007 680
f 1004 680 679 685
f 1007 1006 1008 1009
f 1007 1009 1010 675
f 1007 675 674 680
f 1010 1009 1011 1012
f 1010 1012 1013 670
f 1010 670 669 675
f 1013 1012 1014 1015
f 1013 1015 1016 665
f 1013 665 664 670
f 1016 1015 1017 1018
f 1016 1018 1019 660
f 1016 660 659 665
f 1019 1018 1020 1021
f 1019 1021 1022 655
f 1019 655 654 660
f 1022 1021 1023 1024
f 1022 1024 1025 650
f 1022 650 649 655
f 1025 1024 1026 1027
f 1025 1027 1028 645
f 1025 645 644 650
f 1028 1027 1029 1030
f 1028 1030 1031 640
f 1028 640 639 645
f 1031 1030 1032 1033
f 1031 1033 1034 634
f 1031 634 633 640
f 1034 1033 1035 1036
f 1034 1036 1037 1038
f 1034 1038 635 634
f 1038 1037 1039 1040
f 1038 1040 636 635
f 1040 1039 1041 1042
f 1040 1042 1043 636
f 1043 1042 1044 1045
f 1043 1045 1046 641
f 1043 641 637 636
f 1046 1045 1047 1048
f 1046 1048 1049 646
f 1046 646 642 641
f 1049 1048 1050 1051
f 1049 1051 1052 651
f 1049 651 647 646
f 1052 656 652 651
f 1052 1051 1053 1054
f 1052 1054 1055 656
f 1055 661 657 656
f 1055 1054 1056 1057
f 1055 1057 1058 661
f 1058 666 662 661
f 1058 1057 1059 1060
f 1058 1060 1061 666
f 1061 671 667 666
f 1061 1060 1062 1063
f 1061 1063 1064 671
f 1064 676 672 671
f 1064 1063 1065 1066
f 1064 1066 1067 676
f 1067 681 677 676
f 1067 1066 1068 1069
f 1067 1069 1070 681
f 1070 686 682 681
f 1070 1069 1071 1072
f 1070 1072 1073 686
f 1073 691 687 686
f 1071 1069 1068 1074
f 1074 1068 1075 1076
f 1076 1075 1077 1078
f 1078 1077 1079 1080
f 1080 1079 1081 1082
f 1082 1081 1083 1084
f 1084 1083 1085 1086
f 1086 1085 1087 1088
f 1088 1087 1089 1090
f 1090 1089 1091 1092
f 1092 1091 1093 1094
f 1094 1093 1095 1096
f 1096 1095 1097 1098
f 1098 1097 1099 1100
f 1100 1099 1101 1102
f 1102 1101 1103 1104
f 1104 1103 1105 1106
f 1106 1105 1107 1108
f 1108 1107 1109 1110
f 1110 1109 1111 1112
f 1112 1111 1113 1114
f 1114 1113 1115 1116
f 1116 1115 1117 1118
f 1118 1117 1119 1120
f 1120 1119 1121 1122
f 1122 1121 1123 1124
f 1124 1123 1125 1126
f 1126 1125 1127 1128
f 1128 1127 1129 1130
f 1130 1129 1131 1132
f 1132 1131 1133 1134
f 1134 1133 1135 1136
f 1136 1135 1137 1138
f 1138 1137 1139 1140
f 1140 1139 1141 1142
f 1142 1141 1143 1144
f 1144 1143 1145 1146
f 1146 1145 1147 1148
f 1148 1147 1149 1150
f 1150 1149 1151 1152
f 1152 1151 1153 1154
f 1154 1153 1155 1156
f 1156 1155 1157 1158
f 1158 1157 1159 1160
f 1160 1159 1161 1162
f 1162 1161 1163 1164
f 1164 1163 1165 1166
f 1166 1165 1167 1168
f 1168 1167 1169 1170
f 1170 1169 1171 1172
f 1172 1171 1173 1174
f 1174 1173 1175 1176
f 1176 1175 1177 1178
f 1178 1177 1179 1180
f 1180 1179 1181 1182
f 1182 1181 1183 1184
f 1184 1183 1185 1186
f 1186 1185 1187 1188
f 1188 1187 1189 1190
f 1190 1189 1191 1192
f 1192 1191 1193 1194
f 1194 1193 1195 1196
f 1196 1195 1197 1198
f 1198 1197 1199 1200
f 1200 1199 1201 1202
f 1202 1201 1203 1204
f 1204 1203 1205 1206
f 1206 1205 1207 1208
f 1208 1207 1209 1210
f 1210 1209 1211 1212
f 1212 1211 1213 1214
f 1214 1213 1215 1216
f 1216 1215 1217 1218
f 1218 1217 1219 1220
f 1220 1219 1221 1222
f 1222 1221 1223 1224
f 1224 1223 1225 1226
f 1226 1225 1227 1228
f 1228 1227 1229 1230
f 1230 1229 1231 1232
f 1232 1231 1233 1234
f 1234 1233 1235 1236
f 1236 1235 1237 1238
f 1238 1237 1239 1240
f 1240 1239 1241 1242
f 1242 1241 1243 1244
f 1244 1243 1245 1246
f 1246 1245 1247 1248
f 1248 1247 1249 1250
f 1250 1249 1251 1252
f 1252 1251 1253 1254
f 1254 1253 1255 1256
f 1256 1255 1257 1258
f 1258 1257 1259 1260
f 1260 1259 1261 1262
f 1262 1261 1263 1264
f 1264 1263 1265 1266
f 1266 1265 1267 1268
f 1268 1267 1269 1270
f 1270 1269 1271 1272
f 1272 1271 1273 1274
f 1274 1273 1275 1276
f 1276 1275 877 1277
f 1277 877 875 874
f 1275 1273 1278 1279
f 1275 1279 878 877
f 1279 1278 1280 1281
f 1279 1281 879 878
f 1281 1280 1282 1283
f 1281 1283 881 879
f 1283 1282 1284 1285
f 1283 1285 883 881
f 1285 1284 1286 1287
f 1285 1287 1288 883
f 1288 1287 1289 1290
f 1288 1290 1291 886
f 1288 886 884 883
f 1291 1290 1292 1293
f 1291 1293 892 890
f 1291 890 887 886
f 1293 1292 1294 1295
f 1293 1295 894 892
f 1295 1294 1296 1297
f 1295 1297 896 894
f 1297 1296 1298 1299
f 1297 1299 898 896
f 1299 1298 1300 1301
f 1299 1301 900 898
f 1301 1300 1302 1303
f 1301 1303 902 900
f 1303 1302 1304 1305
f 1303 1305 904 902
f 1305 1304 1306 1307
f 1305 1307 906 904
f 1307 1306 1308 1309
f 1307 1309 908 906
f 1309 1308 1310 1311
f 1309 1311 910 908
f 1311 1310 1312 1313
f 1311 1313 912 910
f 1313 1312 1314 1315
f 1313 1315 914 912
f 1315 1314 1316 1317
f 1315 1317 916 914
f 1317 1316 1318 1319
f 1317 1319 918 916
f 1319 1318 488 1320
f 1319 1320 920 918
f 1320 488 487 1321
f 1320 1321 922 920
f 1321 487 490 1322
f 1321 1322 924 922
f 1322 490 1323 1324
f 1322 1324 926 924
f 1324 1323 1325 1326
f 1324 1326 928 926
f 1326 1325 1327 1328
f 1326 1328 930 928
f 1328 1327 1329 1330
f 1328 1330 932 930
f 1330 1329 528 1331
f 1330 1331 934 932
f 1331 528 527 1332
f 1331 1332 936 934
f 1332 527 529 1333
f 1332 1333 938 936
f 1333 529 1334 1335
f 1333 1335 940 938
f 1335 1334 1336 1337
f 1335 1337 942 940
f 1337 1336 1338 1339
f 1337 1339 944 942
f 1339 1338 1340 1341
f 1339 1341 946 944
f 1341 1340 1342 1343
f 1341 1343 948 946
f 1343 1342 1344 1345
f 1343 1345 950 948
f 1345 1344 1346 1347
f 1345 1347 952 950
f 1347 1346 1348 1349
f 1347 1349 954 952
f 1349 1348 1350 1351
f 1349 1351 956 954
f 1351 1350 1352 1353
f 1351 1353 958 956
f 1353 1352 1354 1355
f 1353 1355 960 958
f 1355 1354 1356 1357
f 1355 1357 962 960
f 1357 1356 1358 1359
f 1357 1359 964 962
f 1359 1358 1360 1361
f 1359 1361 966 964
f 1361 1360 1362 1363
f 1361 1363 968 966
f 1363 1362 1364 1365
f 1363 1365 970 968
f 1365 1364 1366 1367
f 1365 1367 972 970
f 1367 1366 1368 1369
f 1367 1369 974 972
f 1369 1368 1370 1371
f 1369 1371 976 974
f 1371 1370 1372 1373
f 1371 1373 978 976
f 1373 1372 1374 1375
f 1373 1375 980 978
f 1375 1374 1376 1377
f 1375 1377 982 980
f 1377 1376 1378 1379
f 1377 1379 984 982
f 1379 1378 1380 1381
f 1379 1381 986 984
f 1381 1380 1382 1383
f 1381 1383 988 986
f 1383 1382 1384 1385
f 1383 1385 990 988
f 1385 1384 1386 1387
f 1385 1387 992 990
f 1387 1386 1388 1389
f 1387 1389 994 992
f 1389 1388 1390 1391
f 1389 1391 996 994
f 1391 1390 1392 1393
f 1391 1393 998 996
f 1393 1392 1394 1395
f 1393 1395 1000 998
f 1395 1394 1396 1005
f 1395 1005 1002 1000
f 1396 1394 1397 1398
f 1396 1398 1399 1008
f 1396 1008 1006 1005
f 1399 1398 1400 1401
f 1399 1401 1402 1011
f 1399 1011 1009 1008
f 1402 1401 1403 1404
f 1402 1404 1405 1014
f 1402 1014 1012 1011
f 1405 1404 1406 1407
f 1405 1407 1408 1017
f 1405 1017 1015 1014
f 1408 1407 1409 1410
f 1408 1410 1411 1020
f 1408 1020 1018 1017
f 1411 1410 1412 1413
f 1411 1413 1414 1023
f 1411 1023 1021 1020
f 1414 1413 1415 1416
f 1414 1416 1417 1026
f 1414 1026 1024 1023
f 1417 1416 1418 1419
f 1417 1419 1420 1029
f 1417 1029 1027 1026
f 1420 1419 1421 1422
f 1420 1422 1423 1032
f 1420 1032 1030 1029
f 1423 1422 1424 1425
f 1423 1425 1426 1035
f 1423 1035 1033 1032
f 1426 1425 1427 1428
f 1426 1428 1429 1430
f 1426 1430 1036 1035
f 1430 1429 1431 1432
f 1430 1432 1037 1036
f 1432 1431 1433 1434
f 1432 1434 1039 1037
f 1434 1433 1435 1436
f 1434 1436 1041 1039
f 1436 1435 1437 1438
f 1436 1438 1439 1041
f 1439 1438 1440 1441
f 1439 1441 1442 1044
f 1439 1044 1042 1041
f 1442 1441 1443 1444
f 1442 1444 1445 1047
f 1442 1047 1045 1044
f 1445 1444 1446 1447
f 1445 1447 1448 1050
f 1445 1050 1048 1047
f 1448 1447 1449 1450
f 1448 1450 1451 1053
f 1448 1053 1051 1050
f 1451 1450 1452 1453
f 1451 1453 1454 1056
f 1451 1056 1054 1053
f 1454 1059 1057 1056
f 1454 1453 1455 1456
f 1454 1456 1457 1059
f 1457 1062 1060 1059
f 1457 1456 1458 1459
f 1457 1459 1460 1062
f 1460 1065 1063 1062
f 1460 1459 1079 1077
f 1460 1077 1075 1065
f 1459 1458 1081 1079
f 1458 1456 1455 1461
f 1458 1461 1083 1081
f 1461 1455 1462 1463
f 1461 1463 1085 1083
f 1463 1462 1464 1465
f 1463 1465 1087 1085
f 1465 1464 1466 1467
f 1465 1467 1089 1087
f 1467 1466 1468 1469
f 1467 1469 1091 1089
f 1469 1468 1470 1471
f 1469 1471 1093 1091
f 1471 1470 1472 1473
f 1471 1473 1095 1093
f 1473 1472 1474 1475
f 1473 1475 1097 1095
f 1475 1474 1476 1477
f 1475 1477 1099 1097
f 1477 1476 1478 1479
f 1477 1479 1101 1099
f 1479 1478 1480 1481
f 1479 1481 1103 1101
f 1481 1480 1482 1483
f 1481 1483 1105 1103
f 1483 1482 1484 1485
f 1483 1485 1107 1105
f 1485 1484 1486 1487
f 1485 1487 1109 1107
f 1487 1486 1488 1489
f 1487 1489 1111 1109
f 1489 1488 1490 1491
f 1489 1491 1113 1111
f 1491 1490 1492 1493
f 1491 1493 1115 1113
f 1493 1492 1494 1495
f 1493 1495 1117 1115
f 1495 1494 1496 1497
f 1495 1497 1119 1117
f 1497 1496 1498 1499
f 1497 1499 1121 1119
f 1499 1498 1500 1501
f 1499 1501 1123 1121
f 1501 1500 1502 1503
f 1501 1503 1125 1123
f 1503 1502 1504 1505
f 1503 1505 1127 1125
f 1505 1504 1506 1507
f 1505 1507 1129 1127
f 1507 1506 1508 1509
f 1507 1509 1131 1129
f 1509 1508 1510 1511
f 1509 1511 1133 1131
f 1511 1510 1512 1513
f 1511 1513 1135 1133
f 1513 1512 1514 1515
f 1513 1515 1137 1135
f 1515 1514 1516 1517
f 1515 1517 1139 1137
f 1517 1516 1518 1519
f 1517 1519 1141 1139
f 1519 1518 1520 1521
f 1519 1521 1143 1141
f 1521 1520 1522 1523
f 1521 1523 1145 1143
f 1523 1522 1524 1525
f 1523 1525 1147 1145
f 1525 1524 1526 1527
f 1525 1527 1149 1147
f 1527 1526 1528 1529
f 1527 1529 1151 1149
f 1529 1528 1530 1531
f 1529 1531 1153 1151
f 1531 1530 1532 1533
f 1531 1533 1155 1153
f 1533 1532 1534 1535
f 1533 1535 1157 1155
f 1535 1534 1536 1537
f 1535 1537 1159 1157
f 1537 1536 1538 1539
f 1537 1539 1161 1159
f 1539 1538 1540 1541
f 1539 1541 1163 1161
f 1541 1540 1542 1543
f 1541 1543 1165 1163
f 1543 1542 1544 1545
f 1543 1545 1167 1165
f 1545 1544 1546 1547
f 1545 1547 1169 1167
f 1547 1546 1548 1549
f 1547 1549 1171 1169
f 1549 1548 1550 1551
f 1549 1551 1173 1171
f 1551 1550 1552 1553
f 1551 1553 1175 1173
f 1553 1552 1554 1555
f 1553 1555 1177 1175
f 1555 1554 1556 1557
f 1555 1557 1179 1177
f 1557 1556 1558 1559
f 1557 1559 1181 1179
f 1559 1558 1560 1561
f 1559 1561 1183 1181
f 1561 1560 1562 1563
f 1561 1563 1185 1183
f 1563 1562 1564 1565
f 1563 1565 1187 1185
f 1565 1564 1566 1567
f 1565 1567 1189 1187
f 1567 1566 1568 1569
f 1567 1569 1191 1189
f 1569 1568 1570 1571
f 1569 1571 1193 1191
f 1571 1570 1572 1573
f 1571 1573 1195 1193
f 1573 1572 1574 1575
f 1573 1575 1197 1195
f 1575 1574 1576 1577
f 1575 1577 1199 1197
f 1577 1576 1578 1579
f 1577 1579 1201 1199
f 1579 1578 1580 1581
f 1579 1581 1203 1201
f 1581 1580 1582 1583
f 1581 1583 1205 1203
f 1583 1582 1584 1585
f 1583 1585 1207 1205
f 1585 1584 1586 1587
f 1585 1587 1209 1207
f 1587 1586 1588 1589
f 1587 1589 1211 1209
f 1589 1588 1590 1591
f 1589 1591 1213 1211
f 1591 1590 1592 1593
f 1591 1593 1215 1213
f 1593 1592 1594 1595
f 1593 1595 1217 1215
f 1595 1594 1596 1597
f 1595 1597 1219 1217
f 1597 1596 1598 1599
f 1597 1599 1221 1219
f 1599 1598 1600 1601
f 1599 1601 1223 1221
f 1601 1600 1602 1603
f 1601 1603 1225 1223
f 1603 1602 1604 1605
f 1603 1605 1227 1225
f 1605 1604 1606 1607
f 1605 1607 1229 1227
f 1607 1606 1608 1609
f 1607 1609 1231 1229
f 1609 1608 1610 1611
f 1609 1611 1233 1231
f 1611 1610 1612 1613
f 1611 1613 1235 1233
f 1613 1612 1614 1615
f 1613 1615 1237 1235
f 1615 1614 1616 1617
f 1615 1617 1239 1237
f 1617 1616 1618 1619
f 1617 1619 1241 1239
f 1619 1618 1620 1621
f 1619 1621 1243 1241
f 1621 1620 1622 1623
f 1621 1623 1245 1243
f 1623 1622 1624 1625
f 1623 1625 1247 1245
f 1625 1624 1626 1627
f 1625 1627 1249 1247
f 1627 1626 1628 1629
f 1627 1629 1251 1249
f 1629 1628 1630 1631
f 1629 1631 1253 1251
f 1631 1630 1632 1633
f 1631 1633 1255 1253
f 1633 1632 1634 1635
f 1633 1635 1257 1255
f 1635 1634 1636 1637
f 1635 1637 1259 1257
f 1637 1636 1638 1639
f 1637 1639 1261 1259
f 1639 1638 1640 1641
f 1639 1641 1263 1261
f 1641 1640 1642 1643
f 1641 1643 1265 1263
f 1643 1642 1644 1645
f 1643 1645 1267 1265
f 1645 1644 1646 1647
f 1645 1647 1269 1267
f 1647 1646 1648 1649
f 1647 1649 1271 1269
f 1649 1648 1280 1278
f 1649 1278 1273 1271
f 1648 1646 1650 1651
f 1648 1651 1282 1280
f 1651 1650 1652 1653
f 1651 1653 1284 1282
f 1653 1652 1654 1655
f 1653 1655 1286 1284
f 1655 1654 1656 1657
f 1655 1657 1658 1286
f 1658 1657 1659 1660
f 1658 1660 1661 1289
f 1658 1289 1287 1286
f 1661 1660 1662 1663
f 1661 1663 1294 1292
f 1661 1292 1290 1289
f 1663 1662 1664 1665
f 1663 1665 1296 1294
f 1665 1664 1666 1667
f 1665 1667 1298 1296
f 1667 1666 1668 1669
f 1667 1669 1300 1298
f 1669 1668 1670 1671
f 1669 1671 1302 1300
f 1671 1670 1672 1673
f 1671 1673 1304 1302
f 1673 1672 1674 1675
f 1673 1675 1306 1304
f 1675 1674 1676 1677
f 1675 1677 1308 1306
f 1677 1676 1678 1679
f 1677 1679 1310 1308
f 1679 1678 1680 1681
f 1679 1681 1312 1310
f 1681 1680 1682 1683
f 1681 1683 1314 1312
f 1683 1682 1684 1685
f 1683 1685 1316 1314
f 1685 1684 1686 1687
f 1685 1687 1318 1316
f 1687 1686 485 484
f 1687 484 488 1318
f 1686 1684 1688 1689
f 1686 1689 1690 485
f 1690 1689 1691 1692
f 1690 1692 1693 1694
f 1690 1694 486 485
f 1694 1693 1695 1696
f 1694 1696 491 486
f 1696 1695 1697 1698
f 1696 1698 1699 491
f 1699 1700 492 491
f 1699 1698 1701 1702
f 1699 1702 482 1700
f 1702 1701 1703 1704
f 1702 1704 479 482
f 1704 1703 519 1705
f 1704 1705 480 479
f 1705 519 518 1706
f 1705 1706 1707 480
f 1707 1708 474 480
f 1707 1706 1709 1710
f 1707 1710 1711 1708
f 1711 1712 1713 1708
f 1711 1710 1714 1715
f 1711 1715 1716 1712
f 1716 1717 1718 1712
f 1716 1715 1719 1720
f 1716 1720 1721 1717
f 1721 1722 1723 1717
f 1721 1720 1724 1725
f 1721 1725 1726 1722
f 1726 1727 1728 1722
f 1726 1725 1729 1730
f 1726 1730 1731 1727
f 1731 1732 1733 1727
f 1731 1730 1734 1735
f 1731 1735 416 1732
f 1735 1734 1736 1737
f 1735 1737 417 416
f 1737 1736 1738 1739
f 1737 1739 418 417
f 1739 1738 1740 1741
f 1739 1741 1742 418
f 1742 1743 419 418
f 1742 1741 1744 1745
f 1742 1745 1746 1743
f 1746 1747 1748 1743
f 1746 1745 1749 1750
f 1746 1750 1751 1747
f 1751 1752 1753 1747
f 1751 1750 1754 1755
f 1751 1755 1756 1752
f 1756 1757 1758 1752
f 1756 1755 439 441
f 1756 441 1759 1757
f 1759 429 1760 1757
f 1759 441 402 401
f 1759 401 425 429
f 1760 433 431 1761
f 1760 1761 1758 1757
f 1760 429 428 433
f 1761 431 430 1762
f 1761 1762 1763 1758
f 1763 1762 1764 1765
f 1763 1765 1766 1753
f 1763 1753 1752 1758
f 1766 1765 1767 1768
f 1766 1768 420 1748
f 1766 1748 1747 1753
f 1768 1767 1769 1770
f 1768 1770 421 420
f 1770 1769 398 397
f 1770 397 422 421
f 1769 1771 423 398
f 1769 1767 1772 1771
f 1772 405 409 1771
f 1772 1767 1765 1764
f 1772 1764 406 405
f 1771 409 1773 423
f 1773 412 427 426
f 1773 426 424 423
f 1773 409 408 412
f 1764 1762 430 406
f 1755 1754 440 439
f 1754 1750 1749 1774
f 1754 1774 1775 440
f 1775 1774 1776 1777
f 1775 1777 1778 1779
f 1775 1779 437 440
f 1779 1778 1780 1781
f 1779 1781 438 437
f 1781 1780 1782 1783
f 1781 1783 1784 438
f 1784 1785 435 438
f 1784 1783 1786 1787
f 1784 1787 1788 1785
f 1788 1789 1790 1785
f 1788 1787 1791 1792
f 1788 1792 1793 1789
f 1793 1794 1795 1789
f 1793 1792 1796 1797
f 1793 1797 1798 1794
f 1798 1799 1800 1794
f 1798 1797 1801 1802
f 1798 1802 1803 1799
f 1803 1804 1805 1799
f 1803 1802 1806 1807
f 1803 1807 1808 1804
f 1808 1809 1810 1804
f 1808 1807 1811 1812
f 1808 1812 1813 1809
f 1813 1814 1815 1809
f 1813 1812 1816 1817
f 1813 1817 1818 1814
f 1818 1819 1820 1814
f 1818 1817 1821 1822
f 1818 1822 1823 1819
f 1823 1824 1825 1819
f 1823 1822 264 260
f 1823 260 259 1824
f 1825 1826 1827 1828
f 1825 1828 1820 1819
f 1825 1824 1829 1826
f 1829 268 1830 1826
f 1829 1824 259 256
f 1829 256 255 268
f 1830 1831 1832 1833
f 1830 1833 1827 1826
f 1830 268 267 1831
f 1833 1832 1834 1835
f 1833 1835 1836 1827
f 1836 1835 1837 1838
f 1836 1838 1839 1840
f 1836 1840 1828 1827
f 1840 1839 1841 1842
f 1840 1842 1820 1828
f 1842 1841 1843 1815
f 1842 1815 1814 1820
f 1843 1841 1844 1845
f 1843 1845 1846 1810
f 1843 1810 1809 1815
f 1846 1845 1847 1848
f 1846 1848 1849 1805
f 1846 1805 1804 1810
f 1849 1848 1850 1851
f 1849 1851 1852 1800
f 1849 1800 1799 1805
f 1852 1851 1853 1854
f 1852 1854 1855 1795
f 1852 1795 1794 1800
f 1855 1854 1856 1857
f 1855 1857 436 1790
f 1855 1790 1789 1795
f 1857 1856 1858 1859
f 1857 1859 434 436
f 1859 1858 1860 404
f 1859 404 403 434
f 1860 1861 1862 1863
f 1860 1863 399 404
f 1860 1858 1864 1861
f 1864 1865 1866 1861
f 1864 1858 1856 1867
f 1864 1867 1868 1865
f 1868 1869 1870 1865
f 1868 1867 1853 1871
f 1868 1871 1872 1869
f 1872 1873 1874 1869
f 1872 1871 1850 1875
f 1872 1875 1876 1873
f 1876 279 280 1873
f 1876 1875 1847 1877
f 1878 1879 31 279
f 1878 1877 1844 1880
f 1878 1880 1881 1879
f 1881 223 216 1879
f 1881 1880 1839 1838
f 1881 1838 1837 223
f 1880 1844 1841 1839
f 1879 216 215 31
f 1877 1847 1845 1844
f 1875 1850 1848 1847
f 1874 1882 1883 1884
f 1874 1884 1870 1869
f 1874 1873 280 1882
f 1884 1883 288 1885
f 1884 1885 1886 1870
f 1886 1885 1887 1888
f 1886 1888 1889 1866
f 1886 1866 1865 1870
f 1889 1888 1890 1891
f 1889 1891 1892 1862
f 1889 1862 1861 1866
f 1892 1891 1893 1894
f 1892 1894 1895 1896
f 1892 1896 1863 1862
f 1896 1895 1897 400
f 1896 400 399 1863
f 1897 1895 1898 1899
f 1897 1899 1900 1901
f 1897 1901 396 400
f 1901 1900 413 422
f 1901 422 397 396
f 1900 1899 1902 1903
f 1900 1903 414 413
f 1903 1902 1904 1905
f 1903 1905 1906 414
f 1906 1905 1907 1908
f 1906 1908 1909 1910
f 1906 1910 415 414
f 1910 1909 1733 1732
f 1910 1732 416 415
f 1909 1908 1911 1912
f 1909 1912 1913 1733
f 1913 1912 1914 1915
f 1913 1915 1916 1728
f 1913 1728 1727 1733
f 1916 1915 1917 1918
f 1916 1918 1919 1723
f 1916 1723 1722 1728
f 1919 1918 1920 1921
f 1919 1921 1922 1718
f 1919 1718 1717 1723
f 1922 1921 1923 1924
f 1922 1924 475 1713
f 1922 1713 1712 1718
f 1924 1923 1925 1926
f 1924 1926 476 475
f 1926 1925 1927 1928
f 1926 1928 477 476
f 1928 1927 1929 1930
f 1928 1930 1931 477
f 1931 1930 1932 1933
f 1931 1933 1934 1935
f 1931 1935 478 477
f 1935 1934 1936 1937
f 1935 1937 483 478
f 1937 1936 1938 1939
f 1937 1939 1940 483
f 1940 1941 481 483
f 1940 1939 1942 1943
f 1940 1943 493 1941
f 1943 1942 1944 1945
f 1943 1945 489 493
f 1945 1944 1325 1323
f 1945 1323 490 489
f 1944 1942 1946 1947
f 1944 1947 1327 1325
f 1947 1946 1948 1949
f 1947 1949 1329 1327
f 1949 1948 526 525
f 1949 525 528 1329
f 1948 1946 1938 1950
f 1948 1950 1951 526
f 1951 1952 1953 1954
f 1951 1954 520 526
f 1951 1950 1955 1952
f 1955 1956 1957 1952
f 1955 1950 1938 1936
f 1955 1936 1934 1956
f 1957 1958 1959 1960
f 1957 1960 1953 1952
f 1957 1956 1961 1958
f 1961 1962 1963 1958
f 1961 1956 1934 1933
f 1961 1933 1932 1962
f 1963 1964 1965 1966
f 1963 1966 1959 1958
f 1963 1962 1967 1964
f 1967 1968 1969 1964
f 1967 1962 1932 1970
f 1967 1970 1971 1968
f 1971 1972 1973 1968
f 1971 1970 1929 1974
f 1971 1974 1975 1972
f 1975 1976 1977 1972
f 1975 1974 1978 1979
f 1975 1979 1980 1976
f 1980 1981 1982 1976
f 1980 1979 1983 1984
f 1980 1984 1985 1981
f 1985 1986 1987 1981
f 1985 1984 1988 1989
f 1985 1989 1990 1986
f 1990 1991 1992 1986
f 1990 1989 1993 1994
f 1990 1994 1995 1991
f 1995 1996 1997 1991
f 1995 1994 1998 1999
f 1995 1999 2000 1996
f 2000 2001 2002 1996
f 2000 1999 2003 2004
f 2000 2004 2005 2001
f 2005 2006 2007 2001
f 2005 2004 2008 2009
f 2005 2009 2010 2006
f 2010 2011 2012 2006
f 2010 2009 2013 2014
f 2010 2014 2015 2011
f 2015 2016 2017 2011
f 2015 2014 2018 2019
f 2015 2019 2020 2016
f 2020 236 235 2016
f 2020 2019 2021 2022
f 2020 2022 2023 236
f 2023 2024 237 236
f 2023 2022 2025 149
f 2023 149 148 2024
f 2025 2022 2021 2026
f 2025 2026 2027 2028
f 2025 2028 150 149
f 2028 2027 1890 2029
f 2028 2029 151 150
f 2029 1890 1888 1887
f 2029 1887 287 151
f 2027 2026 2030 1893
f 2027 1893 1891 1890
f 2030 2026 2021 2031
f 2030 2031 2032 2033
f 2030 2033 1894 1893
f 2033 2032 2034 1898
f 2033 1898 1895 1894
f 2034 2032 2035 2036
f 2034 2036 1904 1902
f 2034 1902 1899 1898
f 2036 2035 2013 2037
f 2036 2037 2038 1904
f 2038 2037 2008 2039
f 2038 2039 2040 1907
f 2038 1907 1905 1904
f 2040 2039 2003 2041
f 2040 2041 2042 1911
f 2040 1911 1908 1907
f 2042 2041 1998 2043
f 2042 2043 2044 1914
f 2042 1914 1912 1911
f 2044 2043 1993 2045
f 2044 2045 2046 1917
f 2044 1917 1915 1914
f 2046 2045 1988 2047
f 2046 2047 2048 1920
f 2046 1920 1918 1917
f 2048 2047 1983 2049
f 2048 2049 1925 1923
f 2048 1923 1921 1920
f 2049 1983 1979 1978
f 2049 1978 1927 1925
f 2047 1988 1984 1983
f 2045 1993 1989 1988
f 2043 1998 1994 1993
f 2041 2003 1999 1998
f 2039 2008 2004 2003
f 2037 2013 2009 2008
f 2035 2018 2014 2013
f 2035 2032 2031 2018
f 2031 2021 2019 2018
f 2024 148 153 2050
f 2024 2050 239 237
f 2050 153 289 2051
f 2050 2051 2052 239
f 2052 2051 1883 1882
f 2052 1882 280 278
f 2052 278 240 239
f 2051 289 288 1883
f 2017 218 217 2053
f 2017 2053 2012 2011
f 2017 2016 235 218
f 2053 217 222 2054
f 2053 2054 2055 2012
f 2055 2054 2056 2057
f 2055 2057 2058 2007
f 2055 2007 2006 2012
f 2058 2057 266 2059
f 2058 2059 2060 2002
f 2058 2002 2001 2007
f 2060 2059 2061 2062
f 2060 2062 2063 1997
f 2060 1997 1996 2002
f 2063 2062 2064 2065
f 2063 2065 2066 1992
f 2063 1992 1991 1997
f 2066 2065 2067 2068
f 2066 2068 2069 1987
f 2066 1987 1986 1992
f 2069 2068 2070 2071
f 2069 2071 2072 1982
f 2069 1982 1981 1987
f 2072 2071 2073 2074
f 2072 2074 2075 1977
f 2072 1977 1976 1982
f 2075 2074 2076 2077
f 2075 2077 2078 1973
f 2075 1973 1972 1977
f 2078 2077 2079 2080
f 2078 2080 2081 1969
f 2078 1969 1968 1973
f 2081 2080 2082 2083
f 2081 2083 2084 1965
f 2081 1965 1964 1969
f 2084 2083 2085 2086
f 2084 2086 2087 2088
f 2084 2088 1966 1965
f 2088 2087 2089 2090
f 2088 2090 1959 1966
f 2090 2089 2091 2092
f 2090 2092 1960 1959
f 2092 2091 2093 2094
f 2092 2094 1953 1960
f 2094 2093 2095 2096
f 2094 2096 1954 1953
f 2096 2095 2097 521
f 2096 521 520 1954
f 2097 2095 2098 2099
f 2097 2099 2100 2101
f 2097 2101 522 521
f 2101 2100 2102 2103
f 2101 2103 523 522
f 2103 2102 2104 2105
f 2103 2105 2106 523
f 2106 2105 2107 2108
f 2106 2108 2109 2110
f 2106 2110 524 523
f 2110 2109 1336 1334
f 2110 1334 529 524
f 2109 2108 2111 2112
f 2109 2112 1338 1336
f 2112 2111 2113 2114
f 2112 2114 1340 1338
f 2114 2113 2115 2116
f 2114 2116 1342 1340
f 2116 2115 2117 2118
f 2116 2118 1344 1342
f 2118 2117 2119 2120
f 2118 2120 1346 1344
f 2120 2119 2121 2122
f 2120 2122 1348 1346
f 2122 2121 2123 2124
f 2122 2124 1350 1348
f 2124 2123 2125 2126
f 2124 2126 1352 1350
f 2126 2125 2127 2128
f 2126 2128 1354 1352
f 2128 2127 2129 2130
f 2128 2130 1356 1354
f 2130 2129 2131 2132
f 2130 2132 1358 1356
f 2132 2131 2133 2134
f 2132 2134 1360 1358
f 2134 2133 2135 2136
f 2134 2136 1362 1360
f 2136 2135 2137 2138
f 2136 2138 1364 1362
f 2138 2137 2139 2140
f 2138 2140 1366 1364
f 2140 2139 2141 2142
f 2140 2142 1368 1366
f 2142 2141 2143 2144
f 2142 2144 1370 1368
f 2144 2143 2145 2146
f 2144 2146 1372 1370
f 2146 2145 2147 2148
f 2146 2148 1374 1372
f 2148 2147 2149 2150
f 2148 2150 1376 1374
f 2150 2149 2151 2152
f 2150 2152 1378 1376
f 2152 2151 2153 2154
f 2152 2154 1380 1378
f 2154 2153 2155 2156
f 2154 2156 1382 1380
f 2156 2155 2157 2158
f 2156 2158 1384 1382
f 2158 2157 2159 2160
f 2158 2160 1386 1384
f 2160 2159 2161 2162
f 2160 2162 1388 1386
f 2162 2161 2163 2164
f 2162 2164 1390 1388
f 2164 2163 2165 2166
f 2164 2166 1392 1390
f 2166 2165 2167 1397
f 2166 1397 1394 1392
f 2167 2165 2168 2169
f 2167 2169 2170 1400
f 2167 1400 1398 1397
f 2170 2169 2171 2172
f 2170 2172 2173 1403
f 2170 1403 1401 1400
f 2173 2172 2174 2175
f 2173 2175 2176 1406
f 2173 1406 1404 1403
f 2176 2175 2177 2178
f 2176 2178 2179 1409
f 2176 1409 1407 1406
f 2179 2178 2180 2181
f 2179 2181 2182 1412
f 2179 1412 1410 1409
f 2182 2181 2183 2184
f 2182 2184 2185 1415
f 2182 1415 1413 1412
f 2185 2184 2186 2187
f 2185 2187 2188 1418
f 2185 1418 1416 1415
f 2188 2187 2189 2190
f 2188 2190 2191 1421
f 2188 1421 1419 1418
f 2191 2190 2192 2193
f 2191 2193 2194 1424
f 2191 1424 1422 1421
f 2194 2193 2195 2196
f 2194 2196 2197 1427
f 2194 1427 1425 1424
f 2197 2196 2198 2199
f 2197 2199 2200 2201
f 2197 2201 1428 1427
f 2201 2200 2202 2203
f 2201 2203 1429 1428
f 2203 2202 2204 2205
f 2203 2205 1431 1429
f 2205 2204 2206 2207
f 2205 2207 1433 1431
f 2207 2206 2208 2209
f 2207 2209 1435 1433
f 2209 2208 2210 2211
f 2209 2211 1437 1435
f 2211 2210 2212 2213
f 2211 2213 2214 1437
f 2214 2213 2215 2216
f 2214 2216 2217 1440
f 2214 1440 1438 1437
f 2217 2216 2218 2219
f 2217 2219 2220 1443
f 2217 1443 1441 1440
f 2220 2219 2221 2222
f 2220 2222 2223 1446
f 2220 1446 1444 1443
f 2223 2222 2224 2225
f 2223 2225 2226 1449
f 2223 1449 1447 1446
f 2226 2225 1466 1464
f 2226 1464 1462 1452
f 2226 1452 1450 1449
f 2225 2224 1468 1466
f 2224 2222 2221 2227
f 2224 2227 1470 1468
f 2227 2221 2228 2229
f 2227 2229 1472 1470
f 2229 2228 2230 2231
f 2229 2231 1474 1472
f 2231 2230 2232 2233
f 2231 2233 1476 1474
f 2233 2232 2234 2235
f 2233 2235 1478 1476
f 2235 2234 2236 2237
f 2235 2237 1480 1478
f 2237 2236 2238 2239
f 2237 2239 1482 1480
f 2239 2238 2240 2241
f 2239 2241 1484 1482
f 2241 2240 2242 2243
f 2241 2243 1486 1484
f 2243 2242 2244 2245
f 2243 2245 1488 1486
f 2245 2244 2246 2247
f 2245 2247 1490 1488
f 2247 2246 2248 2249
f 2247 2249 1492 1490
f 2249 2248 2250 2251
f 2249 2251 1494 1492
f 2251 2250 2252 2253
f 2251 2253 1496 1494
f 2253 2252 2254 2255
f 2253 2255 1498 1496
f 2255 2254 2256 2257
f 2255 2257 1500 1498
f 2257 2256 2258 2259
f 2257 2259 1502 1500
f 2259 2258 2260 2261
f 2259 2261 1504 1502
f 2261 2260 2262 2263
f 2261 2263 1506 1504
f 2263 2262 2264 2265
f 2263 2265 1508 1506
f 2265 2264 2266 2267
f 2265 2267 1510 1508
f 2267 2266 2268 2269
f 2267 2269 1512 1510
f 2269 2268 2270 2271
f 2269 2271 1514 1512
f 2271 2270 2272 2273
f 2271 2273 1516 1514
f 2273 2272 2274 2275
f 2273 2275 1518 1516
f 2275 2274 2276 2277
f 2275 2277 1520 1518
f 2277 2276 2278 2279
f 2277 2279 1522 1520
f 2279 2278 2280 2281
f 2279 2281 1524 1522
f 2281 2280 2282 2283
f 2281 2283 1526 1524
f 2283 2282 2284 2285
f 2283 2285 1528 1526
f 2285 2284 2286 2287
f 2285 2287 1530 1528
f 2287 2286 2288 2289
f 2287 2289 1532 1530
f 2289 2288 2290 2291
f 2289 2291 1534 1532
f 2291 2290 2292 2293
f 2291 2293 1536 1534
f 2293 2292 2294 2295
f 2293 2295 1538 1536
f 2295 2294 2296 2297
f 2295 2297 1540 1538
f 2297 2296 2298 2299
f 2297 2299 1542 1540
f 2299 2298 2300 2301
f 2299 2301 1544 1542
f 2301 2300 2302 2303
f 2301 2303 1546 1544
f 2303 2302 2304 2305
f 2303 2305 1548 1546
f 2305 2304 2306 2307
f 2305 2307 1550 1548
f 2307 2306 2308 2309
f 2307 2309 1552 1550
f 2309 2308 2310 2311
f 2309 2311 1554 1552
f 2311 2310 2312 2313
f 2311 2313 1556 1554
f 2313 2312 2314 2315
f 2313 2315 1558 1556
f 2315 2314 2316 2317
f 2315 2317 1560 1558
f 2317 2316 2318 2319
f 2317 2319 1562 1560
f 2319 2318 2320 2321
f 2319 2321 1564 1562
f 2321 2320 2322 2323
f 2321 2323 1566 1564
f 2323 2322 2324 2325
f 2323 2325 1568 1566
f 2325 2324 2326 2327
f 2325 2327 1570 1568
f 2327 2326 2328 2329
f 2327 2329 1572 1570
f 2329 2328 2330 2331
f 2329 2331 1574 1572
f 2331 2330 2332 2333
f 2331 2333 1576 1574
f 2333 2332 2334 2335
f 2333 2335 1578 1576
f 2335 2334 2336 2337
f 2335 2337 1580 1578
f 2337 2336 2338 2339
f 2337 2339 1582 1580
f 2339 2338 2340 2341
f 2339 2341 1584 1582
f 2341 2340 2342 2343
f 2341 2343 1586 1584
f 2343 2342 2344 2345
f 2343 2345 1588 1586
f 2345 2344 2346 2347
f 2345 2347 1590 1588
f 2347 2346 2348 2349
f 2347 2349 1592 1590
f 2349 2348 2350 2351
f 2349 2351 1594 1592
f 2351 2350 2352 2353
f 2351 2353 1596 1594
f 2353 2352 2354 2355
f 2353 2355 1598 1596
f 2355 2354 2356 2357
f 2355 2357 1600 1598
f 2357 2356 2358 2359
f 2357 2359 1602 1600
f 2359 2358 508 513
f 2359 513 1604 1602
f 2358 2356 2360 2361
f 2358 2361 509 508
f 2361 2360 2362 2363
f 2361 2363 536 509
f 2363 2362 2364 2365
f 2363 2365 537 536
f 2365 2364 2366 2367
f 2365 2367 2368 537
f 2368 2367 2369 2370
f 2368 2370 2371 2372
f 2368 2372 530 537
f 2372 2371 2373 2374
f 2372 2374 531 530
f 2374 2373 2375 2376
f 2374 2376 2377 531
f 2377 2378 532 531
f 2377 2376 2379 2380
f 2377 2380 2381 2378
f 2381 2380 2382 2383
f 2381 2383 2384 2385
f 2381 2385 2386 2378
f 2386 2385 2387 2388
f 2386 2388 2389 533
f 2386 533 532 2378
f 2389 2388 2390 2391
f 2389 2391 2392 2393
f 2389 2393 534 533
f 2393 2392 2394 2395
f 2393 2395 535 534
f 2395 2394 2396 2397
f 2395 2397 2398 535
f 2398 511 510 535
f 2398 2397 2399 2400
f 2398 2400 2401 511
f 2401 2402 512 511
f 2401 2400 2403 2404
f 2401 2404 2405 2402
f 2405 1610 1608 2402
f 2405 2404 2406 2407
f 2405 2407 1612 1610
f 2407 2406 2408 2409
f 2407 2409 1614 1612
f 2409 2408 2410 2411
f 2409 2411 1616 1614
f 2411 2410 2412 2413
f 2411 2413 1618 1616
f 2413 2412 2414 2415
f 2413 2415 1620 1618
f 2415 2414 2416 2417
f 2415 2417 1622 1620
f 2417 2416 2418 2419
f 2417 2419 1624 1622
f 2419 2418 2420 2421
f 2419 2421 1626 1624
f 2421 2420 2422 2423
f 2421 2423 1628 1626
f 2423 2422 2424 2425
f 2423 2425 1630 1628
f 2425 2424 2426 2427
f 2425 2427 1632 1630
f 2427 2426 2428 2429
f 2427 2429 1634 1632
f 2429 2428 2430 2431
f 2429 2431 1636 1634
f 2431 2430 2432 2433
f 2431 2433 1638 1636
f 2433 2432 2434 2435
f 2433 2435 1640 1638
f 2435 2434 2436 2437
f 2435 2437 1642 1640
f 2437 2436 2438 2439
f 2437 2439 1644 1642
f 2439 2438 1652 1650
f 2439 1650 1646 1644
f 2438 2436 2440 2441
f 2438 2441 1654 1652
f 2441 2440 2442 2443
f 2441 2443 1656 1654
f 2443 2442 2444 2445
f 2443 2445 2446 1656
f 2446 2445 2447 2448
f 2446 2448 2449 1659
f 2446 1659 1657 1656
f 2449 2448 2450 2451
f 2449 2451 1664 1662
f 2449 1662 1660 1659
f 2451 2450 2452 2453
f 2451 2453 1666 1664
f 2453 2452 2454 2455
f 2453 2455 1668 1666
f 2455 2454 376 384
f 2455 384 1670 1668
f 2454 2452 2456 2457
f 2454 2457 377 376
f 2457 2456 2458 2459
f 2457 2459 2460 377
f 2460 2459 2461 2462
f 2460 2462 2463 2464
f 2460 2464 378 377
f 2464 2463 2465 2466
f 2464 2466 379 378
f 2466 2465 2467 2468
f 2466 2468 2469 379
f 2469 2468 2470 2471
f 2469 2471 2472 2473
f 2469 2473 380 379
f 2473 2472 2474 2475
f 2473 2475 381 380
f 2475 2474 2476 2477
f 2475 2477 2478 381
f 2478 2479 382 381
f 2478 2477 2480 2481
f 2478 2481 2482 2479
f 2482 2483 2484 2479
f 2482 2481 2485 2486
f 2482 2486 2487 2483
f 2487 1680 1678 2483
f 2487 2486 2488 2489
f 2487 2489 1682 1680
f 2489 2488 2490 1688
f 2489 1688 1684 1682
f 2490 2488 2491 2492
f 2490 2492 2493 1691
f 2490 1691 1689 1688
f 2493 2492 2494 2495
f 2493 2495 2496 2497
f 2493 2497 1692 1691
f 2497 2496 2498 2499
f 2497 2499 1693 1692
f 2499 2498 2500 2501
f 2499 2501 1695 1693
f 2501 2500 2502 2503
f 2501 2503 1697 1695
f 2503 2502 549 548
f 2503 548 2504 1697
f 2504 1701 1698 1697
f 2504 548 68 2505
f 2504 2505 1703 1701
f 2505 68 515 514
f 2505 514 519 1703
f 2502 2500 2506 2507
f 2502 2507 2508 549
f 2508 2507 2509 2510
f 2508 2510 2511 2512
f 2508 2512 550 549
f 2512 2511 2513 2514
f 2512 2514 551 550
f 2514 2513 2515 2516
f 2514 2516 2517 551
f 2517 2518 552 551
f 2517 2516 2519 2520
f 2517 2520 2521 2518
f 2521 2522 2523 2518
f 2521 2520 2524 2525
f 2521 2525 2526 2522
f 2526 2527 2528 2522
f 2526 2525 2529 2530
f 2526 2530 2531 2527
f 2531 2532 2533 2527
f 2531 2530 2534 2535
f 2531 2535 2536 2532
f 2536 2537 2538 2532
f 2536 2535 2539 2540
f 2536 2540 2541 2537
f 2541 2542 2543 2537
f 2541 2540 2544 2545
f 2541 2545 2546 2542
f 2546 2547 2548 2542
f 2546 2545 2549 2550
f 2546 2550 2551 2547
f 2551 2552 2553 2547
f 2551 2550 538 542
f 2551 542 2554 2552
f 2554 2555 2556 2552
f 2554 542 541 2557
f 2554 2557 2558 2555
f 2558 2559 2560 2555
f 2558 2557 2561 2562
f 2558 2562 2563 2559
f 2563 1777 1776 2559
f 2563 2562 2564 2565
f 2563 2565 1778 1777
f 2565 2564 2566 2567
f 2565 2567 1780 1778
f 2567 2566 2568 2569
f 2567 2569 1782 1780
f 2569 2568 2570 2571
f 2569 2571 2572 1782
f 2572 1786 1783 1782
f 2572 2571 2086 2085
f 2572 2085 2573 1786
f 2573 1791 1787 1786
f 2573 2085 2083 2082
f 2573 2082 2574 1791
f 2574 1796 1792 1791
f 2574 2082 2080 2079
f 2574 2079 2575 1796
f 2575 1801 1797 1796
f 2575 2079 2077 2076
f 2575 2076 2576 1801
f 2576 1806 1802 1801
f 2576 2076 2074 2073
f 2576 2073 2577 1806
f 2577 1811 1807 1806
f 2577 2073 2071 2070
f 2577 2070 2578 1811
f 2578 1816 1812 1811
f 2578 2070 2068 2067
f 2578 2067 2579 1816
f 2579 1821 1817 1816
f 2579 2067 2065 2064
f 2579 2064 2580 1821
f 2580 264 1822 1821
f 2580 2064 2062 2061
f 2580 2061 265 264
f 2571 2570 2087 2086
f 2570 2568 2581 2582
f 2570 2582 2089 2087
f 2582 2581 2583 2584
f 2582 2584 2091 2089
f 2584 2583 2585 2586
f 2584 2586 2093 2091
f 2586 2585 2587 2098
f 2586 2098 2095 2093
f 2587 2585 2588 2589
f 2587 2589 2590 2591
f 2587 2591 2099 2098
f 2591 2590 2592 2593
f 2591 2593 2100 2099
f 2593 2592 2594 2595
f 2593 2595 2102 2100
f 2595 2594 2596 2597
f 2595 2597 2104 2102
f 2597 2596 2598 2599
f 2597 2599 2600 2104
f 2600 2599 2601 2602
f 2600 2602 2603 2107
f 2600 2107 2105 2104
f 2603 2602 2604 2605
f 2603 2605 2113 2111
f 2603 2111 2108 2107
f 2605 2604 2606 2607
f 2605 2607 2115 2113
f 2607 2606 2608 2609
f 2607 2609 2117 2115
f 2609 2608 2610 2611
f 2609 2611 2119 2117
f 2611 2610 2612 2613
f 2611 2613 2121 2119
f 2613 2612 2614 2615
f 2613 2615 2123 2121
f 2615 2614 2616 2617
f 2615 2617 2125 2123
f 2617 2616 2618 2619
f 2617 2619 2127 2125
f 2619 2618 2620 2621
f 2619 2621 2129 2127
f 2621 2620 2622 2623
f 2621 2623 2131 2129
f 2623 2622 2624 2625
f 2623 2625 2133 2131
f 2625 2624 2626 2627
f 2625 2627 2135 2133
f 2627 2626 2628 2629
f 2627 2629 2137 2135
f 2629 2628 2630 2631
f 2629 2631 2139 2137
f 2631 2630 2632 2633
f 2631 2633 2141 2139
f 2633 2632 2634 2635
f 2633 2635 2143 2141
f 2635 2634 2636 2637
f 2635 2637 2145 2143
f 2637 2636 2638 2639
f 2637 2639 2147 2145
f 2639 2638 2640 2641
f 2639 2641 2149 2147
f 2641 2640 2642 2643
f 2641 2643 2151 2149
f 2643 2642 2644 2645
f 2643 2645 2153 2151
f 2645 2644 2646 2647
f 2645 2647 2155 2153
f 2647 2646 2648 2649
f 2647 2649 2157 2155
f 2649 2648 2650 2651
f 2649 2651 2159 2157
f 2651 2650 2652 2653
f 2651 2653 2161 2159
f 2653 2652 2654 2655
f 2653 2655 2163 2161
f 2655 2654 2656 2168
f 2655 2168 2165 2163
f 2656 2654 2657 2658
f 2656 2658 2659 2171
f 2656 2171 2169 2168
f 2659 2658 2660 2661
f 2659 2661 2662 2174
f 2659 2174 2172 2171
f 2662 2661 2663 2664
f 2662 2664 2665 2177
f 2662 2177 2175 2174
f 2665 2664 2666 2667
f 2665 2667 2668 2180
f 2665 2180 2178 2177
f 2668 2667 2669 2670
f 2668 2670 2671 2183
f 2668 2183 2181 2180
f 2671 2670 2672 2673
f 2671 2673 2674 2186
f 2671 2186 2184 2183
f 2674 2673 2675 2676
f 2674 2676 2677 2189
f 2674 2189 2187 2186
f 2677 2676 2678 2679
f 2677 2679 2680 2192
f 2677 2192 2190 2189
f 2680 2679 2681 2682
f 2680 2682 2683 2195
f 2680 2195 2193 2192
f 2683 2682 2684 2685
f 2683 2685 2686 2198
f 2683 2198 2196 2195
f 2686 2685 2687 2688
f 2686 2688 2689 2690
f 2686 2690 2199 2198
f 2690 2689 2691 2692
f 2690 2692 2200 2199
f 2692 2691 2693 2694
f 2692 2694 2202 2200
f 2694 2693 2695 2696
f 2694 2696 2204 2202
f 2696 2695 2697 2698
f 2696 2698 2206 2204
f 2698 2697 2699 2700
f 2698 2700 2208 2206
f 2700 2699 2701 2702
f 2700 2702 2210 2208
f 2702 2701 2703 2704
f 2702 2704 2212 2210
f 2704 2703 2705 2706
f 2704 2706 2707 2212
f 2707 2706 2708 2709
f 2707 2709 2710 2215
f 2707 2215 2213 2212
f 2710 2709 2232 2230
f 2710 2230 2228 2218
f 2710 2218 2216 2215
f 2709 2708 2234 2232
f 2708 2706 2705 2711
f 2708 2711 2236 2234
f 2711 2705 2712 2713
f 2711 2713 2238 2236
f 2713 2712 2714 2715
f 2713 2715 2240 2238
f 2715 2714 2716 2717
f 2715 2717 2242 2240
f 2717 2716 2718 2719
f 2717 2719 2244 2242
f 2719 2718 2720 2721
f 2719 2721 2246 2244
f 2721 2720 2722 2723
f 2721 2723 2248 2246
f 2723 2722 2724 2725
f 2723 2725 2250 2248
f 2725 2724 2726 2727
f 2725 2727 2252 2250
f 2727 2726 2728 2729
f 2727 2729 2254 2252
f 2729 2728 2730 2731
f 2729 2731 2256 2254
f 2731 2730 2732 2733
f 2731 2733 2258 2256
f 2733 2732 2734 2735
f 2733 2735 2260 2258
f 2735 2734 2736 2737
f 2735 2737 2262 2260
f 2737 2736 2738 2739
f 2737 2739 2264 2262
f 2739 2738 2740 2741
f 2739 2741 2266 2264
f 2741 2740 2742 2743
f 2741 2743 2268 2266
f 2743 2742 2744 2745
f 2743 2745 2270 2268
f 2745 2744 2746 2747
f 2745 2747 2272 2270
f 2747 2746 2748 2749
f 2747 2749 2274 2272
f 2749 2748 2750 2751
f 2749 2751 2276 2274
f 2751 2750 2752 2753
f 2751 2753 2278 2276
f 2753 2752 2754 2755
f 2753 2755 2280 2278
f 2755 2754 2756 2757
f 2755 2757 2282 2280
f 2757 2756 2758 2759
f 2757 2759 2284 2282
f 2759 2758 2760 2761
f 2759 2761 2286 2284
f 2761 2760 2762 2763
f 2761 2763 2288 2286
f 2763 2762 2764 2765
f 2763 2765 2290 2288
f 2765 2764 2766 2767
f 2765 2767 2292 2290
f 2767 2766 2768 2769
f 2767 2769 2294 2292
f 2769 2768 2770 2771
f 2769 2771 2296 2294
f 2771 2770 2772 2773
f 2771 2773 2298 2296
f 2773 2772 2774 2775
f 2773 2775 2300 2298
f 2775 2774 2776 2777
f 2775 2777 2302 2300
f 2777 2776 2778 2779
f 2777 2779 2304 2302
f 2779 2778 2780 2781
f 2779 2781 2306 2304
f 2781 2780 2782 2783
f 2781 2783 2308 2306
f 2783 2782 2784 2785
f 2783 2785 2310 2308
f 2785 2784 2786 2787
f 2785 2787 2312 2310
f 2787 2786 2788 2789
f 2787 2789 2314 2312
f 2789 2788 2790 2791
f 2789 2791 2316 2314
f 2791 2790 2792 2793
f 2791 2793 2318 2316
f 2793 2792 2794 2795
f 2793 2795 2320 2318
f 2795 2794 2796 2797
f 2795 2797 2322 2320
f 2797 2796 2798 2799
f 2797 2799 2324 2322
f 2799 2798 2800 2801
f 2799 2801 2326 2324
f 2801 2800 2802 2803
f 2801 2803 2328 2326
f 2803 2802 2804 2805
f 2803 2805 2330 2328
f 2805 2804 2806 2807
f 2805 2807 2332 2330
f 2807 2806 617 2808
f 2807 2808 2334 2332
f 2808 617 616 2809
f 2808 2809 2336 2334
f 2809 616 615 2810
f 2809 2810 2338 2336
f 2810 615 2811 2812
f 2810 2812 2340 2338
f 2812 2811 2813 2814
f 2812 2814 2342 2340
f 2814 2813 2815 2816
f 2814 2816 2344 2342
f 2816 2815 2817 2818
f 2816 2818 2346 2344
f 2818 2817 2819 2820
f 2818 2820 2348 2346
f 2820 2819 2821 2822
f 2820 2822 2350 2348
f 2822 2821 2823 2824
f 2822 2824 2352 2350
f 2824 2823 2825 2826
f 2824 2826 2354 2352
f 2826 2825 2362 2360
f 2826 2360 2356 2354
f 2825 2823 2827 2828
f 2825 2828 2364 2362
f 2828 2827 2829 2830
f 2828 2830 2366 2364
f 2830 2829 2831 2832
f 2830 2832 2833 2366
f 2833 2832 2834 2835
f 2833 2835 2836 2369
f 2833 2369 2367 2366
f 2836 2835 2837 2838
f 2836 2838 2839 2840
f 2836 2840 2370 2369
f 2840 2839 2841 2842
f 2840 2842 2371 2370
f 2842 2841 2843 2844
f 2842 2844 2373 2371
f 2844 2843 2845 2846
f 2844 2846 2375 2373
f 2846 2845 2847 2848
f 2846 2848 2849 2375
f 2849 2379 2376 2375
f 2849 2848 2850 2851
f 2849 2851 2852 2379
f 2852 2382 2380 2379
f 2852 2851 2853 2854
f 2852 2854 2855 2382
f 2855 2854 2856 2857
f 2855 2857 2858 2859
f 2855 2859 2383 2382
f 2859 2858 2860 2861
f 2859 2861 2384 2383
f 2861 2860 555 554
f 2861 554 2862 2384
f 2862 554 69 2863
f 2862 2863 2864 2387
f 2862 2387 2385 2384
f 2864 2863 2865 2866
f 2864 2866 2867 2390
f 2864 2390 2388 2387
f 2867 2866 2868 2869
f 2867 2869 472 471
f 2867 471 2391 2390
f 2869 2870 473 472
f 2869 2868 2871 2870
f 2871 2872 2873 2870
f 2871 2868 2874 2875
f 2871 2875 2876 2872
f 2876 2877 2878 2872
f 2876 2875 2879 2880
f 2876 2880 2881 2877
f 2881 2882 2883 2877
f 2881 2880 2884 2885
f 2881 2885 2886 2882
f 2886 2887 2888 2882
f 2886 2885 2889 2890
f 2886 2890 2891 2887
f 2891 2892 2893 2887
f 2891 2890 2894 2895
f 2891 2895 2896 2892
f 2896 2897 2898 2892
f 2896 2895 2899 2900
f 2896 2900 2901 2897
f 2901 2902 2903 2897
f 2901 2900 2904 2905
f 2901 2905 2906 2902
f 2906 2907 2908 2902
f 2906 2905 2909 2910
f 2906 2910 2911 2907
f 2911 2912 2913 2907
f 2911 2910 2914 2915
f 2911 2915 2494 2912
f 2915 2914 2916 2917
f 2915 2917 2495 2494
f 2917 2916 2918 2919
f 2917 2919 2496 2495
f 2919 2918 2920 2921
f 2919 2921 2498 2496
f 2921 2920 2922 2506
f 2921 2506 2500 2498
f 2922 2920 2923 2924
f 2922 2924 2925 2509
f 2922 2509 2507 2506
f 2925 2924 2926 2927
f 2925 2927 2928 2929
f 2925 2929 2510 2509
f 2929 2928 2930 2931
f 2929 2931 2511 2510
f 2931 2930 2932 2933
f 2931 2933 2513 2511
f 2933 2932 2934 2935
f 2933 2935 2515 2513
f 2935 2934 2936 2937
f 2935 2937 2938 2515
f 2938 2519 2516 2515
f 2938 2937 2939 2940
f 2938 2940 2941 2519
f 2941 2524 2520 2519
f 2941 2940 2942 2943
f 2941 2943 2944 2524
f 2944 2529 2525 2524
f 2944 2943 2945 2946
f 2944 2946 2947 2529
f 2947 2534 2530 2529
f 2947 2946 2948 2949
f 2947 2949 2950 2534
f 2950 2539 2535 2534
f 2950 2949 2951 2952
f 2950 2952 2953 2539
f 2953 2544 2540 2539
f 2953 2952 2954 2955
f 2953 2955 2956 2544
f 2956 2549 2545 2544
f 2956 2955 2957 2958
f 2956 2958 539 2549
f 2958 2957 2959 2960
f 2958 2960 540 539
f 2960 2959 2961 2962
f 2960 2962 543 540
f 2962 2961 2963 2964
f 2962 2964 2965 543
f 2965 2966 544 543
f 2965 2964 2967 2968
f 2965 2968 2969 2966
f 2969 2970 2971 2966
f 2969 2968 2972 2973
f 2969 2973 2974 2970
f 2974 2975 2976 2970
f 2974 2973 2977 2978
f 2974 2978 2979 2975
f 2979 2978 2980 2981
f 2979 2981 2598 2596
f 2979 2596 2594 2975
f 2981 2980 503 496
f 2981 496 495 2598
f 2980 2978 2977 2982
f 2980 2982 2983 503
f 2983 2982 2984 2985
f 2983 2985 2986 2987
f 2983 2987 501 503
f 2987 2986 2988 2989
f 2987 2989 502 501
f 2989 2988 2990 2991
f 2989 2991 2992 502
f 2992 2993 499 502
f 2992 2991 2994 2995
f 2992 2995 2996 2993
f 2996 2997 2998 2993
f 2996 2995 2999 3000
f 2996 3000 3001 2997
f 3001 3000 3002 3003
f 3001 3003 3004 3005
f 3001 3005 3006 2997
f 3006 3005 3007 3008
f 3006 3008 3009 3010
f 3006 3010 2998 2997
f 3010 3009 3011 3012
f 3010 3012 500 2998
f 3012 3011 3013 3014
f 3012 3014 497 500
f 3014 3013 3015 3016
f 3014 3016 498 497
f 3016 3015 3017 3018
f 3016 3018 3019 498
f 3019 3020 494 498
f 3019 3018 2608 2606
f 3019 2606 2604 3020
f 3020 2601 495 494
f 3020 2604 2602 2601
f 3018 3017 2610 2608
f 3017 3015 3021 3022
f 3017 3022 2612 2610
f 3022 3021 3023 3024
f 3022 3024 2614 2612
f 3024 3023 3025 3026
f 3024 3026 2616 2614
f 3026 3025 3027 3028
f 3026 3028 2618 2616
f 3028 3027 3029 3030
f 3028 3030 2620 2618
f 3030 3029 3031 3032
f 3030 3032 2622 2620
f 3032 3031 3033 3034
f 3032 3034 2624 2622
f 3034 3033 3035 3036
f 3034 3036 2626 2624
f 3036 3035 567 573
f 3036 573 2628 2626
f 3035 3033 3037 3038
f 3035 3038 568 567
f 3038 3037 3039 3040
f 3038 3040 3041 568
f 3041 3040 3042 3043
f 3041 3043 3044 3045
f 3041 3045 569 568
f 3045 3044 3046 3047
f 3045 3047 570 569
f 3047 3046 3048 3049
f 3047 3049 3050 570
f 3050 3049 3051 3052
f 3050 3052 3053 3054
f 3050 3054 571 570
f 3054 3053 3055 3056
f 3054 3056 574 571
f 3056 3055 3057 3058
f 3056 3058 3059 574
f 3059 3058 3060 3061
f 3059 3061 3062 3063
f 3059 3063 575 574
f 3063 3062 3064 3065
f 3063 3065 576 575
f 3065 3064 2636 2634
f 3065 2634 2632 576
f 3064 3062 3066 3067
f 3064 3067 2638 2636
f 3067 3066 3068 3069
f 3067 3069 2640 2638
f 3069 3068 3070 3071
f 3069 3071 2642 2640
f 3071 3070 3072 3073
f 3071 3073 2644 2642
f 3073 3072 3074 3075
f 3073 3075 2646 2644
f 3075 3074 3076 3077
f 3075 3077 2648 2646
f 3077 3076 3078 3079
f 3077 3079 2650 2648
f 3079 3078 3080 3081
f 3079 3081 2652 2650
f 3081 3080 3082 2657
f 3081 2657 2654 2652
f 3082 3080 3083 3084
f 3082 3084 3085 2660
f 3082 2660 2658 2657
f 3085 3084 3086 3087
f 3085 3087 3088 2663
f 3085 2663 2661 2660
f 3088 3087 3089 3090
f 3088 3090 3091 2666
f 3088 2666 2664 2663
f 3091 3090 3092 3093
f 3091 3093 3094 2669
f 3091 2669 2667 2666
f 3094 3093 3095 3096
f 3094 3096 3097 2672
f 3094 2672 2670 2669
f 3097 3096 3098 3099
f 3097 3099 3100 2675
f 3097 2675 2673 2672
f 3100 3099 3101 3102
f 3100 3102 3103 2678
f 3100 2678 2676 2675
f 3103 3102 3104 3105
f 3103 3105 3106 2681
f 3103 2681 2679 2678
f 3106 3105 3107 3108
f 3106 3108 3109 2684
f 3106 2684 2682 2681
f 3109 3108 3110 3111
f 3109 3111 3112 2687
f 3109 2687 2685 2684
f 3112 3111 3113 3114
f 3112 3114 3115 3116
f 3112 3116 2688 2687
f 3116 3115 3117 3118
f 3116 3118 2689 2688
f 3118 3117 3119 3120
f 3118 3120 2691 2689
f 3120 3119 3121 3122
f 3120 3122 2693 2691
f 3122 3121 3123 3124
f 3122 3124 2695 2693
f 3124 3123 3125 3126
f 3124 3126 2697 2695
f 3126 3125 3127 3128
f 3126 3128 2699 2697
f 3128 3127 3129 3130
f 3128 3130 2701 2699
f 3130 3129 3131 3132
f 3130 3132 2703 2701
f 3132 3131 2714 2712
f 3132 2712 2705 2703
f 3131 3129 3133 3134
f 3131 3134 2716 2714
f 3134 3133 3135 3136
f 3134 3136 2718 2716
f 3136 3135 3137 3138
f 3136 3138 2720 2718
f 3138 3137 3139 3140
f 3138 3140 2722 2720
f 3140 3139 3141 3142
f 3140 3142 2724 2722
f 3142 3141 3143 3144
f 3142 3144 2726 2724
f 3144 3143 3145 3146
f 3144 3146 2728 2726
f 3146 3145 3147 3148
f 3146 3148 2730 2728
f 3148 3147 3149 3150
f 3148 3150 2732 2730
f 3150 3149 3151 3152
f 3150 3152 2734 2732
f 3152 3151 3153 3154
f 3152 3154 2736 2734
f 3154 3153 3155 3156
f 3154 3156 2738 2736
f 3156 3155 3157 3158
f 3156 3158 2740 2738
f 3158 3157 3159 3160
f 3158 3160 2742 2740
f 3160 3159 3161 3162
f 3160 3162 2744 2742
f 3162 3161 3163 3164
f 3162 3164 2746 2744
f 3164 3163 3165 3166
f 3164 3166 2748 2746
f 3166 3165 3167 3168
f 3166 3168 2750 2748
f 3168 3167 3169 3170
f 3168 3170 2752 2750
f 3170 3169 3171 3172
f 3170 3172 2754 2752
f 3172 3171 3173 3174
f 3172 3174 2756 2754
f 3174 3173 3175 3176
f 3174 3176 2758 2756
f 3176 3175 3177 3178
f 3176 3178 2760 2758
f 3178 3177 3179 3180
f 3178 3180 2762 2760
f 3180 3179 3181 3182
f 3180 3182 2764 2762
f 3182 3181 3183 3184
f 3182 3184 2766 2764
f 3184 3183 3185 3186
f 3184 3186 2768 2766
f 3186 3185 3187 3188
f 3186 3188 2770 2768
f 3188 3187 3189 3190
f 3188 3190 2772 2770
f 3190 3189 3191 3192
f 3190 3192 2774 2772
f 3192 3191 3193 3194
f 3192 3194 2776 2774
f 3194 3193 3195 3196
f 3194 3196 2778 2776
f 3196 3195 3197 3198
f 3196 3198 2780 2778
f 3198 3197 3199 3200
f 3198 3200 2782 2780
f 3200 3199 3201 3202
f 3200 3202 2784 2782
f 3202 3201 3203 3204
f 3202 3204 2786 2784
f 3204 3203 3205 3206
f 3204 3206 2788 2786
f 3206 3205 3207 3208
f 3206 3208 2790 2788
f 3208 3207 3209 3210
f 3208 3210 2792 2790
f 3210 3209 3211 3212
f 3210 3212 2794 2792
f 3212 3211 3213 3214
f 3212 3214 2796 2794
f 3214 3213 3215 3216
f 3214 3216 2798 2796
f 3216 3215 3217 3218
f 3216 3218 2800 2798
f 3218 3217 3219 3220
f 3218 3220 2802 2800
f 3220 3219 3221 3222
f 3220 3222 2804 2802
f 3222 3221 3223 3224
f 3222 3224 2806 2804
f 3224 3223 619 618
f 3224 618 617 2806
f 3223 3225 3226 619
f 3223 3221 3227 3225
f 3227 3228 3229 3225
f 3227 3221 3219 3230
f 3227 3230 3231 3228
f 3231 3232 3233 3228
f 3231 3230 3234 3235
f 3231 3235 3236 3232
f 3236 3237 3238 3232
f 3236 3235 3239 3240
f 3236 3240 3241 3237
f 3241 3242 3243 3237
f 3241 3240 3244 3245
f 3241 3245 3246 3242
f 3246 3247 3248 3242
f 3246 3245 3249 3250
f 3246 3250 3251 3247
f 3251 3252 3253 3247
f 3251 3250 3254 3255
f 3251 3255 3256 3252
f 3256 3257 3258 3252
f 3256 3255 3259 3260
f 3256 3260 3261 3257
f 3261 3262 3263 3257
f 3261 3260 3264 3265
f 3261 3265 3266 3262
f 3266 3267 3268 3262
f 3266 3265 3269 3270
f 3266 3270 3271 3267
f 3271 3272 3273 3267
f 3271 3270 3274 3275
f 3271 3275 3276 3272
f 3276 3277 3278 3272
f 3276 3275 3279 3280
f 3276 3280 3281 3277
f 3281 3282 3283 3277
f 3281 3280 3284 3285
f 3281 3285 3286 3282
f 3286 3287 3288 3282
f 3286 3285 3289 3290
f 3286 3290 3291 3287
f 3291 3292 3293 3287
f 3291 3290 3294 3295
f 3291 3295 3296 3292
f 3296 3297 3298 3292
f 3296 3295 3299 3300
f 3296 3300 3301 3297
f 3301 3302 3303 3297
f 3301 3300 3304 3305
f 3301 3305 3306 3302
f 3306 3307 3308 3302
f 3306 3305 3309 3310
f 3306 3310 3311 3307
f 3311 3312 3313 3307
f 3311 3310 3314 3315
f 3311 3315 3316 3312
f 3316 3317 3318 3312
f 3316 3315 3319 3320
f 3316 3320 3321 3317
f 3321 3322 3323 3317
f 3321 3320 3324 3325
f 3321 3325 3326 3322
f 3326 3327 3328 3322
f 3326 3325 3329 3330
f 3326 3330 3331 3327
f 3331 3332 3333 3327
f 3331 3330 3334 3335
f 3331 3335 3336 3332
f 3336 3337 3338 3332
f 3336 3335 3339 3340
f 3336 3340 3341 3337
f 3341 3342 3343 3337
f 3341 3340 3344 3345
f 3341 3345 3346 3342
f 3346 3347 3348 3342
f 3346 3345 3349 3350
f 3346 3350 3351 3347
f 3351 3352 3353 3347
f 3351 3350 3354 3355
f 3351 3355 3356 3352
f 3356 2986 2985 3352
f 3356 3355 3357 3358
f 3356 3358 2988 2986
f 3358 3357 3359 3360
f 3358 3360 2990 2988
f 3360 3359 3361 3362
f 3360 3362 3363 2990
f 3363 2994 2991 2990
f 3363 3362 3364 3365
f 3363 3365 3366 2994
f 3366 2999 2995 2994
f 3366 3365 3367 3368
f 3366 3368 3369 2999
f 3369 3002 3000 2999
f 3369 3368 3370 3371
f 3369 3371 3372 3002
f 3372 3373 3003 3002
f 3372 3371 3374 3375
f 3372 3375 3376 3373
f 3376 3375 3377 3378
f 3376 3378 3379 3380
f 3376 3380 3381 3373
f 3381 3380 3382 3383
f 3381 3383 3384 3004
f 3381 3004 3003 3373
f 3384 3383 3385 3386
f 3384 3386 3387 3007
f 3384 3007 3005 3004
f 3387 3386 3388 3389
f 3387 3389 3390 3391
f 3387 3391 3008 3007
f 3391 3390 3392 3393
f 3391 3393 3009 3008
f 3393 3392 3394 3395
f 3393 3395 3011 3009
f 3395 3394 3396 3397
f 3395 3397 3013 3011
f 3397 3396 3023 3021
f 3397 3021 3015 3013
f 3396 3394 3398 3399
f 3396 3399 3025 3023
f 3399 3398 3400 3401
f 3399 3401 3027 3025
f 3401 3400 3402 3403
f 3401 3403 3029 3027
f 3403 3402 3404 3405
f 3403 3405 3031 3029
f 3405 3404 3039 3037
f 3405 3037 3033 3031
f 3404 3402 3406 3407
f 3404 3407 3408 3039
f 3408 3407 3409 3410
f 3408 3410 3411 3042
f 3408 3042 3040 3039
f 3411 3410 3412 3413
f 3411 3413 3414 3415
f 3411 3415 3043 3042
f 3415 3414 3416 3417
f 3415 3417 3044 3043
f 3417 3416 3418 3419
f 3417 3419 3046 3044
f 3419 3418 3420 3421
f 3419 3421 3048 3046
f 3421 3420 3422 3423
f 3421 3423 3424 3048
f 3424 3423 3425 3426
f 3424 3426 3427 3051
f 3424 3051 3049 3048
f 3427 3426 3428 3429
f 3427 3429 3430 3431
f 3427 3431 3052 3051
f 3431 3430 3432 3433
f 3431 3433 3053 3052
f 3433 3432 3434 3435
f 3433 3435 3055 3053
f 3435 3434 3436 3437
f 3435 3437 3057 3055
f 3437 3436 3438 3439
f 3437 3439 3440 3057
f 3440 3439 3441 3442
f 3440 3442 3443 3060
f 3440 3060 3058 3057
f 3443 3442 3444 3445
f 3443 3445 3446 3447
f 3443 3447 3061 3060
f 3447 3446 3068 3066
f 3447 3066 3062 3061
f 3446 3445 3448 3449
f 3446 3449 3070 3068
f 3449 3448 3450 3451
f 3449 3451 3072 3070
f 3451 3450 3452 3453
f 3451 3453 3074 3072
f 3453 3452 3454 3455
f 3453 3455 3076 3074
f 3455 3454 3456 3457
f 3455 3457 3078 3076
f 3457 3456 3458 3083
f 3457 3083 3080 3078
f 3458 3456 3459 3460
f 3458 3460 3461 3086
f 3458 3086 3084 3083
f 3461 3460 3462 3463
f 3461 3463 3464 3089
f 3461 3089 3087 3086
f 3464 3463 3465 3466
f 3464 3466 3467 3092
f 3464 3092 3090 3089
f 3467 3466 3468 3469
f 3467 3469 3470 3095
f 3467 3095 3093 3092
f 3470 3469 3471 3472
f 3470 3472 3473 3098
f 3470 3098 3096 3095
f 3473 3472 3474 3475
f 3473 3475 3476 3101
f 3473 3101 3099 3098
f 3476 3475 3477 3478
f 3476 3478 3479 3104
f 3476 3104 3102 3101
f 3479 3478 3480 3481
f 3479 3481 3482 3107
f 3479 3107 3105 3104
f 3482 3481 3483 3484
f 3482 3484 3485 3110
f 3482 3110 3108 3107
f 3485 3484 3486 3487
f 3485 3487 3488 3113
f 3485 3113 3111 3110
f 3488 3487 3489 3490
f 3488 3490 3491 3492
f 3488 3492 3114 3113
f 3492 3491 3493 3494
f 3492 3494 3115 3114
f 3494 3493 3495 3496
f 3494 3496 3117 3115
f 3496 3495 3497 3498
f 3496 3498 3119 3117
f 3498 3497 3499 3500
f 3498 3500 3121 3119
f 3500 3499 3501 3502
f 3500 3502 3123 3121
f 3502 3501 3503 3504
f 3502 3504 3125 3123
f 3504 3503 3505 3506
f 3504 3506 3127 3125
f 3506 3505 3135 3133
f 3506 3133 3129 3127
f 3505 3503 3507 3508
f 3505 3508 3137 3135
f 3508 3507 3509 3510
f 3508 3510 3139 3137
f 3510 3509 3511 3512
f 3510 3512 3141 3139
f 3512 3511 3513 3514
f 3512 3514 3143 3141
f 3514 3513 3515 3516
f 3514 3516 3145 3143
f 3516 3515 3517 3518
f 3516 3518 3147 3145
f 3518 3517 3519 3520
f 3518 3520 3149 3147
f 3520 3519 3521 3522
f 3520 3522 3151 3149
f 3522 3521 3523 3524
f 3522 3524 3153 3151
f 3524 3523 3525 3526
f 3524 3526 3155 3153
f 3526 3525 3527 3528
f 3526 3528 3157 3155
f 3528 3527 3529 3530
f 3528 3530 3159 3157
f 3530 3529 3531 3532
f 3530 3532 3161 3159
f 3532 3531 3533 3534
f 3532 3534 3163 3161
f 3534 3533 3535 3536
f 3534 3536 3165 3163
f 3536 3535 3537 3538
f 3536 3538 3167 3165
f 3538 3537 3539 3540
f 3538 3540 3169 3167
f 3540 3539 3541 3542
f 3540 3542 3171 3169
f 3542 3541 3543 3544
f 3542 3544 3173 3171
f 3544 3543 3545 3546
f 3544 3546 3175 3173
f 3546 3545 3547 3548
f 3546 3548 3177 3175
f 3548 3547 3549 3550
f 3548 3550 3179 3177
f 3550 3549 3551 3552
f 3550 3552 3181 3179
f 3552 3551 3553 3554
f 3552 3554 3183 3181
f 3554 3553 3555 3556
f 3554 3556 3185 3183
f 3556 3555 3557 3558
f 3556 3558 3187 3185
f 3558 3557 3559 3560
f 3558 3560 3189 3187
f 3560 3559 3561 3562
f 3560 3562 3191 3189
f 3562 3561 3563 3564
f 3562 3564 3193 3191
f 3564 3563 3565 3566
f 3564 3566 3195 3193
f 3566 3565 3567 3568
f 3566 3568 3197 3195
f 3568 3567 3569 3570
f 3568 3570 3199 3197
f 3570 3569 3571 3572
f 3570 3572 3201 3199
f 3572 3571 3573 3574
f 3572 3574 3203 3201
f 3574 3573 3575 3576
f 3574 3576 3205 3203
f 3576 3575 3577 3578
f 3576 3578 3207 3205
f 3578 3577 3579 3580
f 3578 3580 3209 3207
f 3580 3579 3581 3582
f 3580 3582 3211 3209
f 3582 3581 3583 3584
f 3582 3584 3213 3211
f 3584 3583 3239 3585
f 3584 3585 3215 3213
f 3585 3239 3235 3234
f 3585 3234 3217 3215
f 3583 3244 3240 3239
f 3583 3581 3586 3244
f 3586 3249 3245 3244
f 3586 3581 3579 3587
f 3586 3587 3588 3249
f 3588 3254 3250 3249
f 3588 3587 3589 3590
f 3588 3590 3591 3254
f 3591 3259 3255 3254
f 3591 3590 3592 3593
f 3591 3593 3594 3259
f 3594 3264 3260 3259
f 3594 3593 3595 3596
f 3594 3596 3597 3264
f 3597 3269 3265 3264
f 3597 3596 3598 3599
f 3597 3599 3600 3269
f 3600 3274 3270 3269
f 3600 3599 3601 3602
f 3600 3602 3603 3274
f 3603 3279 3275 3274
f 3603 3602 3604 3605
f 3603 3605 3606 3279
f 3606 3284 3280 3279
f 3606 3605 3607 3608
f 3606 3608 3609 3284
f 3609 3289 3285 3284
f 3609 3608 3610 3611
f 3609 3611 3612 3289
f 3612 3294 3290 3289
f 3612 3611 3613 3614
f 3612 3614 3615 3294
f 3615 3299 3295 3294
f 3615 3614 3616 3617
f 3615 3617 3618 3299
f 3618 3304 3300 3299
f 3618 3617 3619 3620
f 3618 3620 3621 3304
f 3621 3309 3305 3304
f 3621 3620 3622 3623
f 3621 3623 3624 3309
f 3624 3314 3310 3309
f 3624 3623 3625 3626
f 3624 3626 3627 3314
f 3627 3319 3315 3314
f 3627 3626 3628 3629
f 3627 3629 3630 3319
f 3630 3324 3320 3319
f 3630 3629 3631 3632
f 3630 3632 3633 3324
f 3633 3329 3325 3324
f 3633 3632 3634 3635
f 3633 3635 3636 3329
f 3636 3334 3330 3329
f 3636 3635 3637 3638
f 3636 3638 3639 3334
f 3639 3339 3335 3334
f 3639 3638 3640 3641
f 3639 3641 3642 3339
f 3642 3344 3340 3339
f 3642 3641 602 601
f 3642 601 600 3344
f 3641 3640 3643 602
f 3643 3640 3644 3645
f 3643 3645 3646 3647
f 3643 3647 603 602
f 3647 3646 3648 3649
f 3647 3649 604 603
f 3649 3648 3650 3651
f 3649 3651 3652 604
f 3652 3653 605 604
f 3652 3651 3654 3655
f 3652 3655 3656 3653
f 3656 3657 3658 3653
f 3656 3655 3659 3660
f 3656 3660 3661 3657
f 3661 3662 3663 3657
f 3661 3660 3664 3665
f 3661 3665 3666 3662
f 3666 3667 3668 3662
f 3666 3665 3669 3670
f 3666 3670 3671 3667
f 3671 3672 596 3667
f 3671 3670 3673 3674
f 3671 3674 3675 3672
f 3675 3676 3677 3672
f 3675 3674 3678 3679
f 3675 3679 3680 3676
f 3680 3681 3682 3676
f 3680 3679 3683 3684
f 3680 3684 3685 3681
f 3685 3686 3687 3681
f 3685 3684 3688 3689
f 3685 3689 3690 3686
f 3690 3691 3692 3686
f 3690 3689 3693 3694
f 3690 3694 3695 3691
f 3695 3696 3697 3691
f 3695 3694 3698 3699
f 3695 3699 3700 3696
f 3700 3701 3702 3696
f 3700 3699 3703 3704
f 3700 3704 3705 3701
f 3705 3706 3707 3701
f 3705 3704 3708 3709
f 3705 3709 3710 3706
f 3710 3711 3712 3706
f 3710 3709 3713 3714
f 3710 3714 3715 3711
f 3715 3716 3717 3711
f 3715 3714 3718 3719
f 3715 3719 3720 3716
f 3720 3721 3722 3716
f 3720 3719 3723 3724
f 3720 3724 3725 3721
f 3725 3726 3727 3721
f 3725 3724 3728 3729
f 3725 3729 3730 3726
f 3730 465 460 3726
f 3730 3729 3731 3732
f 3730 3732 3733 465
f 3733 3734 466 465
f 3733 3732 3735 3736
f 3733 3736 3737 3734
f 3737 3738 3739 3734
f 3737 3736 3740 3741
f 3737 3741 3742 3738
f 3742 3743 3744 3738
f 3742 3741 3745 3746
f 3742 3746 3747 3743
f 3747 3748 3749 3743
f 3747 3746 3750 3751
f 3747 3751 3752 3748
f 3752 3753 3754 3748
f 3752 3751 3755 3756
f 3752 3756 3757 3753
f 3757 3758 3759 3753
f 3757 3756 3416 3414
f 3757 3414 3413 3758
f 3759 3760 3761 3762
f 3759 3762 3754 3753
f 3759 3758 3763 3760
f 3763 3764 3765 3760
f 3763 3758 3413 3412
f 3763 3412 3766 3764
f 3766 3767 3768 3764
f 3766 3412 3410 3409
f 3766 3409 3769 3767
f 3769 3770 3771 3767
f 3769 3409 3407 3406
f 3769 3406 3772 3770
f 3772 3773 3774 3770
f 3772 3406 3402 3400
f 3772 3400 3398 3773
f 3774 3390 3389 3775
f 3774 3775 3771 3770
f 3774 3773 3392 3390
f 3775 3389 3388 3776
f 3775 3776 3777 3771
f 3777 3776 3778 3779
f 3777 3779 3780 3768
f 3777 3768 3767 3771
f 3780 3779 3781 3782
f 3780 3782 3783 3765
f 3780 3765 3764 3768
f 3783 3782 3784 3785
f 3783 3785 3786 3761
f 3783 3761 3760 3765
f 3786 3785 3787 3788
f 3786 3788 3789 3790
f 3786 3790 3762 3761
f 3790 3789 3791 3792
f 3790 3792 3754 3762
f 3792 3791 3793 3749
f 3792 3749 3748 3754
f 3793 3791 3794 3795
f 3793 3795 3796 3744
f 3793 3744 3743 3749
f 3796 3795 3797 3798
f 3796 3798 467 3739
f 3796 3739 3738 3744
f 3798 3797 3799 3800
f 3798 3800 463 467
f 3800 3799 3801 3802
f 3800 3802 464 463
f 3802 3801 3803 3804
f 3802 3804 3805 464
f 3805 3804 3806 3807
f 3805 3807 342 3808
f 3805 3808 461 464
f 3808 342 341 3809
f 3808 3809 462 461
f 3809 341 340 3810
f 3809 3810 3811 462
f 3811 3810 3812 3813
f 3811 3813 3814 3815
f 3811 3815 458 462
f 3815 3814 3816 3817
f 3815 3817 459 458
f 3817 3816 3818 3819
f 3817 3819 3727 459
f 3819 3818 3820 3722
f 3819 3722 3721 3727
f 3820 3818 3821 3822
f 3820 3822 3823 3717
f 3820 3717 3716 3722
f 3823 3822 3824 3825
f 3823 3825 3826 3712
f 3823 3712 3711 3717
f 3826 3825 3827 3828
f 3826 3828 3829 3707
f 3826 3707 3706 3712
f 3829 3828 3830 3831
f 3829 3831 3832 3702
f 3829 3702 3701 3707
f 3832 3831 3833 3834
f 3832 3834 3835 3697
f 3832 3697 3696 3702
f 3835 3834 3836 3837
f 3835 3837 3838 3692
f 3835 3692 3691 3697
f 3838 3837 3839 3840
f 3838 3840 3841 3687
f 3838 3687 3686 3692
f 3841 3840 3842 3843
f 3841 3843 3844 3682
f 3841 3682 3681 3687
f 3844 3843 3845 598
f 3844 598 597 3677
f 3844 3677 3676 3682
f 3845 3846 3847 3848
f 3845 3848 593 598
f 3845 3843 3842 3846
f 3848 3847 3849 3850
f 3848 3850 594 593
f 3850 3849 3851 3852
f 3850 3852 3853 594
f 3853 3852 3854 3663
f 3853 3663 3662 3668
f 3853 3668 595 594
f 3854 3852 3851 3855
f 3854 3855 606 3658
f 3854 3658 3657 3663
f 3855 3856 607 606
f 3855 3851 3857 3856
f 3857 3858 3859 3856
f 3857 3851 3849 3860
f 3857 3860 3861 3858
f 3861 3862 3863 3858
f 3861 3860 3864 3865
f 3861 3865 3866 3862
f 3866 3867 3868 3862
f 3866 3865 3869 3870
f 3866 3870 3871 3867
f 3871 3872 3873 3867
f 3871 3870 3874 3875
f 3871 3875 3876 3872
f 3876 3877 3878 3872
f 3876 3875 3879 3880
f 3876 3880 3881 3877
f 3881 3882 3883 3877
f 3881 3880 3884 3885
f 3881 3885 3886 3882
f 3886 3887 3888 3882
f 3886 3885 3889 3890
f 3886 3890 3891 3887
f 3891 3892 3893 3887
f 3891 3890 3894 3895
f 3891 3895 457 3892
f 3895 3894 3896 3897
f 3895 3897 455 457
f 3897 3896 3898 3899
f 3897 3899 456 455
f 3899 3898 3821 3900
f 3899 3900 3901 456
f 3901 3902 448 456
f 3901 3900 3816 3814
f 3901 3814 3813 3902
f 3902 3813 3812 3903
f 3902 3903 449 448
f 3903 3812 3904 3905
f 3903 3905 3906 449
f 3906 3905 3907 3908
f 3906 3908 3909 3910
f 3906 3910 450 449
f 3910 3909 3911 3912
f 3910 3912 451 450
f 3912 3911 3913 3914
f 3912 3914 3915 451
f 3915 3914 3916 3917
f 3915 3917 3918 3919
f 3915 3919 452 451
f 3919 3918 3920 3921
f 3919 3921 453 452
f 3921 3920 3922 3923
f 3921 3923 3924 453
f 3924 3923 3925 3926
f 3924 3926 3927 3928
f 3924 3928 454 453
f 3928 3927 3893 3892
f 3928 3892 457 454
f 3927 3926 3378 3377
f 3927 3377 3929 3893
f 3929 3377 3375 3374
f 3929 3374 3930 3888
f 3929 3888 3887 3893
f 3930 3374 3371 3370
f 3930 3370 3931 3883
f 3930 3883 3882 3888
f 3931 3370 3368 3367
f 3931 3367 3932 3878
f 3931 3878 3877 3883
f 3932 3367 3365 3364
f 3932 3364 3933 3873
f 3932 3873 3872 3878
f 3933 3364 3362 3361
f 3933 3361 3934 3868
f 3933 3868 3867 3873
f 3934 3361 3359 3935
f 3934 3935 3936 3863
f 3934 3863 3862 3868
f 3936 3935 3937 3938
f 3936 3938 3939 3859
f 3936 3859 3858 3863
f 3939 3938 3940 599
f 3939 599 75 607
f 3939 607 3856 3859
f 3940 3354 3350 3349
f 3940 3349 600 599
f 3940 3938 3937 3354
f 3937 3357 3355 3354
f 3937 3935 3359 3357
f 3926 3925 3379 3378
f 3925 3923 3922 3941
f 3925 3941 3942 3379
f 3942 3941 3943 3944
f 3942 3944 3945 3382
f 3942 3382 3380 3379
f 3945 3944 3946 3947
f 3945 3947 3948 3385
f 3945 3385 3383 3382
f 3948 3947 3949 3778
f 3948 3778 3776 3388
f 3948 3388 3386 3385
f 3949 3947 3946 3950
f 3949 3950 3951 3781
f 3949 3781 3779 3778
f 3951 3950 3952 3953
f 3951 3953 3954 3784
f 3951 3784 3782 3781
f 3954 3953 3955 3956
f 3954 3956 3957 3787
f 3954 3787 3785 3784
f 3957 3956 3958 3959
f 3957 3959 3960 3961
f 3957 3961 3788 3787
f 3961 3960 3962 3963
f 3961 3963 3789 3788
f 3963 3962 3964 3794
f 3963 3794 3791 3789
f 3964 3962 3965 3966
f 3964 3966 3799 3797
f 3964 3797 3795 3794
f 3966 3965 3967 3968
f 3966 3968 3801 3799
f 3968 3967 3969 3970
f 3968 3970 3803 3801
f 3970 3969 3971 3972
f 3970 3972 3973 3803
f 3973 3972 3974 3975
f 3973 3975 3976 3806
f 3973 3806 3804 3803
f 3976 3975 3977 3978
f 3976 3978 3979 3980
f 3976 3980 3807 3806
f 3980 3979 344 343
f 3980 343 342 3807
f 3979 3978 204 3981
f 3979 3981 3982 344
f 3982 3983 3984 3985
f 3982 3985 338 344
f 3982 3981 3986 3983
f 3986 3987 3988 3983
f 3986 3981 204 203
f 3986 203 207 3987
f 3988 3989 3990 3991
f 3988 3991 3984 3983
f 3988 3987 3992 3989
f 3992 3993 3994 3989
f 3992 3987 207 3995
f 3992 3995 3996 3993
f 3996 3997 3998 3993
f 3996 3995 3999 252
f 3996 252 251 3997
f 3999 3995 207 206
f 3999 206 208 4000
f 3999 4000 248 252
f 4000 208 4001 4002
f 4000 4002 249 248
f 4002 4001 3974 4003
f 4002 4003 4004 249
f 4004 4005 250 249
f 4004 4003 3971 4006
f 4004 4006 4007 4005
f 4007 4008 4009 4005
f 4007 4006 4010 4011
f 4007 4011 4012 4008
f 4012 4013 4014 4008
f 4012 4011 4015 4016
f 4012 4016 4017 4013
f 4017 373 370 4013
f 4017 4016 4018 4019
f 4017 4019 4020 373
f 4020 4021 374 373
f 4020 4019 4022 4023
f 4020 4023 4024 4021
f 4024 4025 4026 4021
f 4024 4023 4027 4028
f 4024 4028 4029 4025
f 4029 3922 3920 4025
f 4029 4028 4030 3943
f 4029 3943 3941 3922
f 4030 4028 4027 3952
f 4030 3952 3950 3946
f 4030 3946 3944 3943
f 4027 4023 4022 3955
f 4027 3955 3953 3952
f 4026 3918 3917 375
f 4026 375 374 4021
f 4026 4025 3920 3918
f 4022 4019 4018 3958
f 4022 3958 3956 3955
f 4018 4016 4015 4031
f 4018 4031 3959 3958
f 4031 4015 4032 4033
f 4031 4033 3960 3959
f 4033 4032 3967 3965
f 4033 3965 3962 3960
f 4032 4015 4011 4010
f 4032 4010 3969 3967
f 4014 369 4034 4035
f 4014 4035 4009 4008
f 4014 4013 370 369
f 4035 4034 4036 4037
f 4035 4037 253 4009
f 4037 4036 3998 3997
f 4037 3997 251 253
f 4036 4034 4038 4039
f 4036 4039 4040 3998
f 4040 4039 4041 4042
f 4040 4042 4043 3994
f 4040 3994 3993 3998
f 4043 4042 4044 129
f 4043 129 8 3990
f 4043 3990 3989 3994
f 4044 4045 4046 4047
f 4044 4047 130 129
f 4044 4042 4041 4045
f 4047 4046 4048 4049
f 4047 4049 4050 130
f 4050 4049 4051 4052
f 4050 4052 4053 4054
f 4050 4054 127 130
f 4054 4053 4055 4056
f 4054 4056 128 127
f 4056 4055 161 160
f 4056 160 164 128
f 4055 4053 4057 4058
f 4055 4058 4059 161
f 4059 4058 189 186
f 4059 186 185 4060
f 4059 4060 158 161
f 4060 185 4061 4062
f 4060 4062 159 158
f 4062 4061 4063 4064
f 4062 4064 4065 159
f 4065 4064 4066 4067
f 4065 4067 4068 4069
f 4065 4069 155 159
f 4069 4068 4070 4071
f 4069 4071 156 155
f 4071 4070 4072 242
f 4071 242 241 156
f 4072 4070 4073 4074
f 4072 4074 4075 293
f 4072 293 243 242
f 4075 4074 4076 4077
f 4075 4077 4078 4079
f 4075 4079 290 293
f 4079 4078 4080 4081
f 4079 4081 291 290
f 4081 4080 4082 4083
f 4081 4083 4084 291
f 4084 4083 4085 4086
f 4084 4086 4087 4088
f 4084 4088 292 291
f 4088 4087 4089 4090
f 4088 4090 294 292
f 4090 4089 391 390
f 4090 390 389 294
f 4089 4087 4091 4092
f 4089 4092 4093 391
f 4093 4092 4094 4095
f 4093 4095 4096 4097
f 4093 4097 392 391
f 4097 4096 4098 4099
f 4097 4099 393 392
f 4099 4098 4100 4101
f 4099 4101 4102 393
f 4102 4103 394 393
f 4102 4101 4104 4105
f 4102 4105 4106 4103
f 4106 336 4107 4103
f 4106 4105 3907 4108
f 4106 4108 337 336
f 4108 3907 3905 3904
f 4108 3904 340 337
f 4107 4109 4110 395
f 4107 395 394 4103
f 4107 336 335 4109
f 4110 4111 4112 4113
f 4110 4113 386 395
f 4110 4109 4114 4111
f 4114 4115 4116 4111
f 4114 4109 335 339
f 4114 339 4117 4115
f 4117 4118 4119 4115
f 4117 339 338 3985
f 4117 3985 3984 4118
f 4119 125 4120 4121
f 4119 4121 4116 4115
f 4119 4118 126 125
f 4121 4120 4122 4123
f 4121 4123 4124 4116
f 4124 4123 4125 4126
f 4124 4126 4127 4112
f 4124 4112 4111 4116
f 4127 4126 4128 4129
f 4127 4129 4130 4131
f 4127 4131 4113 4112
f 4131 4130 4132 387
f 4131 387 386 4113
f 4132 4130 4133 4134
f 4132 4134 4135 4136
f 4132 4136 388 387
f 4136 4135 4137 4138
f 4136 4138 389 388
f 4138 4137 296 295
f 4138 295 294 389
f 4137 4135 4139 4140
f 4137 4140 4141 296
f 4141 4140 332 331
f 4141 331 330 4142
f 4141 4142 244 296
f 4142 330 4143 247
f 4142 247 26 244
f 4143 330 329 4144
f 4143 4144 198 197
f 4143 197 202 247
f 4144 329 333 4145
f 4144 4145 4146 198
f 4146 4145 4147 4148
f 4146 4148 300 4149
f 4146 4149 199 198
f 4149 300 299 4150
f 4149 4150 200 199
f 4150 299 298 4151
f 4150 4151 4152 200
f 4152 4153 201 200
f 4152 4151 4154 4155
f 4152 4155 4156 4153
f 4156 246 245 4153
f 4156 4155 4157 162
f 4156 162 157 246
f 4157 4155 4154 4158
f 4157 4158 4122 4159
f 4157 4159 163 162
f 4159 4122 4120 4160
f 4159 4160 164 163
f 4160 4120 125 124
f 4160 124 128 164
f 4158 4154 4161 4125
f 4158 4125 4123 4122
f 4161 4154 4151 298
f 4161 298 297 4128
f 4161 4128 4126 4125
f 4153 245 202 201
f 4148 4147 4162 4163
f 4148 4163 301 300
f 4163 4162 4134 4133
f 4163 4133 302 301
f 4162 4147 334 4139
f 4162 4139 4135 4134
f 4147 4145 333 334
f 4140 4139 334 332
f 4133 4130 4129 302
f 4129 4128 297 302
f 4118 3984 3991 126
f 4105 4104 3908 3907
f 4104 4101 4100 4164
f 4104 4164 3909 3908
f 4164 4100 4165 4166
f 4164 4166 3911 3909
f 4166 4165 4167 4168
f 4166 4168 3913 3911
f 4168 4167 362 4169
f 4168 4169 4170 3913
f 4170 4169 4171 372
f 4170 372 371 3916
f 4170 3916 3914 3913
f 4171 4169 362 361
f 4171 361 365 4172
f 4171 4172 366 372
f 4172 365 4173 4174
f 4172 4174 367 366
f 4174 4173 4175 4176
f 4174 4176 4177 367
f 4177 4176 4045 4041
f 4177 4041 4039 4038
f 4177 4038 368 367
f 4176 4175 4046 4045
f 4175 4173 4178 4179
f 4175 4179 4048 4046
f 4179 4178 4180 4181
f 4179 4181 4182 4048
f 4182 4181 4183 4184
f 4182 4184 4185 4051
f 4182 4051 4049 4048
f 4185 4184 4186 4187
f 4185 4187 4188 4189
f 4185 4189 4052 4051
f 4189 4188 4190 4057
f 4189 4057 4053 4052
f 4190 4188 113 116
f 4190 116 190 189
f 4190 189 4058 4057
f 4188 4187 114 113
f 4187 4186 4191 114
f 4191 119 118 4192
f 4191 4192 109 114
f 4191 4186 4193 119
f 4193 4194 120 119
f 4193 4186 4184 4183
f 4193 4183 4195 4194
f 4195 4196 4197 4194
f 4195 4183 4181 4180
f 4195 4180 363 4196
f 4197 4198 4199 123
f 4197 123 120 4194
f 4197 4196 4200 4198
f 4200 4201 4202 4198
f 4200 4196 363 358
f 4200 358 357 4201
f 4202 4203 4204 4205
f 4202 4205 4199 4198
f 4202 4201 4206 4203
f 4206 194 193 4203
f 4206 4201 357 4207
f 4206 4207 4208 194
f 4208 4209 4210 4211
f 4208 4211 195 194
f 4208 4207 4212 4209
f 4212 4213 4214 4209
f 4212 4207 357 356
f 4212 356 360 4213
f 4214 4215 4216 4217
f 4214 4217 4210 4209
f 4214 4213 4218 4215
f 4218 4219 4220 4215
f 4218 4213 360 4221
f 4218 4221 4222 4219
f 4222 4096 4095 4219
f 4222 4221 4223 4224
f 4222 4224 4098 4096
f 4224 4223 4167 4165
f 4224 4165 4100 4098
f 4223 4221 360 359
f 4223 359 362 4167
f 4220 4094 4225 4226
f 4220 4226 4216 4215
f 4220 4219 4095 4094
f 4226 4225 4227 4228
f 4226 4228 325 4216
f 4228 4227 4229 4230
f 4228 4230 322 325
f 4230 4229 4231 4232
f 4230 4232 323 322
f 4232 4231 314 317
f 4232 317 4233 323
f 4233 317 270 4234
f 4233 4234 4235 4236
f 4233 4236 319 323
f 4236 4235 4237 4238
f 4236 4238 320 319
f 4238 4237 182 181
f 4238 181 183 320
f 4237 4235 4239 4240
f 4237 4240 4241 182
f 4241 4240 4242 4243
f 4241 4243 4244 4245
f 4241 4245 178 182
f 4245 4244 4246 4247
f 4245 4247 179 178
f 4247 4246 4248 4249
f 4247 4249 4250 179
f 4250 4249 165 169
f 4250 169 4251 4252
f 4250 4252 175 179
f 4252 4251 4253 4254
f 4252 4254 176 175
f 4254 4253 4255 4256
f 4254 4256 4257 176
f 4257 4258 177 176
f 4257 4256 4259 4260
f 4257 4260 4261 4258
f 4261 4262 4263 4258
f 4261 4260 4264 4265
f 4261 4265 4266 4262
f 4266 4267 4268 4262
f 4266 4265 4269 4270
f 4266 4270 4271 4267
f 4271 4272 4273 4267
f 4271 4270 4274 4275
f 4271 4275 4276 4272
f 4276 4277 4278 4272
f 4276 4275 4279 4280
f 4276 4280 4281 4277
f 4281 4282 4283 4277
f 4281 4280 4284 4285
f 4281 4285 4286 4282
f 4286 4285 4287 4288
f 4286 4288 4289 4290
f 4288 4287 4291 4292
f 4288 4292 4293 4289
f 4294 4292 4291 4295
f 4294 4295 4296 94
f 4294 94 93 4297
f 4297 4293 4292 4294
f 4296 4295 4298 4299
f 4296 4299 4300 4301
f 4296 4301 95 94
f 4301 4300 92 89
f 4301 89 88 95
f 4300 4299 225 224
f 4300 224 228 92
f 4299 4298 4302 225
f 4302 4298 4303 4304
f 4302 4304 4305 4306
f 4302 4306 226 225
f 4306 4305 4307 4308
f 4306 4308 227 226
f 4308 4307 4309 326
f 4308 326 321 227
f 4309 4307 4310 4311
f 4309 4311 4312 4313
f 4309 4313 327 326
f 4313 4312 196 4314
f 4313 4314 328 327
f 4314 196 195 4211
f 4314 4211 4210 328
f 4312 4311 4315 192
f 4312 192 191 196
f 4315 4316 4317 4318
f 4315 4318 187 192
f 4315 4311 4310 4316
f 4318 4317 4319 4320
f 4318 4320 188 187
f 4320 4319 4269 4321
f 4320 4321 4322 188
f 4322 4321 4264 4323
f 4322 4323 4324 4325
f 4322 4325 184 188
f 4325 4324 4063 4061
f 4325 4061 185 184
f 4324 4323 4259 4326
f 4324 4326 4327 4063
f 4327 4326 4255 4328
f 4327 4328 4329 4066
f 4327 4066 4064 4063
f 4329 4328 4330 4331
f 4329 4331 4332 4333
f 4329 4333 4067 4066
f 4333 4332 4334 4335
f 4333 4335 4068 4067
f 4335 4334 4336 4073
f 4335 4073 4070 4068
f 4336 4334 4337 4338
f 4336 4338 4339 4076
f 4336 4076 4074 4073
f 4339 4338 4340 4341
f 4339 4341 4342 4343
f 4339 4343 4077 4076
f 4343 4342 4344 4345
f 4343 4345 4078 4077
f 4345 4344 4346 4347
f 4345 4347 4080 4078
f 4347 4346 4348 4349
f 4347 4349 4082 4080
f 4349 4348 4350 4351
f 4349 4351 4352 4082
f 4352 4351 315 4353
f 4352 4353 4354 4085
f 4352 4085 4083 4082
f 4354 4353 4231 4229
f 4354 4229 4227 4355
f 4354 4355 4086 4085
f 4355 4227 4225 4091
f 4355 4091 4087 4086
f 4353 315 314 4231
f 4351 4350 316 315
f 4350 4348 4356 4357
f 4350 4357 318 316
f 4357 4356 4358 354
f 4357 354 353 318
f 4358 286 283 4359
f 4358 4359 355 354
f 4358 4356 4360 286
f 4360 4361 284 286
f 4360 4356 4348 4346
f 4360 4346 4344 4361
f 4361 4362 285 284
f 4361 4344 4342 4362
f 4362 4363 4364 285
f 4362 4342 4341 4363
f 4364 4365 4366 4367
f 4364 4367 281 285
f 4364 4363 4368 4365
f 4368 4369 4370 4365
f 4368 4363 4341 4340
f 4368 4340 4371 4369
f 4371 4372 4373 4369
f 4371 4340 4338 4337
f 4371 4337 4374 4372
f 4374 4375 173 4372
f 4374 4337 4334 4332
f 4374 4332 4331 4375
f 4375 4376 168 173
f 4375 4331 4330 4376
f 4376 4251 169 168
f 4376 4330 4253 4251
f 4373 172 171 4377
f 4373 4377 4370 4369
f 4373 4372 173 172
f 4377 171 4378 4379
f 4377 4379 4380 4370
f 4380 4379 4381 4382
f 4380 4382 313 4366
f 4380 4366 4365 4370
f 4382 4381 4383 4384
f 4382 4384 309 313
f 4384 4383 352 351
f 4384 351 310 309
f 4383 275 277 352
f 4383 4381 276 275
f 4381 4379 4378 276
f 4378 4385 273 276
f 4378 171 170 4385
f 4385 4386 274 273
f 4385 170 174 4386
f 4386 174 102 4387
f 4386 4387 4388 274
f 4388 4387 4389 4390
f 4388 4390 209 213
f 4388 213 271 274
f 4390 4389 132 131
f 4390 131 136 209
f 4389 99 98 132
f 4389 4387 102 99
f 4367 4366 313 312
f 4367 312 282 281
f 4359 283 282 311
f 4359 311 310 355
f 4330 4328 4255 4253
f 4326 4259 4256 4255
f 4323 4264 4260 4259
f 4321 4269 4265 4264
f 4319 4274 4270 4269
f 4319 4317 4391 4274
f 4391 4279 4275 4274
f 4391 4317 4316 4392
f 4391 4392 4393 4279
f 4393 4284 4280 4279
f 4393 4392 4394 4395
f 4393 4395 4396 4284
f 4396 4287 4285 4284
f 4396 4395 4304 4303
f 4396 4303 4291 4287
f 4395 4394 4305 4304
f 4394 4392 4316 4310
f 4394 4310 4307 4305
f 4303 4298 4295 4291
f 4278 4283 96 4397
f 4278 4397 4273 4272
f 4278 4277 4283
f 4397 96 88 87
f 4397 87 91 4273
f 4273 91 4268 4267
f 4268 91 90 4398
f 4268 4398 4263 4262
f 4398 90 92 228
f 4398 228 180 4263
f 4263 180 177 4258
f 4249 4248 166 165
f 4248 4246 138 4399
f 4248 4399 101 166
f 4399 138 137 4400
f 4399 4400 97 101
f 4400 137 142 4401
f 4400 4401 98 97
f 4401 142 134 133
f 4401 133 132 98
f 4246 4244 139 138
f 4244 4243 140 139
f 4243 4242 4402 140
f 4402 4403 4404 4405
f 4402 4405 141 140
f 4402 4242 4406 4403
f 4406 4407 211 4403
f 4406 4242 4240 4239
f 4406 4239 4408 4407
f 4408 269 272 4407
f 4408 4239 4235 4234
f 4408 4234 270 269
f 4407 272 212 211
f 4405 4404 135 134
f 4405 134 142 141
f 4404 210 136 135
f 4404 4403 211 210
f 4225 4094 4092 4091
f 4217 4216 325 324
f 4217 324 328 4210
f 4205 4204 154 4409
f 4205 4409 4410 4199
f 4410 4409 105 108
f 4410 108 122 121
f 4410 121 123 4199
f 4409 154 106 105
f 4204 117 112 154
f 4204 4203 193 117
f 4192 118 122 4411
f 4192 4411 110 109
f 4411 122 108 107
f 4411 107 104 110
f 4180 4178 364 363
f 4178 4173 365 364
f 4038 4034 369 368
f 4010 4006 3971 3969
f 4009 253 250 4005
f 4003 3974 3972 3971
f 4001 208 205 3977
f 4001 3977 3975 3974
f 3991 3990 8 126
f 3978 3977 205 204
f 3917 3916 371 375
f 3904 3812 3810 340
f 3900 3821 3818 3816
f 3898 3896 4412 3824
f 3898 3824 3822 3821
f 4412 3896 3894 4413
f 4412 4413 4414 3827
f 4412 3827 3825 3824
f 4414 4413 3889 4415
f 4414 4415 4416 3830
f 4414 3830 3828 3827
f 4416 4415 3884 4417
f 4416 4417 4418 3833
f 4416 3833 3831 3830
f 4418 4417 3879 4419
f 4418 4419 4420 3836
f 4418 3836 3834 3833
f 4420 4419 3874 4421
f 4420 4421 4422 3839
f 4420 3839 3837 3836
f 4422 4421 3869 4423
f 4422 4423 3846 3842
f 4422 3842 3840 3839
f 4423 3869 3865 3864
f 4423 3864 3847 3846
f 4421 3874 3870 3869
f 4419 3879 3875 3874
f 4417 3884 3880 3879
f 4415 3889 3885 3884
f 4413 3894 3890 3889
f 3864 3860 3849 3847
f 3773 3398 3394 3392
f 3756 3755 3418 3416
f 3755 3751 3750 4424
f 3755 4424 3420 3418
f 4424 3750 4425 4426
f 4424 4426 3422 3420
f 4426 4425 4427 4428
f 4426 4428 4429 3422
f 4429 4428 505 4430
f 4429 4430 4431 3425
f 4429 3425 3423 3422
f 4431 4430 4432 4433
f 4431 4433 4434 3428
f 4431 3428 3426 3425
f 4434 4433 4435 4436
f 4434 4436 4437 4438
f 4434 4438 3429 3428
f 4438 4437 4439 4440
f 4438 4440 3430 3429
f 4440 4439 4441 4442
f 4440 4442 3432 3430
f 4442 4441 4443 4444
f 4442 4444 3434 3432
f 4444 4443 4445 4446
f 4444 4446 3436 3434
f 4446 4445 4447 4448
f 4446 4448 3438 3436
f 4448 4447 4449 4450
f 4448 4450 4451 3438
f 4451 4450 4452 4453
f 4451 4453 4454 3441
f 4451 3441 3439 3438
f 4454 4453 4455 4456
f 4454 4456 4457 3444
f 4454 3444 3442 3441
f 4457 4456 4458 4459
f 4457 4459 3450 3448
f 4457 3448 3445 3444
f 4459 4458 4460 4461
f 4459 4461 3452 3450
f 4461 4460 4462 4463
f 4461 4463 3454 3452
f 4463 4462 4464 3459
f 4463 3459 3456 3454
f 4464 4462 4465 4466
f 4464 4466 4467 3462
f 4464 3462 3460 3459
f 4467 4466 4468 4469
f 4467 4469 4470 3465
f 4467 3465 3463 3462
f 4470 4469 4471 4472
f 4470 4472 4473 3468
f 4470 3468 3466 3465
f 4473 4472 4474 4475
f 4473 4475 4476 3471
f 4473 3471 3469 3468
f 4476 4475 4477 4478
f 4476 4478 4479 3474
f 4476 3474 3472 3471
f 4479 4478 4480 4481
f 4479 4481 4482 3477
f 4479 3477 3475 3474
f 4482 4481 4483 4484
f 4482 4484 4485 3480
f 4482 3480 3478 3477
f 4485 4484 4486 4487
f 4485 4487 4488 3483
f 4485 3483 3481 3480
f 4488 4487 4489 4490
f 4488 4490 4491 3486
f 4488 3486 3484 3483
f 4491 4490 4492 4493
f 4491 4493 4494 3489
f 4491 3489 3487 3486
f 4494 4493 4495 4496
f 4494 4496 4497 4498
f 4494 4498 3490 3489
f 4498 4497 4499 4500
f 4498 4500 3491 3490
f 4500 4499 4501 4502
f 4500 4502 3493 3491
f 4502 4501 4503 4504
f 4502 4504 3495 3493
f 4504 4503 4505 4506
f 4504 4506 3497 3495
f 4506 4505 4507 4508
f 4506 4508 3499 3497
f 4508 4507 4509 4510
f 4508 4510 3501 3499
f 4510 4509 3509 3507
f 4510 3507 3503 3501
f 4509 4507 4511 4512
f 4509 4512 3511 3509
f 4512 4511 4513 4514
f 4512 4514 3513 3511
f 4514 4513 4515 4516
f 4514 4516 3515 3513
f 4516 4515 4517 4518
f 4516 4518 3517 3515
f 4518 4517 4519 4520
f 4518 4520 3519 3517
f 4520 4519 4521 4522
f 4520 4522 3521 3519
f 4522 4521 4523 4524
f 4522 4524 3523 3521
f 4524 4523 4525 4526
f 4524 4526 3525 3523
f 4526 4525 4527 4528
f 4526 4528 3527 3525
f 4528 4527 4529 4530
f 4528 4530 3529 3527
f 4530 4529 4531 4532
f 4530 4532 3531 3529
f 4532 4531 4533 4534
f 4532 4534 3533 3531
f 4534 4533 4535 4536
f 4534 4536 3535 3533
f 4536 4535 4537 4538
f 4536 4538 3537 3535
f 4538 4537 4539 4540
f 4538 4540 3539 3537
f 4540 4539 4541 4542
f 4540 4542 3541 3539
f 4542 4541 4543 4544
f 4542 4544 3543 3541
f 4544 4543 4545 4546
f 4544 4546 3545 3543
f 4546 4545 4547 4548
f 4546 4548 3547 3545
f 4548 4547 4549 4550
f 4548 4550 3549 3547
f 4550 4549 4551 4552
f 4550 4552 3551 3549
f 4552 4551 4553 4554
f 4552 4554 3553 3551
f 4554 4553 4555 4556
f 4554 4556 3555 3553
f 4556 4555 4557 4558
f 4556 4558 3557 3555
f 4558 4557 4559 4560
f 4558 4560 3559 3557
f 4560 4559 4561 4562
f 4560 4562 3561 3559
f 4562 4561 4563 4564
f 4562 4564 3563 3561
f 4564 4563 4565 4566
f 4564 4566 3565 3563
f 4566 4565 4567 4568
f 4566 4568 3567 3565
f 4568 4567 4569 4570
f 4568 4570 3569 3567
f 4570 4569 4571 4572
f 4570 4572 3571 3569
f 4572 4571 4573 4574
f 4572 4574 3573 3571
f 4574 4573 3592 4575
f 4574 4575 3575 3573
f 4575 3592 3590 3589
f 4575 3589 3577 3575
f 4573 3595 3593 3592
f 4573 4571 4576 3595
f 4576 3598 3596 3595
f 4576 4571 4569 4577
f 4576 4577 4578 3598
f 4578 3601 3599 3598
f 4578 4577 4579 4580
f 4578 4580 4581 3601
f 4581 3604 3602 3601
f 4581 4580 4582 4583
f 4581 4583 4584 3604
f 4584 3607 3605 3604
f 4584 4583 4585 4586
f 4584 4586 4587 3607
f 4587 3610 3608 3607
f 4587 4586 4588 4589
f 4587 4589 4590 3610
f 4590 3613 3611 3610
f 4590 4589 4591 4592
f 4590 4592 4593 3613
f 4593 3616 3614 3613
f 4593 4592 4594 4595
f 4593 4595 4596 3616
f 4596 3619 3617 3616
f 4596 4595 4597 4598
f 4596 4598 4599 3619
f 4599 3622 3620 3619
f 4599 4598 4600 4601
f 4599 4601 4602 3622
f 4602 3625 3623 3622
f 4602 4601 4603 4604
f 4602 4604 4605 3625
f 4605 3628 3626 3625
f 4605 4604 4606 4607
f 4605 4607 4608 3628
f 4608 3631 3629 3628
f 4608 4607 4609 4610
f 4608 4610 4611 3631
f 4611 3634 3632 3631
f 4611 4610 4612 4613
f 4611 4613 4614 3634
f 4614 3637 3635 3634
f 4614 4613 4615 4616
f 4614 4616 3644 3637
f 4616 4615 4617 4618
f 4616 4618 3645 3644
f 4618 4617 4619 4620
f 4618 4620 3646 3645
f 4620 4619 4621 4622
f 4620 4622 3648 3646
f 4622 4621 4623 4624
f 4622 4624 3650 3648
f 4624 4623 4625 4626
f 4624 4626 4627 3650
f 4627 3654 3651 3650
f 4627 4626 4628 4629
f 4627 4629 4630 3654
f 4630 3659 3655 3654
f 4630 4629 4631 4632
f 4630 4632 4633 3659
f 4633 3664 3660 3659
f 4633 4632 4634 4635
f 4633 4635 4636 3664
f 4636 3669 3665 3664
f 4636 4635 4637 4638
f 4636 4638 4639 3669
f 4639 3673 3670 3669
f 4639 4638 4640 4641
f 4639 4641 4642 3673
f 4642 3678 3674 3673
f 4642 4641 4643 4644
f 4642 4644 4645 3678
f 4645 3683 3679 3678
f 4645 4644 4646 4647
f 4645 4647 4648 3683
f 4648 3688 3684 3683
f 4648 4647 4649 4650
f 4648 4650 4651 3688
f 4651 3693 3689 3688
f 4651 4650 4652 4653
f 4651 4653 4654 3693
f 4654 3698 3694 3693
f 4654 4653 4655 4656
f 4654 4656 4657 3698
f 4657 3703 3699 3698
f 4657 4656 4658 4659
f 4657 4659 4660 3703
f 4660 3708 3704 3703
f 4660 4659 4661 4662
f 4660 4662 4663 3708
f 4663 3713 3709 3708
f 4663 4662 4664 4665
f 4663 4665 4666 3713
f 4666 3718 3714 3713
f 4666 4665 4667 4668
f 4666 4668 4669 3718
f 4669 3723 3719 3718
f 4669 4668 4670 4671
f 4669 4671 4672 3723
f 4672 3728 3724 3723
f 4672 4671 4673 4674
f 4672 4674 4675 3728
f 4675 3731 3729 3728
f 4675 4674 4676 4677
f 4675 4677 4678 3731
f 4678 3735 3732 3731
f 4678 4677 4679 4680
f 4678 4680 4681 3735
f 4681 3740 3736 3735
f 4681 4680 4682 4683
f 4681 4683 4684 3740
f 4684 3745 3741 3740
f 4684 4683 506 4427
f 4684 4427 4425 3745
f 4683 4682 507 506
f 4682 4680 4679 4685
f 4682 4685 4686 507
f 4686 4685 4687 4435
f 4686 4435 4433 4432
f 4686 4432 504 507
f 4687 4685 4679 4688
f 4687 4688 4689 4690
f 4687 4690 4436 4435
f 4690 4689 4691 4692
f 4690 4692 4437 4436
f 4692 4691 4693 4694
f 4692 4694 4439 4437
f 4694 4693 4695 4696
f 4694 4696 4441 4439
f 4696 4695 4697 4698
f 4696 4698 4443 4441
f 4698 4697 4699 4700
f 4698 4700 4445 4443
f 4700 4699 4701 4702
f 4700 4702 4447 4445
f 4702 4701 4703 4704
f 4702 4704 4449 4447
f 4704 4703 4705 4706
f 4704 4706 4707 4449
f 4707 4706 4708 4709
f 4707 4709 4710 4452
f 4707 4452 4450 4449
f 4710 4709 4711 4712
f 4710 4712 4713 4455
f 4710 4455 4453 4452
f 4713 4712 4714 4715
f 4713 4715 4460 4458
f 4713 4458 4456 4455
f 4715 4714 4716 4465
f 4715 4465 4462 4460
f 4716 4714 4717 4718
f 4716 4718 4719 4468
f 4716 4468 4466 4465
f 4719 4718 4720 4721
f 4719 4721 4722 4471
f 4719 4471 4469 4468
f 4722 4721 4723 4724
f 4722 4724 4725 4474
f 4722 4474 4472 4471
f 4725 4724 4726 4727
f 4725 4727 4728 4477
f 4725 4477 4475 4474
f 4728 4727 4729 4730
f 4728 4730 4731 4480
f 4728 4480 4478 4477
f 4731 4730 4732 4733
f 4731 4733 4734 4483
f 4731 4483 4481 4480
f 4734 4733 4735 4736
f 4734 4736 4737 4486
f 4734 4486 4484 4483
f 4737 4736 4738 4739
f 4737 4739 4740 4489
f 4737 4489 4487 4486
f 4740 4739 4741 4742
f 4740 4742 4743 4492
f 4740 4492 4490 4489
f 4743 4742 4744 4745
f 4743 4745 4746 4495
f 4743 4495 4493 4492
f 4746 4745 4747 4748
f 4746 4748 4749 4750
f 4746 4750 4496 4495
f 4750 4749 4751 4752
f 4750 4752 4497 4496
f 4752 4751 4753 4754
f 4752 4754 4499 4497
f 4754 4753 4755 4756
f 4754 4756 4501 4499
f 4756 4755 4757 4758
f 4756 4758 4503 4501
f 4758 4757 4759 4760
f 4758 4760 4505 4503
f 4760 4759 4513 4511
f 4760 4511 4507 4505
f 4759 4757 4761 4762
f 4759 4762 4515 4513
f 4762 4761 4763 4764
f 4762 4764 4517 4515
f 4764 4763 4765 4766
f 4764 4766 4519 4517
f 4766 4765 4767 4768
f 4766 4768 4521 4519
f 4768 4767 4769 4770
f 4768 4770 4523 4521
f 4770 4769 4771 4772
f 4770 4772 4525 4523
f 4772 4771 4773 4774
f 4772 4774 4527 4525
f 4774 4773 4775 4776
f 4774 4776 4529 4527
f 4776 4775 4777 4778
f 4776 4778 4531 4529
f 4778 4777 4779 4780
f 4778 4780 4533 4531
f 4780 4779 4781 4782
f 4780 4782 4535 4533
f 4782 4781 4783 4784
f 4782 4784 4537 4535
f 4784 4783 4785 4786
f 4784 4786 4539 4537
f 4786 4785 4787 4788
f 4786 4788 4541 4539
f 4788 4787 4789 4790
f 4788 4790 4543 4541
f 4790 4789 4791 4792
f 4790 4792 4545 4543
f 4792 4791 4793 4794
f 4792 4794 4547 4545
f 4794 4793 4795 4796
f 4794 4796 4549 4547
f 4796 4795 4797 4798
f 4796 4798 4551 4549
f 4798 4797 4799 4800
f 4798 4800 4553 4551
f 4800 4799 4801 4802
f 4800 4802 4555 4553
f 4802 4801 4803 4804
f 4802 4804 4557 4555
f 4804 4803 4805 4806
f 4804 4806 4559 4557
f 4806 4805 4807 4808
f 4806 4808 4561 4559
f 4808 4807 4809 4810
f 4808 4810 4563 4561
f 4810 4809 4582 4811
f 4810 4811 4565 4563
f 4811 4582 4580 4579
f 4811 4579 4567 4565
f 4809 4585 4583 4582
f 4809 4807 4812 4585
f 4812 4588 4586 4585
f 4812 4807 4805 4813
f 4812 4813 4814 4588
f 4814 4591 4589 4588
f 4814 4813 4815 4816
f 4814 4816 4817 4591
f 4817 4594 4592 4591
f 4817 4816 4818 4819
f 4817 4819 4820 4594
f 4820 4597 4595 4594
f 4820 4819 4821 4822
f 4820 4822 4823 4597
f 4823 4600 4598 4597
f 4823 4822 4824 4825
f 4823 4825 4826 4600
f 4826 4603 4601 4600
f 4826 4825 4827 4828
f 4826 4828 4829 4603
f 4829 4606 4604 4603
f 4829 4828 4830 4831
f 4829 4831 4832 4606
f 4832 4609 4607 4606
f 4832 4831 4833 4834
f 4832 4834 4835 4609
f 4835 4612 4610 4609
f 4835 4834 4836 4837
f 4835 4837 4838 4612
f 4838 4615 4613 4612
f 4838 4837 4839 4840
f 4838 4840 4617 4615
f 4840 4839 4841 4842
f 4840 4842 4619 4617
f 4842 4841 4843 4844
f 4842 4844 4621 4619
f 4844 4843 4845 4846
f 4844 4846 4623 4621
f 4846 4845 4847 4848
f 4846 4848 4625 4623
f 4848 4847 4849 4850
f 4848 4850 4851 4625
f 4851 4628 4626 4625
f 4851 4850 4852 4853
f 4851 4853 4854 4628
f 4854 4631 4629 4628
f 4854 4853 4855 4856
f 4854 4856 4857 4631
f 4857 4634 4632 4631
f 4857 4856 4858 4859
f 4857 4859 4860 4634
f 4860 4637 4635 4634
f 4860 4859 4861 4862
f 4860 4862 4863 4637
f 4863 4640 4638 4637
f 4863 4862 4864 4865
f 4863 4865 4866 4640
f 4866 4643 4641 4640
f 4866 4865 4867 4868
f 4866 4868 4869 4643
f 4869 4646 4644 4643
f 4869 4868 4870 4871
f 4869 4871 4872 4646
f 4872 4649 4647 4646
f 4872 4871 4873 4874
f 4872 4874 4875 4649
f 4875 4652 4650 4649
f 4875 4874 4876 4877
f 4875 4877 4878 4652
f 4878 4655 4653 4652
f 4878 4877 4879 4880
f 4878 4880 4881 4655
f 4881 4658 4656 4655
f 4881 4880 4882 4883
f 4881 4883 4884 4658
f 4884 4661 4659 4658
f 4884 4883 4885 4886
f 4884 4886 4887 4661
f 4887 4664 4662 4661
f 4887 4886 4888 4889
f 4887 4889 4890 4664
f 4890 4667 4665 4664
f 4890 4889 4891 4892
f 4890 4892 4893 4667
f 4893 4670 4668 4667
f 4893 4892 4894 4895
f 4893 4895 4896 4670
f 4896 4673 4671 4670
f 4896 4895 4897 4898
f 4896 4898 4899 4673
f 4899 4676 4674 4673
f 4899 4898 4691 4689
f 4899 4689 4688 4676
f 4898 4897 4693 4691
f 4897 4895 4894 4900
f 4897 4900 4695 4693
f 4900 4894 4901 4902
f 4900 4902 4697 4695
f 4902 4901 4903 4904
f 4902 4904 4699 4697
f 4904 4903 4905 4906
f 4904 4906 4701 4699
f 4906 4905 4907 4908
f 4906 4908 4703 4701
f 4908 4907 4909 4910
f 4908 4910 4705 4703
f 4910 4909 4911 4912
f 4910 4912 4913 4705
f 4913 4912 4914 4915
f 4913 4915 4916 4708
f 4913 4708 4706 4705
f 4916 4915 4917 4918
f 4916 4918 4717 4711
f 4916 4711 4709 4708
f 4918 4917 4919 4720
f 4918 4720 4718 4717
f 4919 4917 4920 4921
f 4919 4921 4922 4723
f 4919 4723 4721 4720
f 4922 4921 4923 4924
f 4922 4924 4925 4726
f 4922 4726 4724 4723
f 4925 4924 4926 4927
f 4925 4927 4928 4729
f 4925 4729 4727 4726
f 4928 4927 4929 4930
f 4928 4930 4931 4732
f 4928 4732 4730 4729
f 4931 4930 4932 4933
f 4931 4933 4934 4735
f 4931 4735 4733 4732
f 4934 4933 4935 4936
f 4934 4936 4937 4738
f 4934 4738 4736 4735
f 4937 4936 4938 4939
f 4937 4939 4940 4741
f 4937 4741 4739 4738
f 4940 4939 4941 4942
f 4940 4942 4943 4744
f 4940 4744 4742 4741
f 4943 4942 4944 4945
f 4943 4945 4946 4747
f 4943 4747 4745 4744
f 4946 4945 4947 4948
f 4946 4948 4949 4950
f 4946 4950 4748 4747
f 4950 4949 4951 4952
f 4950 4952 4749 4748
f 4952 4951 4953 4954
f 4952 4954 4751 4749
f 4954 4953 4955 4956
f 4954 4956 4753 4751
f 4956 4955 4957 4958
f 4956 4958 4755 4753
f 4958 4957 4763 4761
f 4958 4761 4757 4755
f 4957 4955 4959 4960
f 4957 4960 4765 4763
f 4960 4959 4961 4962
f 4960 4962 4767 4765
f 4962 4961 4963 4964
f 4962 4964 4769 4767
f 4964 4963 4965 4966
f 4964 4966 4771 4769
f 4966 4965 4967 4968
f 4966 4968 4773 4771
f 4968 4967 4969 4970
f 4968 4970 4775 4773
f 4970 4969 4971 4972
f 4970 4972 4777 4775
f 4972 4971 4973 4974
f 4972 4974 4779 4777
f 4974 4973 4975 4976
f 4974 4976 4781 4779
f 4976 4975 4977 4978
f 4976 4978 4783 4781
f 4978 4977 4979 4980
f 4978 4980 4785 4783
f 4980 4979 4981 4982
f 4980 4982 4787 4785
f 4982 4981 4983 4984
f 4982 4984 4789 4787
f 4984 4983 4985 4986
f 4984 4986 4791 4789
f 4986 4985 4987 4988
f 4986 4988 4793 4791
f 4988 4987 4989 4990
f 4988 4990 4795 4793
f 4990 4989 4991 4992
f 4990 4992 4797 4795
f 4992 4991 4993 4994
f 4992 4994 4799 4797
f 4994 4993 4818 4995
f 4994 4995 4801 4799
f 4995 4818 4816 4815
f 4995 4815 4803 4801
f 4993 4821 4819 4818
f 4993 4991 4996 4821
f 4996 4824 4822 4821
f 4996 4991 4989 4997
f 4996 4997 4998 4824
f 4998 4827 4825 4824
f 4998 4997 4999 5000
f 4998 5000 5001 4827
f 5001 4830 4828 4827
f 5001 5000 5002 5003
f 5001 5003 5004 4830
f 5004 4833 4831 4830
f 5004 5003 5005 5006
f 5004 5006 5007 4833
f 5007 4836 4834 4833
f 5007 5006 5008 5009
f 5007 5009 5010 4836
f 5010 4839 4837 4836
f 5010 5009 5011 5012
f 5010 5012 4841 4839
f 5012 5011 5013 5014
f 5012 5014 4843 4841
f 5014 5013 5015 5016
f 5014 5016 4845 4843
f 5016 5015 5017 5018
f 5016 5018 4847 4845
f 5018 5017 5019 5020
f 5018 5020 4849 4847
f 5020 5019 5021 5022
f 5020 5022 5023 4849
f 5023 4852 4850 4849
f 5023 5022 5024 5025
f 5023 5025 5026 4852
f 5026 4855 4853 4852
f 5026 5025 5027 5028
f 5026 5028 5029 4855
f 5029 4858 4856 4855
f 5029 5028 5030 5031
f 5029 5031 5032 4858
f 5032 4861 4859 4858
f 5032 5031 5033 5034
f 5032 5034 5035 4861
f 5035 4864 4862 4861
f 5035 5034 5036 5037
f 5035 5037 5038 4864
f 5038 4867 4865 4864
f 5038 5037 5039 5040
f 5038 5040 5041 4867
f 5041 4870 4868 4867
f 5041 5040 5042 5043
f 5041 5043 5044 4870
f 5044 4873 4871 4870
f 5044 5043 5045 5046
f 5044 5046 5047 4873
f 5047 4876 4874 4873
f 5047 5046 5048 5049
f 5047 5049 5050 4876
f 5050 4879 4877 4876
f 5050 5049 5051 5052
f 5050 5052 5053 4879
f 5053 4882 4880 4879
f 5053 5052 5054 5055
f 5053 5055 5056 4882
f 5056 4885 4883 4882
f 5056 5055 5057 5058
f 5056 5058 5059 4885
f 5059 4888 4886 4885
f 5059 5058 5060 5061
f 5059 5061 5062 4888
f 5062 4891 4889 4888
f 5062 5061 4905 4903
f 5062 4903 4901 4891
f 5061 5060 4907 4905
f 5060 5058 5057 5063
f 5060 5063 4909 4907
f 5063 5057 5064 5065
f 5063 5065 4911 4909
f 5065 5064 5066 5067
f 5065 5067 5068 4911
f 5068 5067 5069 5070
f 5068 5070 4920 4914
f 5068 4914 4912 4911
f 5070 5069 5071 4923
f 5070 4923 4921 4920
f 5071 5069 5072 5073
f 5071 5073 5074 4926
f 5071 4926 4924 4923
f 5074 5073 5075 5076
f 5074 5076 5077 4929
f 5074 4929 4927 4926
f 5077 5076 5078 5079
f 5077 5079 5080 4932
f 5077 4932 4930 4929
f 5080 5079 5081 5082
f 5080 5082 5083 4935
f 5080 4935 4933 4932
f 5083 5082 5084 5085
f 5083 5085 5086 4938
f 5083 4938 4936 4935
f 5086 5085 5087 5088
f 5086 5088 5089 4941
f 5086 4941 4939 4938
f 5089 5088 5090 5091
f 5089 5091 5092 4944
f 5089 4944 4942 4941
f 5092 5091 5093 5094
f 5092 5094 5095 4947
f 5092 4947 4945 4944
f 5095 5094 5096 5097
f 5095 5097 5098 5099
f 5095 5099 4948 4947
f 5099 5098 5100 5101
f 5099 5101 4949 4948
f 5101 5100 5102 5103
f 5101 5103 4951 4949
f 5103 5102 5104 5105
f 5103 5105 4953 4951
f 5105 5104 4961 4959
f 5105 4959 4955 4953
f 5104 5102 5106 5107
f 5104 5107 4963 4961
f 5107 5106 5108 5109
f 5107 5109 4965 4963
f 5109 5108 5110 5111
f 5109 5111 4967 4965
f 5111 5110 5112 5113
f 5111 5113 4969 4967
f 5113 5112 5114 5115
f 5113 5115 4971 4969
f 5115 5114 5116 5117
f 5115 5117 4973 4971
f 5117 5116 5118 5119
f 5117 5119 4975 4973
f 5119 5118 5120 5121
f 5119 5121 4977 4975
f 5121 5120 5122 5123
f 5121 5123 4979 4977
f 5123 5122 5124 5125
f 5123 5125 4981 4979
f 5125 5124 5126 5127
f 5125 5127 4983 4981
f 5127 5126 5002 5128
f 5127 5128 4985 4983
f 5128 5002 5000 4999
f 5128 4999 4987 4985
f 5126 5005 5003 5002
f 5126 5124 5129 5005
f 5129 5008 5006 5005
f 5129 5124 5122 5130
f 5129 5130 5131 5008
f 5131 5011 5009 5008
f 5131 5130 5132 5133
f 5131 5133 5013 5011
f 5133 5132 5134 5135
f 5133 5135 5015 5013
f 5135 5134 5136 5137
f 5135 5137 5017 5015
f 5137 5136 5138 5139
f 5137 5139 5019 5017
f 5139 5138 5140 5141
f 5139 5141 5021 5019
f 5141 5140 5142 5143
f 5141 5143 5144 5021
f 5144 5024 5022 5021
f 5144 5143 5145 5146
f 5144 5146 5147 5024
f 5147 5027 5025 5024
f 5147 5146 5148 5149
f 5147 5149 5150 5027
f 5150 5030 5028 5027
f 5150 5149 5096 5151
f 5150 5151 5152 5030
f 5152 5033 5031 5030
f 5152 5151 5093 5153
f 5152 5153 5154 5033
f 5154 5036 5034 5033
f 5154 5153 5090 5155
f 5154 5155 5156 5036
f 5156 5039 5037 5036
f 5156 5155 5087 5157
f 5156 5157 5158 5039
f 5158 5042 5040 5039
f 5158 5157 5084 5159
f 5158 5159 5160 5042
f 5160 5045 5043 5042
f 5160 5159 5081 5161
f 5160 5161 5162 5045
f 5162 5048 5046 5045
f 5162 5161 5078 5163
f 5162 5163 5164 5048
f 5164 5051 5049 5048
f 5164 5163 5075 5165
f 5164 5165 5166 5051
f 5166 5054 5052 5051
f 5166 5165 5072 5066
f 5166 5066 5064 5054
f 5165 5075 5073 5072
f 5163 5078 5076 5075
f 5161 5081 5079 5078
f 5159 5084 5082 5081
f 5157 5087 5085 5084
f 5155 5090 5088 5087
f 5153 5093 5091 5090
f 5151 5096 5094 5093
f 5149 5148 5097 5096
f 5148 5146 5145 5167
f 5148 5167 5098 5097
f 5167 5145 5168 5169
f 5167 5169 5100 5098
f 5169 5168 5108 5106
f 5169 5106 5102 5100
f 5168 5145 5143 5142
f 5168 5142 5110 5108
f 5142 5140 5112 5110
f 5140 5138 5114 5112
f 5138 5136 5116 5114
f 5136 5134 5118 5116
f 5134 5132 5120 5118
f 5132 5130 5122 5120
f 5072 5069 5067 5066
f 5064 5057 5055 5054
f 4999 4997 4989 4987
f 4920 4917 4915 4914
f 4901 4894 4892 4891
f 4815 4813 4805 4803
f 4717 4714 4712 4711
f 4688 4679 4677 4676
f 4579 4577 4569 4567
f 4432 4430 505 504
f 4428 4427 506 505
f 4425 3750 3746 3745
f 3739 467 466 3734
f 3727 3726 460 459
f 3677 597 596 3672
f 3668 3667 596 595
f 3658 606 605 3653
f 3644 3640 3638 3637
f 3589 3587 3579 3577
f 3353 2984 5170 5171
f 3353 5171 3348 3347
f 3353 3352 2985 2984
f 5171 5170 2972 5172
f 5171 5172 5173 3348
f 5173 5172 2967 5174
f 5173 5174 5175 3343
f 5173 3343 3342 3348
f 5175 5174 2963 5176
f 5175 5176 5177 3338
f 5175 3338 3337 3343
f 5177 5176 5178 5179
f 5177 5179 5180 3333
f 5177 3333 3332 3338
f 5180 5179 5181 5182
f 5180 5182 5183 3328
f 5180 3328 3327 3333
f 5183 5182 5184 5185
f 5183 5185 5186 3323
f 5183 3323 3322 3328
f 5186 5185 5187 5188
f 5186 5188 5189 3318
f 5186 3318 3317 3323
f 5189 5188 5190 5191
f 5189 5191 5192 3313
f 5189 3313 3312 3318
f 5192 5191 5193 5194
f 5192 5194 5195 3308
f 5192 3308 3307 3313
f 5195 5194 5196 5197
f 5195 5197 5198 3303
f 5195 3303 3302 3308
f 5198 5197 5199 5200
f 5198 5200 5201 3298
f 5198 3298 3297 3303
f 5201 5200 5202 5203
f 5201 5203 5204 3293
f 5201 3293 3292 3298
f 5204 5203 5205 5206
f 5204 5206 5207 3288
f 5204 3288 3287 3293
f 5207 5206 5208 5209
f 5207 5209 5210 3283
f 5207 3283 3282 3288
f 5210 5209 5211 5212
f 5210 5212 5213 3278
f 5210 3278 3277 3283
f 5213 5212 5214 5215
f 5213 5215 5216 3273
f 5213 3273 3272 3278
f 5216 5215 5217 5218
f 5216 5218 5219 3268
f 5216 3268 3267 3273
f 5219 5218 5220 5221
f 5219 5221 5222 3263
f 5219 3263 3262 3268
f 5222 5221 5223 5224
f 5222 5224 5225 3258
f 5222 3258 3257 3263
f 5225 5224 5226 5227
f 5225 5227 5228 3253
f 5225 3253 3252 3258
f 5228 5227 5229 5230
f 5228 5230 5231 3248
f 5228 3248 3247 3253
f 5231 5230 5232 5233
f 5231 5233 5234 3243
f 5231 3243 3242 3248
f 5234 5233 5235 5236
f 5234 5236 5237 3238
f 5234 3238 3237 3243
f 5237 5236 5238 5239
f 5237 5239 5240 3233
f 5237 3233 3232 3238
f 5240 5239 5241 5242
f 5240 5242 5243 3229
f 5240 3229 3228 3233
f 5243 5242 5244 5245
f 5243 5245 5246 3226
f 5243 3226 3225 3229
f 5246 5245 5247 5248
f 5246 5248 5249 620
f 5246 620 619 3226
f 5249 5248 5250 5251
f 5249 5251 5252 5253
f 5249 5253 77 620
f 5253 5252 5254 5255
f 5253 5255 614 77
f 5255 5254 5256 5257
f 5255 5257 5258 614
f 5258 2811 615 614
f 5258 5257 5259 5260
f 5258 5260 2813 2811
f 5260 5259 5261 5262
f 5260 5262 2815 2813
f 5262 5261 5263 5264
f 5262 5264 2817 2815
f 5264 5263 5265 5266
f 5264 5266 2819 2817
f 5266 5265 5267 5268
f 5266 5268 2821 2819
f 5268 5267 2829 2827
f 5268 2827 2823 2821
f 5267 5265 5269 5270
f 5267 5270 2831 2829
f 5270 5269 5271 5272
f 5270 5272 5273 2831
f 5273 5272 5274 5275
f 5273 5275 5276 2834
f 5273 2834 2832 2831
f 5276 5275 5277 5278
f 5276 5278 5279 2837
f 5276 2837 2835 2834
f 5279 5278 5280 5281
f 5279 5281 5282 5283
f 5279 5283 2838 2837
f 5283 5282 5284 5285
f 5283 5285 2839 2838
f 5285 5284 5286 5287
f 5285 5287 2841 2839
f 5287 5286 5288 5289
f 5287 5289 2843 2841
f 5289 5288 5290 5291
f 5289 5291 2845 2843
f 5291 5290 5292 5293
f 5291 5293 2847 2845
f 5293 5292 5294 5295
f 5293 5295 5296 2847
f 5296 2850 2848 2847
f 5296 5295 5297 5298
f 5296 5298 5299 2850
f 5299 2853 2851 2850
f 5299 5298 5300 5301
f 5299 5301 5302 2853
f 5302 2856 2854 2853
f 5302 5301 5303 562
f 5302 562 561 2856
f 5303 5301 5300 5304
f 5303 5304 5305 5306
f 5303 5306 563 562
f 5306 5305 5307 5308
f 5306 5308 564 563
f 5308 5307 5309 5310
f 5308 5310 5311 564
f 5311 5312 565 564
f 5311 5310 5313 5314
f 5311 5314 5315 5312
f 5315 5316 5317 5312
f 5315 5314 5318 5319
f 5315 5319 5320 5316
f 5320 555 2860 5316
f 5320 5319 5321 5322
f 5320 5322 556 555
f 5322 5321 5323 5324
f 5322 5324 560 556
f 5324 5323 584 583
f 5324 583 5325 560
f 5325 5326 557 560
f 5325 583 582 5327
f 5325 5327 5328 5326
f 5328 5329 5330 5326
f 5328 5327 5331 5332
f 5328 5332 5333 5329
f 5333 5334 5335 5329
f 5333 5332 5336 5337
f 5333 5337 5338 5334
f 5338 5339 5340 5334
f 5338 5337 5341 5342
f 5338 5342 5343 5339
f 5343 5344 5345 5339
f 5343 5342 5346 5347
f 5343 5347 5348 5344
f 5348 5349 5350 5344
f 5348 5347 5351 5352
f 5348 5352 5353 5349
f 5353 5354 5355 5349
f 5353 5352 5356 5357
f 5353 5357 5358 5354
f 5358 5359 5360 5354
f 5358 5357 5361 5362
f 5358 5362 5363 5359
f 5363 5364 5365 5359
f 5363 5362 5366 5367
f 5363 5367 2926 5364
f 5367 5366 5368 5369
f 5367 5369 2927 2926
f 5369 5368 5370 5371
f 5369 5371 2928 2927
f 5371 5370 5372 5373
f 5371 5373 2930 2928
f 5373 5372 5374 5375
f 5373 5375 2932 2930
f 5375 5374 5376 5377
f 5375 5377 2934 2932
f 5377 5376 5378 5379
f 5377 5379 2936 2934
f 5379 5378 5202 5380
f 5379 5380 5381 2936
f 5381 2939 2937 2936
f 5381 5380 5199 5382
f 5381 5382 5383 2939
f 5383 2942 2940 2939
f 5383 5382 5196 5384
f 5383 5384 5385 2942
f 5385 2945 2943 2942
f 5385 5384 5193 5386
f 5385 5386 5387 2945
f 5387 2948 2946 2945
f 5387 5386 5190 5388
f 5387 5388 5389 2948
f 5389 2951 2949 2948
f 5389 5388 5187 5390
f 5389 5390 5391 2951
f 5391 2954 2952 2951
f 5391 5390 5184 5392
f 5391 5392 5393 2954
f 5393 2957 2955 2954
f 5393 5392 5181 5394
f 5393 5394 2959 2957
f 5394 5181 5179 5178
f 5394 5178 2961 2959
f 5392 5184 5182 5181
f 5390 5187 5185 5184
f 5388 5190 5188 5187
f 5386 5193 5191 5190
f 5384 5196 5194 5193
f 5382 5199 5197 5196
f 5380 5202 5200 5199
f 5378 5376 5395 5205
f 5378 5205 5203 5202
f 5395 5376 5374 5396
f 5395 5396 5397 5208
f 5395 5208 5206 5205
f 5397 5396 5398 5399
f 5397 5399 5400 5211
f 5397 5211 5209 5208
f 5400 5399 5401 5402
f 5400 5402 5403 5214
f 5400 5214 5212 5211
f 5403 5402 5404 5405
f 5403 5405 5406 5217
f 5403 5217 5215 5214
f 5406 5405 5407 5408
f 5406 5408 5409 5220
f 5406 5220 5218 5217
f 5409 5408 5410 5411
f 5409 5411 5412 5223
f 5409 5223 5221 5220
f 5412 5411 5413 5414
f 5412 5414 5415 5226
f 5412 5226 5224 5223
f 5415 5414 5416 5417
f 5415 5417 5418 5229
f 5415 5229 5227 5226
f 5418 5417 5419 5420
f 5418 5420 5421 5232
f 5418 5232 5230 5229
f 5421 5420 5422 5423
f 5421 5423 5424 5235
f 5421 5235 5233 5232
f 5424 5423 5425 5426
f 5424 5426 5427 5238
f 5424 5238 5236 5235
f 5427 5426 5428 5429
f 5427 5429 5430 5241
f 5427 5241 5239 5238
f 5430 5429 5431 5432
f 5430 5432 5433 5244
f 5430 5244 5242 5241
f 5433 5432 5434 5435
f 5433 5435 5436 5247
f 5433 5247 5245 5244
f 5436 5435 5437 5438
f 5436 5438 5439 5250
f 5436 5250 5248 5247
f 5439 5438 5440 5441
f 5439 5441 5442 5443
f 5439 5443 5251 5250
f 5443 5442 5444 5445
f 5443 5445 5252 5251
f 5445 5444 5446 5447
f 5445 5447 5254 5252
f 5447 5446 5448 5449
f 5447 5449 5256 5254
f 5449 5448 5450 5451
f 5449 5451 5452 5256
f 5452 5259 5257 5256
f 5452 5451 5453 5454
f 5452 5454 5261 5259
f 5454 5453 5455 5456
f 5454 5456 5263 5261
f 5456 5455 5271 5269
f 5456 5269 5265 5263
f 5455 5453 5457 5458
f 5455 5458 5459 5271
f 5459 5458 5460 5461
f 5459 5461 5462 5274
f 5459 5274 5272 5271
f 5462 5461 5463 5464
f 5462 5464 5465 5277
f 5462 5277 5275 5274
f 5465 5464 5466 5467
f 5465 5467 5468 5280
f 5465 5280 5278 5277
f 5468 5467 5469 5470
f 5468 5470 5471 5472
f 5468 5472 5281 5280
f 5472 5471 5473 5474
f 5472 5474 5282 5281
f 5474 5473 5475 5476
f 5474 5476 5284 5282
f 5476 5475 5477 5478
f 5476 5478 5286 5284
f 5478 5477 5479 5480
f 5478 5480 5288 5286
f 5480 5479 5481 5482
f 5480 5482 5290 5288
f 5482 5481 5483 5484
f 5482 5484 5292 5290
f 5484 5483 5485 5486
f 5484 5486 5294 5292
f 5486 5485 5487 5488
f 5486 5488 5489 5294
f 5489 5297 5295 5294
f 5489 5488 5490 5491
f 5489 5491 5492 5297
f 5492 5300 5298 5297
f 5492 5491 5493 5494
f 5492 5494 5304 5300
f 5494 5493 5495 5496
f 5494 5496 5305 5304
f 5496 5495 5497 5498
f 5496 5498 5307 5305
f 5498 5497 5499 5500
f 5498 5500 5309 5307
f 5500 5499 5501 5502
f 5500 5502 5503 5309
f 5503 5313 5310 5309
f 5503 5502 5504 5505
f 5503 5505 5506 5313
f 5506 5318 5314 5313
f 5506 5505 5507 5508
f 5506 5508 5509 5318
f 5509 5321 5319 5318
f 5509 5508 5510 5511
f 5509 5511 5323 5321
f 5511 5510 5512 585
f 5511 585 584 5323
f 5512 5510 5513 5514
f 5512 5514 5515 5516
f 5512 5516 577 585
f 5516 5515 5517 5518
f 5516 5518 578 577
f 5518 5517 5519 5520
f 5518 5520 5521 578
f 5521 5522 579 578
f 5521 5520 5523 5524
f 5521 5524 5431 5522
f 5524 5523 5525 5434
f 5524 5434 5432 5431
f 5525 5523 5526 5527
f 5525 5527 5528 5437
f 5525 5437 5435 5434
f 5528 5527 5529 5530
f 5528 5530 5531 5440
f 5528 5440 5438 5437
f 5531 5530 5532 5533
f 5531 5533 5534 5535
f 5531 5535 5441 5440
f 5535 5534 5536 5537
f 5535 5537 5442 5441
f 5537 5536 5538 5539
f 5537 5539 5444 5442
f 5539 5538 5540 5541
f 5539 5541 5446 5444
f 5541 5540 5542 5543
f 5541 5543 5448 5446
f 5543 5542 5544 5545
f 5543 5545 5450 5448
f 5545 5544 5546 5547
f 5545 5547 5457 5450
f 5547 5546 5548 5460
f 5547 5460 5458 5457
f 5548 5546 5549 5550
f 5548 5550 5551 5463
f 5548 5463 5461 5460
f 5551 5550 5552 5553
f 5551 5553 5554 5466
f 5551 5466 5464 5463
f 5554 5553 5555 5556
f 5554 5556 5557 5469
f 5554 5469 5467 5466
f 5557 5556 5558 5559
f 5557 5559 5560 5561
f 5557 5561 5470 5469
f 5561 5560 5562 5563
f 5561 5563 5471 5470
f 5563 5562 5564 5565
f 5563 5565 5473 5471
f 5565 5564 5566 5567
f 5565 5567 5475 5473
f 5567 5566 5568 5569
f 5567 5569 5477 5475
f 5569 5568 5570 5571
f 5569 5571 5479 5477
f 5571 5570 5572 5573
f 5571 5573 5481 5479
f 5573 5572 5574 5575
f 5573 5575 5483 5481
f 5575 5574 5576 5577
f 5575 5577 5485 5483
f 5577 5576 588 5578
f 5577 5578 5487 5485
f 5578 588 587 5579
f 5578 5579 5580 5487
f 5580 5490 5488 5487
f 5580 5579 5581 5582
f 5580 5582 5583 5490
f 5583 5493 5491 5490
f 5583 5582 5584 5585
f 5583 5585 5495 5493
f 5585 5584 5586 5587
f 5585 5587 5497 5495
f 5587 5586 5588 5589
f 5587 5589 5499 5497
f 5589 5588 5590 5591
f 5589 5591 5501 5499
f 5591 5590 5592 5593
f 5591 5593 5594 5501
f 5594 5504 5502 5501
f 5594 5593 5595 5596
f 5594 5596 5597 5504
f 5597 5507 5505 5504
f 5597 5596 5598 5599
f 5597 5599 5513 5507
f 5599 5598 5600 5601
f 5599 5601 5514 5513
f 5601 5600 5602 5603
f 5601 5603 5515 5514
f 5603 5602 5604 5605
f 5603 5605 5517 5515
f 5605 5604 5606 5607
f 5605 5607 5519 5517
f 5607 5606 5608 5609
f 5607 5609 5526 5519
f 5609 5608 5610 5529
f 5609 5529 5527 5526
f 5610 5608 5611 5612
f 5610 5612 5613 5532
f 5610 5532 5530 5529
f 5613 5612 5614 5615
f 5613 5615 5616 5617
f 5613 5617 5533 5532
f 5617 5616 5618 5619
f 5617 5619 5534 5533
f 5619 5618 5620 5621
f 5619 5621 5536 5534
f 5621 5620 5622 5623
f 5621 5623 5538 5536
f 5623 5622 5624 5625
f 5623 5625 5540 5538
f 5625 5624 5626 5627
f 5625 5627 5542 5540
f 5627 5626 5628 5629
f 5627 5629 5544 5542
f 5629 5628 5630 5549
f 5629 5549 5546 5544
f 5630 5628 5631 5632
f 5630 5632 5633 5552
f 5630 5552 5550 5549
f 5633 5632 5634 5635
f 5633 5635 5636 5555
f 5633 5555 5553 5552
f 5636 5635 624 623
f 5636 623 622 5558
f 5636 5558 5556 5555
f 5635 5634 5637 624
f 5637 5634 5638 5639
f 5637 5639 5640 5641
f 5637 5641 625 624
f 5641 5640 5642 5643
f 5641 5643 626 625
f 5643 5642 5644 5645
f 5643 5645 5646 626
f 5646 5645 5647 5648
f 5646 5648 5649 5650
f 5646 5650 621 626
f 5650 5649 5651 5652
f 5650 5652 622 621
f 5652 5559 5558 622
f 5652 5651 5560 5559
f 5651 5649 5653 5654
f 5651 5654 5562 5560
f 5654 5653 5655 5656
f 5654 5656 5564 5562
f 5656 5655 5657 5658
f 5656 5658 5566 5564
f 5658 5657 5659 5660
f 5658 5660 5568 5566
f 5660 5659 5661 5662
f 5660 5662 5570 5568
f 5662 5661 5663 5664
f 5662 5664 5572 5570
f 5664 5663 5665 5666
f 5664 5666 5574 5572
f 5666 5665 5667 5668
f 5666 5668 5576 5574
f 5668 5667 590 589
f 5668 589 588 5576
f 5667 5669 5670 590
f 5667 5665 5671 5669
f 5671 5672 5673 5669
f 5671 5665 5663 5674
f 5671 5674 5675 5672
f 5675 5676 5677 5672
f 5675 5674 5678 5679
f 5675 5679 5680 5676
f 5680 5681 5682 5676
f 5680 5679 5683 5684
f 5680 5684 5685 5681
f 5685 5686 5687 5681
f 5685 5684 5688 5689
f 5685 5689 5690 5686
f 5690 5691 5692 5686
f 5690 5689 5693 5694
f 5690 5694 5695 5691
f 5695 5696 5697 5691
f 5695 5694 5698 5699
f 5695 5699 5614 5696
f 5699 5698 5700 5701
f 5699 5701 5615 5614
f 5701 5700 5702 5703
f 5701 5703 5616 5615
f 5703 5702 5704 5705
f 5703 5705 5618 5616
f 5705 5704 5706 5707
f 5705 5707 5620 5618
f 5707 5706 631 630
f 5707 630 5622 5620
f 5706 5704 5708 5709
f 5706 5709 632 631
f 5709 5708 5642 5640
f 5709 5640 5639 632
f 5708 5704 5702 5710
f 5708 5710 5644 5642
f 5710 5702 5700 5711
f 5710 5711 5712 5644
f 5712 5711 5713 5714
f 5712 5714 5715 5647
f 5712 5647 5645 5644
f 5715 5714 5716 5717
f 5715 5717 5718 5719
f 5715 5719 5648 5647
f 5719 5718 5655 5653
f 5719 5653 5649 5648
f 5718 5717 5720 5721
f 5718 5721 5657 5655
f 5721 5720 5683 5722
f 5721 5722 5659 5657
f 5722 5683 5679 5678
f 5722 5678 5661 5659
f 5720 5688 5684 5683
f 5720 5717 5716 5688
f 5716 5693 5689 5688
f 5716 5714 5713 5693
f 5713 5698 5694 5693
f 5713 5711 5700 5698
f 5697 5723 5724 5725
f 5697 5725 5692 5691
f 5697 5696 5611 5723
f 5725 5724 5726 5727
f 5725 5727 5728 5692
f 5728 5727 5729 5730
f 5728 5730 5731 5687
f 5728 5687 5686 5692
f 5731 5730 5732 5733
f 5731 5733 5734 5682
f 5731 5682 5681 5687
f 5734 5733 5735 5736
f 5734 5736 5737 5677
f 5734 5677 5676 5682
f 5737 5736 610 609
f 5737 609 5738 5673
f 5737 5673 5672 5677
f 5738 609 608 5739
f 5738 5739 5740 5670
f 5738 5670 5669 5673
f 5740 5739 5741 5742
f 5740 5742 592 591
f 5740 591 590 5670
f 5742 5743 5581 592
f 5742 5741 5744 5743
f 5744 5586 5584 5743
f 5744 5741 612 5745
f 5744 5745 5588 5586
f 5745 612 611 5746
f 5745 5746 5590 5588
f 5746 611 613 5747
f 5746 5747 5592 5590
f 5747 613 5735 5748
f 5747 5748 5749 5592
f 5749 5595 5593 5592
f 5749 5748 5732 5750
f 5749 5750 5751 5595
f 5751 5598 5596 5595
f 5751 5750 5729 5752
f 5751 5752 5600 5598
f 5752 5729 5727 5726
f 5752 5726 5602 5600
f 5750 5732 5730 5729
f 5748 5735 5733 5732
f 5743 5584 5582 5581
f 5741 5739 608 612
f 5736 5735 613 610
f 5726 5724 5604 5602
f 5724 5723 5606 5604
f 5723 5611 5608 5606
f 5696 5614 5612 5611
f 5678 5674 5663 5661
f 5639 5638 627 632
f 5638 5631 628 627
f 5638 5634 5632 5631
f 5631 5628 5626 628
f 5626 5624 629 628
f 5624 5622 630 629
f 5581 5579 587 592
f 5526 5523 5520 5519
f 5522 5428 580 579
f 5522 5431 5429 5428
f 5513 5510 5508 5507
f 5457 5453 5451 5450
f 5428 5426 5425 580
f 5425 5753 581 580
f 5425 5423 5422 5753
f 5753 5754 586 581
f 5753 5422 5755 5754
f 5755 5756 5757 5754
f 5755 5422 5420 5419
f 5755 5419 5758 5756
f 5758 5759 5760 5756
f 5758 5419 5417 5416
f 5758 5416 5761 5759
f 5761 5762 5763 5759
f 5761 5416 5414 5413
f 5761 5413 5764 5762
f 5764 5765 5766 5762
f 5764 5413 5411 5410
f 5764 5410 5767 5765
f 5767 5768 5769 5765
f 5767 5410 5408 5407
f 5767 5407 5770 5768
f 5770 5771 5772 5768
f 5770 5407 5405 5404
f 5770 5404 5773 5771
f 5773 5774 5775 5771
f 5773 5404 5402 5401
f 5773 5401 5776 5774
f 5776 5370 5368 5774
f 5776 5401 5399 5398
f 5776 5398 5372 5370
f 5775 5366 5362 5361
f 5775 5361 5772 5771
f 5775 5774 5368 5366
f 5772 5361 5357 5356
f 5772 5356 5769 5768
f 5769 5356 5352 5351
f 5769 5351 5766 5765
f 5766 5351 5347 5346
f 5766 5346 5763 5762
f 5763 5346 5342 5341
f 5763 5341 5760 5759
f 5760 5341 5337 5336
f 5760 5336 5757 5756
f 5757 5336 5332 5331
f 5757 5331 586 5754
f 5398 5396 5374 5372
f 5365 5777 5778 5779
f 5365 5779 5360 5359
f 5365 5364 2923 5777
f 5779 5778 5780 5781
f 5779 5781 5782 5360
f 5782 5781 5783 5784
f 5782 5784 5785 5355
f 5782 5355 5354 5360
f 5785 5784 5786 5787
f 5785 5787 5788 5350
f 5785 5350 5349 5355
f 5788 5787 5789 5790
f 5788 5790 5791 5345
f 5788 5345 5344 5350
f 5791 5790 5792 5793
f 5791 5793 5794 5340
f 5791 5340 5339 5345
f 5794 5793 5795 5796
f 5794 5796 5797 5335
f 5794 5335 5334 5340
f 5797 5796 5798 5799
f 5797 5799 558 5330
f 5797 5330 5329 5335
f 5799 5798 2879 5800
f 5799 5800 559 558
f 5800 2879 2875 2874
f 5800 2874 2865 559
f 5798 2884 2880 2879
f 5798 5796 5795 2884
f 5795 2889 2885 2884
f 5795 5793 5792 2889
f 5792 2894 2890 2889
f 5792 5790 5789 2894
f 5789 2899 2895 2894
f 5789 5787 5786 2899
f 5786 2904 2900 2899
f 5786 5784 5783 2904
f 5783 2909 2905 2904
f 5783 5781 5780 2909
f 5780 2914 2910 2909
f 5780 5778 2916 2914
f 5778 5777 2918 2916
f 5777 2923 2920 2918
f 5364 2926 2924 2923
f 5331 5327 582 586
f 5330 558 557 5326
f 5317 566 565 5312
f 5317 5316 2860 2858
f 5317 2858 2857 566
f 5178 5176 2963 2961
f 5174 2967 2964 2963
f 5172 2972 2968 2967
f 5170 2977 2973 2972
f 5170 2984 2982 2977
f 3349 3345 3344 600
f 3234 3230 3219 3217
f 2998 500 499 2993
f 2976 5801 2971 2970
f 2976 2975 2594 2592
f 2976 2592 2590 5801
f 5801 5802 547 2971
f 5801 2590 2589 5802
f 5802 5803 545 547
f 5802 2589 2588 5803
f 5803 5804 546 545
f 5803 2588 5805 5804
f 5805 5806 5807 5804
f 5805 2588 2585 2583
f 5805 2583 2581 5806
f 5807 2564 2562 2561
f 5807 2561 546 5804
f 5807 5806 2566 2564
f 5806 2581 2568 2566
f 2971 547 544 2966
f 2913 2485 2481 2480
f 2913 2480 2908 2907
f 2913 2912 2491 2485
f 2912 2494 2492 2491
f 2908 2480 2477 2476
f 2908 2476 2903 2902
f 2903 2476 2474 5808
f 2903 5808 2898 2897
f 5808 2474 2472 5809
f 5808 5809 5810 2898
f 5810 5809 5811 5812
f 5810 5812 5813 2893
f 5810 2893 2892 2898
f 5813 5812 5814 5815
f 5813 5815 5816 2888
f 5813 2888 2887 2893
f 5816 5815 5817 5818
f 5816 5818 5819 2883
f 5816 2883 2882 2888
f 5819 5818 5820 5821
f 5819 5821 5822 2878
f 5819 2878 2877 2883
f 5822 5821 5823 5824
f 5822 5824 5825 2873
f 5822 2873 2872 2878
f 5825 5824 446 445
f 5825 445 447 473
f 5825 473 2870 2873
f 5824 5823 5826 446
f 5826 5827 5828 5829
f 5826 5829 442 446
f 5826 5823 5830 5827
f 5830 5831 5832 5827
f 5830 5823 5821 5820
f 5830 5820 5833 5831
f 5833 5834 5835 5831
f 5833 5820 5818 5817
f 5833 5817 5836 5834
f 5836 5837 5838 5834
f 5836 5817 5815 5814
f 5836 5814 5839 5837
f 5839 2470 5840 5837
f 5839 5814 5812 5811
f 5839 5811 2471 2470
f 5840 2467 5841 5842
f 5840 5842 5838 5837
f 5840 2470 2468 2467
f 5842 5841 5843 5844
f 5842 5844 5845 5838
f 5845 5844 5846 5847
f 5845 5847 5848 5835
f 5845 5835 5834 5838
f 5848 5847 5849 5850
f 5848 5850 5851 5832
f 5848 5832 5831 5835
f 5851 5850 5852 5853
f 5851 5853 5854 5828
f 5851 5828 5827 5832
f 5854 5853 5855 5856
f 5854 5856 5857 5858
f 5854 5858 5829 5828
f 5858 5857 5859 443
f 5858 443 442 5829
f 5859 5860 444 443
f 5859 5857 5861 5862
f 5859 5862 5863 5860
f 5863 468 59 5860
f 5863 5862 5864 5865
f 5863 5865 5866 468
f 5866 5867 469 468
f 5866 5865 5868 5869
f 5866 5869 5870 5867
f 5870 5871 2396 5867
f 5870 5869 5872 5873
f 5870 5873 5874 5871
f 5874 5875 2399 5871
f 5874 5873 5876 5877
f 5874 5877 5878 5875
f 5878 5879 2403 5875
f 5878 5877 5880 5881
f 5878 5881 5882 5879
f 5882 2408 2406 5879
f 5882 5881 5883 5884
f 5882 5884 2410 2408
f 5884 5883 5885 5886
f 5884 5886 2412 2410
f 5886 5885 5887 5888
f 5886 5888 2414 2412
f 5888 5887 5889 5890
f 5888 5890 2416 2414
f 5890 5889 5891 5892
f 5890 5892 2418 2416
f 5892 5891 5893 5894
f 5892 5894 2420 2418
f 5894 5893 5895 5896
f 5894 5896 2422 2420
f 5896 5895 5897 5898
f 5896 5898 2424 2422
f 5898 5897 5899 5900
f 5898 5900 2426 2424
f 5900 5899 5901 5902
f 5900 5902 2428 2426
f 5902 5901 5903 5904
f 5902 5904 2430 2428
f 5904 5903 5905 5906
f 5904 5906 2432 2430
f 5906 5905 5907 5908
f 5906 5908 2434 2432
f 5908 5907 2442 2440
f 5908 2440 2436 2434
f 5907 5905 5909 5910
f 5907 5910 2444 2442
f 5910 5909 5911 5912
f 5910 5912 5913 2444
f 5913 5912 5914 5915
f 5913 5915 5916 2447
f 5913 2447 2445 2444
f 5916 5915 2458 2456
f 5916 2456 2452 2450
f 5916 2450 2448 2447
f 5915 5914 5917 2458
f 5917 5914 5918 5919
f 5917 5919 5920 2461
f 5917 2461 2459 2458
f 5920 5919 5921 5922
f 5920 5922 5923 5924
f 5920 5924 2462 2461
f 5924 5923 5925 5926
f 5924 5926 2463 2462
f 5926 5925 5927 5928
f 5926 5928 2465 2463
f 5928 5927 5843 5841
f 5928 5841 2467 2465
f 5927 5925 5929 5930
f 5927 5930 5931 5843
f 5931 5930 5932 5933
f 5931 5933 5934 5846
f 5931 5846 5844 5843
f 5934 5933 5935 5936
f 5934 5936 5937 5849
f 5934 5849 5847 5846
f 5937 5936 5938 5939
f 5937 5939 5940 5852
f 5937 5852 5850 5849
f 5940 5939 5941 5942
f 5940 5942 5943 5855
f 5940 5855 5853 5852
f 5943 5942 5944 5945
f 5943 5945 5946 5947
f 5943 5947 5856 5855
f 5947 5861 5857 5856
f 5947 5946 5948 5861
f 5948 5864 5862 5861
f 5948 5946 5949 5950
f 5948 5950 5951 5864
f 5951 5868 5865 5864
f 5951 5950 5952 5953
f 5951 5953 5954 5868
f 5954 5872 5869 5868
f 5954 5953 5955 5956
f 5954 5956 5957 5872
f 5957 5876 5873 5872
f 5957 5956 5958 5959
f 5957 5959 5960 5876
f 5960 5880 5877 5876
f 5960 5959 5961 5962
f 5960 5962 5963 5880
f 5963 5883 5881 5880
f 5963 5962 5964 5965
f 5963 5965 5885 5883
f 5965 5964 5966 5967
f 5965 5967 5887 5885
f 5967 5966 5968 5969
f 5967 5969 5889 5887
f 5969 5968 5970 5971
f 5969 5971 5891 5889
f 5971 5970 5972 5973
f 5971 5973 5893 5891
f 5973 5972 5974 5975
f 5973 5975 5895 5893
f 5975 5974 5976 5977
f 5975 5977 5897 5895
f 5977 5976 5978 5979
f 5977 5979 5899 5897
f 5979 5978 5980 5981
f 5979 5981 5901 5899
f 5981 5980 5982 5983
f 5981 5983 5903 5901
f 5983 5982 5911 5909
f 5983 5909 5905 5903
f 5982 5980 5984 5985
f 5982 5985 5918 5911
f 5985 5984 5986 5921
f 5985 5921 5919 5918
f 5986 5984 5987 5988
f 5986 5988 5989 5990
f 5986 5990 5922 5921
f 5990 5989 5991 5992
f 5990 5992 5923 5922
f 5992 5991 5993 5929
f 5992 5929 5925 5923
f 5993 5991 5994 5995
f 5993 5995 5996 5932
f 5993 5932 5930 5929
f 5996 5995 5997 5998
f 5996 5998 5999 5935
f 5996 5935 5933 5932
f 5999 5998 6000 6001
f 5999 6001 6002 5938
f 5999 5938 5936 5935
f 6002 6001 6003 6004
f 6002 6004 6005 5941
f 6002 5941 5939 5938
f 6005 6004 349 348
f 6005 348 350 5944
f 6005 5944 5942 5941
f 6004 6003 6006 349
f 6006 6007 6008 6009
f 6006 6009 345 349
f 6006 6003 6010 6007
f 6010 6011 6012 6007
f 6010 6003 6001 6000
f 6010 6000 6013 6011
f 6013 6014 6015 6011
f 6013 6000 5998 5997
f 6013 5997 6016 6014
f 6016 6017 6018 6014
f 6016 5997 5995 5994
f 6016 5994 6019 6017
f 6019 6020 6021 6017
f 6019 5994 5991 5989
f 6019 5989 5988 6020
f 6021 6022 6023 6024
f 6021 6024 6018 6017
f 6021 6020 6025 6022
f 6025 5976 5974 6022
f 6025 6020 5988 5987
f 6025 5987 5978 5976
f 6024 6023 6026 6027
f 6024 6027 6028 6018
f 6028 6027 6029 6030
f 6028 6030 6031 6015
f 6028 6015 6014 6018
f 6031 6030 6032 6033
f 6031 6033 6034 6012
f 6031 6012 6011 6015
f 6034 6033 6035 307
f 6034 307 306 6008
f 6034 6008 6007 6012
f 6035 6036 6037 6038
f 6035 6038 303 307
f 6035 6033 6032 6036
f 6038 6037 6039 6040
f 6038 6040 304 303
f 6040 6039 5955 6041
f 6040 6041 6042 304
f 6042 6041 5952 6043
f 6042 6043 6044 6045
f 6042 6045 305 304
f 6045 6044 347 346
f 6045 346 308 305
f 6044 6043 5949 6046
f 6044 6046 350 347
f 6046 5949 5946 5945
f 6046 5945 5944 350
f 6043 5952 5950 5949
f 6041 5955 5953 5952
f 6039 5958 5956 5955
f 6039 6037 6047 5958
f 6047 5961 5959 5958
f 6047 6037 6036 6048
f 6047 6048 6049 5961
f 6049 5964 5962 5961
f 6049 6048 6050 6051
f 6049 6051 5966 5964
f 6051 6050 6029 6052
f 6051 6052 5968 5966
f 6052 6029 6027 6026
f 6052 6026 5970 5968
f 6050 6048 6036 6032
f 6050 6032 6030 6029
f 6026 6023 5972 5970
f 6023 6022 5974 5972
f 6009 6008 306 308
f 6009 308 346 345
f 5987 5984 5980 5978
f 5918 5914 5912 5911
f 5879 2406 2404 2403
f 5875 2403 2400 2399
f 5871 2399 2397 2396
f 5867 2396 2394 469
f 5860 59 447 444
f 5811 5809 2472 2471
f 2874 2868 2866 2865
f 2865 2863 69 559
f 2857 2856 561 566
f 2632 2630 572 576
f 2630 2628 573 572
f 2601 2599 2598 495
f 2561 2557 541 546
f 2560 6053 1744 6054
f 2560 6054 2556 2555
f 2560 2559 1776 6053
f 6054 1744 1741 1740
f 6054 1740 6055 2556
f 6055 1740 1738 6056
f 6055 6056 6057 2553
f 6055 2553 2552 2556
f 6057 6056 6058 6059
f 6057 6059 6060 2548
f 6057 2548 2547 2553
f 6060 6059 6061 6062
f 6060 6062 6063 2543
f 6060 2543 2542 2548
f 6063 6062 6064 6065
f 6063 6065 6066 2538
f 6063 2538 2537 2543
f 6066 6065 6067 6068
f 6066 6068 6069 2533
f 6066 2533 2532 2538
f 6069 6068 6070 6071
f 6069 6071 6072 2528
f 6069 2528 2527 2533
f 6072 6071 6073 6074
f 6072 6074 553 2523
f 6072 2523 2522 2528
f 6074 6073 517 516
f 6074 516 515 553
f 6073 6075 1709 517
f 6073 6071 6070 6075
f 6075 1714 1710 1709
f 6075 6070 6076 1714
f 6076 1719 1715 1714
f 6076 6070 6068 6067
f 6076 6067 6077 1719
f 6077 1724 1720 1719
f 6077 6067 6065 6064
f 6077 6064 6078 1724
f 6078 1729 1725 1724
f 6078 6064 6062 6061
f 6078 6061 6079 1729
f 6079 1734 1730 1729
f 6079 6061 6059 6058
f 6079 6058 1736 1734
f 6058 6056 1738 1736
f 6053 1749 1745 1744
f 6053 1776 1774 1749
f 2550 2549 539 538
f 2523 553 552 2518
f 2491 2488 2486 2485
f 2484 1676 1674 385
f 2484 385 382 2479
f 2484 2483 1678 1676
f 2402 1608 1606 512
f 2394 2392 470 469
f 2392 2391 471 470
f 2228 2221 2219 2218
f 2061 2059 266 265
f 2057 2056 262 266
f 2056 6080 263 262
f 2056 2054 222 6080
f 6080 6081 1834 263
f 6080 222 221 6081
f 6081 221 223 1837
f 6081 1837 1835 1834
f 1978 1974 1929 1927
f 1970 1932 1930 1929
f 1946 1942 1939 1938
f 1941 1700 482 481
f 1941 493 492 1700
f 1887 1885 288 287
f 1871 1853 1851 1850
f 1867 1856 1854 1853
f 1834 1832 261 263
f 1832 1831 258 261
f 1831 267 254 258
f 1790 436 435 1785
f 1748 420 419 1743
f 1713 475 474 1708
f 1709 1706 518 517
f 1674 1672 383 385
f 1672 1670 384 383
f 1606 1604 513 512
f 1462 1455 1453 1452
f 1075 1068 1066 1065
f 433 428 427 432
f 432 427 412 411
f 430 410 407 406
f 353 352 277 318
f 321 320 183 227
f 272 271 213 212
f 246 157 156 241
f 238 233 6082 220
f 238 234 24 233
f 6082 6083 230 229
f 6082 229 214 220
f 6082 233 232 6083
f 6083 146 145 230
f 6083 232 6084 146
f 6084 6085 143 146
f 6084 232 231 147
f 6084 147 144 6085
f 231 230 145 147
f 174 167 100 102
f 167 166 101 100
f 111 110 104 103
f 93 3 4290 4289
f 4293 4297 93 4289
f 6086 4282 4286 4290
f 96 4283 4282 6086
f 6086 4290 3 96
f 1876 1877 1878 279
f 5 103 104 107
f 254 267 268 255
f 11 143 6085 144
f 6087 6169 6168 6167
f 6087 6167 6171 6170
f 6087 6170 6172 6169
f 6088 6175 6174 6173
f 6088 6173 6177 6176
f 6088 6176 6178 6175
f 6089 6181 6180 6179
f 6089 6182 6174 6181
f 6090 6185 6184 6183
f 6090 6183 6187 6186
f 6090 6186 6188 6185
f 6091 6189 6192 6191
f 6091 6191 6194 6193
f 6092 6197 6196 6195
f 6092 6198 6099 6197
f 6092 6195 6200 6199
f 6092 6199 6202 6201
f 6092 6201 6203 6198
f 6093 6206 6205 6204
f 6093 6204 6208 6207
f 6093 6207 6209 6206
f 6094 6212 6211 6210
f 6094 6210 6214 6213
f 6094 6213 6216 6215
f 6095 6219 6218 6217
f 6095 6221 6220 6219
f 6095 6217 6222 6221
f 6096 6225 6224 6223
f 6096 6227 6226 6225
f 6096 6223 6228 6227
f 6097 6229 6232 6231
f 6097 6231 6233 6230
f 6098 6236 6235 6234
f 6098 6238 6237 6236
f 6098 6234 6239 6238
f 6099 6192 6189 6197
f 6099 6198 6240 6192
f 6100 6243 6242 6241
f 6100 6241 6245 6244
f 6100 6244 6247 6246
f 6100 6249 6248 6243
f 6100 6246 6250 6249
f 6101 6253 6252 6251
f 6101 6251 6255 6254
f 6101 6258 6257 6256
f 6101 6254 6259 6258
f 6101 6256 6260 6253
f 6102 6263 6262 6261
f 6102 6261 6265 6264
f 6102 6109 6266 6263
f 6102 6264 6268 6267
f 6102 6267 6269 6109
f 6103 6272 6271 6270
f 6103 6270 6274 6273
f 6103 6276 6275 6272
f 6103 6277 6104 6276
f 6103 6273 6278 6277
f 6104 6279 6203 6201
f 6104 6201 6202 6276
f 6104 6281 6280 6279
f 6104 6277 6282 6281
f 6105 6285 6284 6283
f 6105 6287 6286 6285
f 6105 6283 6288 6287
f 6106 6291 6290 6289
f 6106 6289 6293 6292
f 6106 6292 6294 6291
f 6107 6296 6222 6295
f 6107 6298 6297 6296
f 6107 6295 6299 6298
f 6108 6302 6301 6300
f 6108 6305 6304 6303
f 6108 6300 6306 6305
f 6108 6303 6308 6307
f 6108 6307 6309 6302
f 6109 6312 6311 6310
f 6109 6269 6313 6312
f 6109 6310 6314 6266
f 6110 6317 6316 6315
f 6110 6319 6318 6317
f 6110 6315 6300 6301
f 6110 6301 6117 6320
f 6111 6323 6322 6321
f 6111 6321 6304 6305
f 6111 6305 6306 6324
f 6111 6326 6325 6323
f 6111 6324 6320 6326
f 6112 6329 6328 6327
f 6112 6330 6120 6329
f 6112 6327 6332 6331
f 6112 6331 6288 6333
f 6113 6336 6335 6334
f 6113 6334 6338 6337
f 6113 6337 6339 6336
f 6114 6342 6341 6340
f 6114 6340 6344 6343
f 6114 6343 6345 6342
f 6115 6346 6345 6343
f 6115 6343 6344 6347
f 6115 6347 6349 6348
f 6115 6351 6350 6346
f 6115 6348 6352 6351
f 6116 6124 6356 6355
f 6116 6355 6358 6357
f 6116 6357 6360 6359
f 6116 6359 6362 6361
f 6116 6361 6363 6124
f 6117 6364 6326 6320
f 6117 6365 6366 6364
f 6118 6369 6368 6367
f 6118 6367 6371 6370
f 6118 6370 6372 6369
f 6119 6375 6374 6373
f 6119 6238 6239 6375
f 6119 6373 6237 6238
f 6120 6378 6377 6376
f 6120 6376 6379 6329
f 6120 6381 6380 6378
f 6120 6330 6382 6381
f 6121 6385 6384 6383
f 6121 6387 6386 6385
f 6121 6383 6388 6387
f 6122 6391 6390 6389
f 6122 6389 6393 6392
f 6122 6392 6394 6391
f 6123 6397 6396 6395
f 6123 6395 6399 6398
f 6123 6398 6368 6397
f 6124 6402 6401 6400
f 6124 6400 6403 6356
f 6124 6363 6404 6402
f 6125 6407 6406 6405
f 6125 6405 6409 6408
f 6125 6408 6411 6410
f 6125 6413 6412 6407
f 6125 6410 6414 6413
f 6126 6417 6416 6415
f 6126 6127 6418 6417
f 6126 6415 6419 6127
f 6127 6419 6420 6418
f 6128 6423 6422 6421
f 6128 6421 6425 6424
f 6128 6427 6426 6423
f 6128 6429 6428 6427
f 6128 6424 6430 6429
f 6129 6433 6432 6431
f 6129 6431 6435 6434
f 6129 6434 6436 6433
f 6130 6439 6438 6437
f 6130 6441 6440 6439
f 6130 6437 6396 6441
f 6131 6444 6443 6442
f 6131 6442 6446 6445
f 6131 6445 6448 6447
f 6131 6450 6449 6444
f 6131 6447 6451 6450
f 6132 6454 6453 6452
f 6132 6456 6455 6454
f 6132 6452 6458 6457
f 6132 6460 6459 6456
f 6132 6457 6461 6460
f 6133 6464 6463 6462
f 6133 6466 6465 6464
f 6133 6468 6467 6466
f 6133 6462 6470 6469
f 6133 6469 6471 6468
f 6134 6474 6473 6472
f 6134 6476 6475 6474
f 6134 6478 6477 6476
f 6134 6480 6479 6478
f 6134 6472 6481 6480
f 6135 6484 6483 6482
f 6135 6482 6486 6485
f 6135 6489 6488 6487
f 6135 6485 6490 6489
f 6136 6493 6492 6491
f 6136 6491 6495 6494
f 6136 6494 6137 6493
f 6137 6497 6496 6493
f 6137 6494 6498 6497
f 6138 6501 6500 6499
f 6138 6503 6502 6501
f 6138 6505 6504 6503
f 6138 6507 6506 6505
f 6138 6499 6508 6507
f 6135 6510 6509 6484
f 6135 6487 6511 6510
f 6139 6514 6513 6512
f 6139 6512 6510 6511
f 6139 6511 6515 6514
f 6140 6517 6516 6496
f 6140 6496 6497 6518
f 6140 6518 6519 6517
f 6141 6488 6489 6520
f 6141 6520 6522 6521
f 6141 6521 6524 6523
f 6141 6523 6526 6525
f 6141 6525 6527 6488
f 6142 6530 6529 6528
f 6142 6528 6532 6531
f 6142 6531 6533 6530
f 6143 6536 6535 6534
f 6143 6538 6537 6536
f 6143 6540 6539 6538
f 6143 6534 6542 6541
f 6143 6541 6543 6540
f 6144 6546 6545 6544
f 6144 6544 6548 6547
f 6144 6547 6550 6549
f 6144 6552 6551 6546
f 6144 6549 6553 6552
f 6145 6556 6555 6554
f 6145 6558 6557 6556
f 6145 6533 6559 6558
f 6146 6562 6561 6560
f 6146 6564 6563 6562
f 6146 6560 6566 6565
f 6146 6565 6568 6567
f 6146 6567 6569 6564
f 6147 6572 6571 6570
f 6147 6570 6574 6573
f 6147 6573 6576 6575
f 6147 6578 6577 6572
f 6147 6575 6579 6578
f 6148 6582 6581 6580
f 6148 6580 6584 6583
f 6148 6583 6586 6585
f 6148 6585 6588 6587
f 6148 6587 6589 6582
f 6590 6593 6592 6591
f 6149 6596 6595 6594
f 6598 6149 6594 6599
f 6149 6598 6597 6596
f 6150 6602 6601 6600
f 6150 6604 6603 6602
f 6150 6600 6605 6604
f 6151 6608 6607 6606
f 6151 6610 6609 6608
f 6151 6606 6612 6611
f 6151 6611 6614 6613
f 6151 6613 6615 6610
f 6152 6618 6617 6616
f 6152 6620 6619 6618
f 6152 6596 6621 6620
f 6152 6622 6595 6596
f 6152 6616 6623 6622
f 6153 6626 6625 6624
f 6153 6624 6628 6627
f 6153 6630 6629 6626
f 6153 6627 6632 6631
f 6153 6631 6633 6630
f 6154 6636 6635 6634
f 6154 6638 6637 6636
f 6154 6601 6639 6638
f 6155 6642 6641 6640
f 6155 6645 6644 6643
f 6155 6643 6646 6642
f 6156 6649 6648 6647
f 6156 6651 6650 6649
f 6156 6647 6652 6651
f 6157 6655 6654 6653
f 6157 6657 6656 6655
f 6157 6653 6659 6658
f 6157 6661 6660 6657
f 6157 6658 6662 6661
f 6158 6665 6664 6663
f 6158 6667 6666 6665
f 6158 6670 6669 6668
f 6158 6663 6671 6670
f 6158 6668 6672 6667
f 6159 6675 6674 6673
f 6159 6677 6676 6675
f 6159 6673 6678 6677
f 6160 6681 6680 6679
f 6160 6683 6682 6681
f 6160 6679 6684 6683
f 6161 6687 6686 6685
f 6161 6689 6688 6687
f 6161 6691 6690 6689
f 6161 6693 6692 6691
f 6162 6696 6695 6694
f 6162 6694 6698 6697
f 6162 6697 6699 6696
f 6163 6702 6701 6700
f 6163 6704 6703 6702
f 6163 6706 6705 6704
f 6164 6709 6708 6707
f 6164 6711 6710 6709
f 6164 6707 6712 6711
f 6165 6715 6714 6713
f 6165 6717 6716 6715
f 6165 6713 6718 6717
f 6166 6721 6720 6719
f 6166 6723 6722 6721
f 6166 6719 6724 6723
f 6724 6719 6726 6725
f 6724 6728 6727 6723
f 6724 6725 6729 6728
f 6729 6725 6731 6730
f 6729 6733 6732 6728
f 6729 6730 6734 6733
f 6734 6730 6736 6735
f 6734 6738 6737 6733
f 6734 6735 6739 6738
f 6739 6735 6741 6740
f 6739 6743 6742 6738
f 6739 6740 6744 6743
f 6744 6740 6746 6745
f 6744 6748 6747 6743
f 6744 6745 6749 6748
f 6749 6745 6751 6750
f 6749 6753 6752 6748
f 6749 6750 6754 6753
f 6754 6750 6756 6755
f 6754 6758 6757 6753
f 6754 6755 6759 6758
f 6759 6755 6761 6760
f 6759 6763 6762 6758
f 6759 6760 6764 6763
f 6764 6760 6766 6765
f 6764 6768 6767 6763
f 6764 6765 6769 6768
f 6769 6765 6771 6770
f 6769 6773 6772 6768
f 6769 6770 6774 6773
f 6774 6770 6776 6775
f 6774 692 691 6773
f 6774 6775 693 692
f 693 6775 6777 694
f 6777 6780 6779 6778
f 6777 6775 6776 6780
f 6777 6778 699 694
f 699 6778 6781 700
f 6781 6784 6783 6782
f 6781 6778 6779 6784
f 6781 6782 705 700
f 705 6782 6785 706
f 6785 6788 6787 6786
f 6785 6782 6783 6788
f 6785 6786 711 706
f 711 6786 6789 712
f 6789 6792 6791 6790
f 6789 6786 6787 6792
f 6789 6790 717 712
f 717 6790 6793 718
f 6793 6796 6795 6794
f 6793 6790 6791 6796
f 6793 6794 723 718
f 723 6794 6797 724
f 6797 6800 6799 6798
f 6797 6794 6795 6800
f 6797 6798 729 724
f 729 6798 6801 730
f 6801 6804 6803 6802
f 6801 6798 6799 6804
f 6801 6802 735 730
f 735 6802 6805 736
f 6805 6808 6807 6806
f 6805 6802 6803 6808
f 6805 6806 741 736
f 741 6806 6809 742
f 6809 6812 6811 6810
f 6809 6806 6807 6812
f 6809 6810 747 742
f 747 6810 6813 748
f 6813 6816 6815 6814
f 6813 6810 6811 6816
f 6813 6814 753 748
f 753 6814 6817 754
f 6817 6820 6819 6818
f 6817 6814 6815 6820
f 6817 6818 759 754
f 759 6818 6821 760
f 6821 6824 6823 6822
f 6821 6818 6819 6824
f 6821 6822 765 760
f 765 6822 6825 766
f 6825 6828 6827 6826
f 6825 6822 6823 6828
f 6825 6826 771 766
f 771 6826 6829 772
f 6829 6832 6831 6830
f 6829 6826 6827 6832
f 6829 6830 777 772
f 777 6830 6833 778
f 6833 6836 6835 6834
f 6833 6830 6831 6836
f 6833 6834 783 778
f 783 6834 6837 784
f 6837 6840 6839 6838
f 6837 6834 6835 6840
f 6837 6838 789 784
f 789 6838 6841 790
f 6841 6844 6843 6842
f 6841 6838 6839 6844
f 6841 6842 795 790
f 795 6842 6845 796
f 6845 6848 6847 6846
f 6845 6842 6843 6848
f 6845 6846 801 796
f 801 6846 6849 802
f 6849 6852 6851 6850
f 6849 6846 6847 6852
f 6849 6850 807 802
f 807 6850 6853 808
f 6853 6856 6855 6854
f 6853 6850 6851 6856
f 6853 6854 813 808
f 813 6854 6857 814
f 6857 6860 6859 6858
f 6857 6854 6855 6860
f 6857 6858 819 814
f 819 6858 6861 820
f 6861 6864 6863 6862
f 6861 6858 6859 6864
f 6861 6862 825 820
f 825 6862 6865 826
f 6865 6868 6867 6866
f 6865 6862 6863 6868
f 6865 6866 831 826
f 831 6866 6869 832
f 6869 6872 6871 6870
f 6869 6866 6867 6872
f 6869 6870 837 832
f 837 6870 6873 838
f 6873 6876 6875 6874
f 6873 6870 6871 6876
f 6873 6874 843 838
f 843 6874 6877 844
f 6877 6880 6879 6878
f 6877 6874 6875 6880
f 6877 6878 849 844
f 849 6878 6881 850
f 6881 6884 6883 6882
f 6881 6878 6879 6884
f 6881 6882 855 850
f 855 6882 6885 856
f 6885 6888 6887 6886
f 6885 6882 6883 6888
f 6885 6886 861 856
f 861 6886 6889 862
f 6889 6892 6891 6890
f 6889 6886 6887 6892
f 6889 6890 867 862
f 867 6890 6893 868
f 6893 6172 6170 6894
f 6893 6890 6891 6172
f 6893 6894 871 868
f 871 6894 6895 872
f 6895 6896 874 872
f 6895 6171 6897 6896
f 6895 6894 6170 6171
f 6897 6899 6898 6896
f 6897 6901 6900 6899
f 6897 6171 6167 6901
f 6901 6903 6902 6900
f 6901 6167 6168 6903
f 6903 6905 6904 6902
f 6903 6168 6906 6905
f 6906 6908 6907 6905
f 6906 6910 6909 6908
f 6906 6168 6169 6910
f 6910 6891 6892 6909
f 6910 6169 6172 6891
f 6909 6912 6911 6908
f 6909 6892 6887 6912
f 6912 6914 6913 6911
f 6912 6887 6888 6914
f 6914 6916 6915 6913
f 6914 6888 6883 6916
f 6916 6918 6917 6915
f 6916 6883 6884 6918
f 6918 6920 6919 6917
f 6918 6884 6879 6920
f 6920 6922 6921 6919
f 6920 6879 6880 6922
f 6922 6924 6923 6921
f 6922 6880 6875 6924
f 6924 6926 6925 6923
f 6924 6875 6876 6926
f 6926 6928 6927 6925
f 6926 6876 6871 6928
f 6928 6930 6929 6927
f 6928 6871 6872 6930
f 6930 6932 6931 6929
f 6930 6872 6867 6932
f 6932 6934 6933 6931
f 6932 6867 6868 6934
f 6934 6936 6935 6933
f 6934 6868 6863 6936
f 6936 6938 6937 6935
f 6936 6863 6864 6938
f 6938 6940 6939 6937
f 6938 6864 6859 6940
f 6940 6942 6941 6939
f 6940 6859 6860 6942
f 6942 6944 6943 6941
f 6942 6860 6855 6944
f 6944 6946 6945 6943
f 6944 6855 6856 6946
f 6946 6948 6947 6945
f 6946 6856 6851 6948
f 6948 6950 6949 6947
f 6948 6851 6852 6950
f 6950 6952 6951 6949
f 6950 6852 6847 6952
f 6952 6954 6953 6951
f 6952 6847 6848 6954
f 6954 6956 6955 6953
f 6954 6848 6843 6956
f 6956 6958 6957 6955
f 6956 6843 6844 6958
f 6958 6960 6959 6957
f 6958 6844 6839 6960
f 6960 6962 6961 6959
f 6960 6839 6840 6962
f 6962 6964 6963 6961
f 6962 6840 6835 6964
f 6964 6966 6965 6963
f 6964 6835 6836 6966
f 6966 6968 6967 6965
f 6966 6836 6831 6968
f 6968 6970 6969 6967
f 6968 6831 6832 6970
f 6970 6972 6971 6969
f 6970 6832 6827 6972
f 6972 6974 6973 6971
f 6972 6827 6828 6974
f 6974 6976 6975 6973
f 6974 6828 6823 6976
f 6976 6978 6977 6975
f 6976 6823 6824 6978
f 6978 6980 6979 6977
f 6978 6824 6819 6980
f 6980 6982 6981 6979
f 6980 6819 6820 6982
f 6982 6984 6983 6981
f 6982 6820 6815 6984
f 6984 6986 6985 6983
f 6984 6815 6816 6986
f 6986 6988 6987 6985
f 6986 6816 6811 6988
f 6988 6990 6989 6987
f 6988 6811 6812 6990
f 6990 6992 6991 6989
f 6990 6812 6807 6992
f 6992 6994 6993 6991
f 6992 6807 6808 6994
f 6994 6996 6995 6993
f 6994 6808 6803 6996
f 6996 6998 6997 6995
f 6996 6803 6804 6998
f 6998 7000 6999 6997
f 6998 6804 6799 7000
f 7000 7002 7001 6999
f 7000 6799 6800 7002
f 7002 7004 7003 7001
f 7002 6800 6795 7004
f 7004 7006 7005 7003
f 7004 6795 6796 7006
f 7006 7008 7007 7005
f 7006 6796 6791 7008
f 7008 7010 7009 7007
f 7008 6791 6792 7010
f 7010 7012 7011 7009
f 7010 6792 6787 7012
f 7012 7014 7013 7011
f 7012 6787 6788 7014
f 7014 7016 7015 7013
f 7014 6788 6783 7016
f 7016 7018 7017 7015
f 7016 6783 6784 7018
f 7018 7020 7019 7017
f 7018 6784 6779 7020
f 7020 7022 7021 7019
f 7020 6779 6780 7022
f 7022 7024 7023 7021
f 7022 6780 6776 7024
f 7024 6771 7025 7023
f 7024 6776 6770 6771
f 7025 7027 7026 7023
f 7025 6766 7028 7027
f 7025 6771 6765 6766
f 7028 7030 7029 7027
f 7028 6761 7031 7030
f 7028 6766 6760 6761
f 7031 7033 7032 7030
f 7031 6756 7034 7033
f 7031 6761 6755 6756
f 7034 7036 7035 7033
f 7034 6751 7037 7036
f 7034 6756 6750 6751
f 7037 7039 7038 7036
f 7037 6746 7040 7039
f 7037 6751 6745 6746
f 7040 7042 7041 7039
f 7040 6741 7043 7042
f 7040 6746 6740 6741
f 7043 7045 7044 7042
f 7043 6736 7046 7045
f 7043 6741 6735 6736
f 7046 7048 7047 7045
f 7046 6731 7049 7048
f 7046 6736 6730 6731
f 7049 7051 7050 7048
f 7049 6726 7052 7051
f 7049 6731 6725 6726
f 7052 7054 7053 7051
f 7052 6720 7055 7054
f 7052 6726 6719 6720
f 7055 7057 7056 7054
f 7055 7059 7058 7057
f 7055 6720 6721 7059
f 7059 7061 7060 7058
f 7059 6721 6722 7061
f 7061 7063 7062 7060
f 7061 6722 7064 7063
f 7064 7066 7065 7063
f 7064 6727 7067 7066
f 7064 6722 6723 6727
f 7067 7069 7068 7066
f 7067 6732 7070 7069
f 7067 6727 6728 6732
f 7070 7072 7071 7069
f 7070 6737 7073 7072
f 7070 6732 6733 6737
f 7073 6737 6738 6742
f 7073 7075 7074 7072
f 7073 6742 7076 7075
f 7076 6742 6743 6747
f 7076 7078 7077 7075
f 7076 6747 7079 7078
f 7079 6747 6748 6752
f 7079 7081 7080 7078
f 7079 6752 7082 7081
f 7082 6752 6753 6757
f 7082 7084 7083 7081
f 7082 6757 7085 7084
f 7085 6757 6758 6762
f 7085 7087 7086 7084
f 7085 6762 7088 7087
f 7088 6762 6763 6767
f 7088 7090 7089 7087
f 7088 6767 7091 7090
f 7091 6767 6768 6772
f 7091 1072 1071 7090
f 7091 6772 1073 1072
f 1073 6772 6773 691
f 1071 1074 7089 7090
f 1074 1076 7092 7089
f 1076 1078 7093 7092
f 1078 1080 7094 7093
f 1080 1082 7095 7094
f 1082 1084 7096 7095
f 1084 1086 7097 7096
f 1086 1088 7098 7097
f 1088 1090 7099 7098
f 1090 1092 7100 7099
f 1092 1094 7101 7100
f 1094 1096 7102 7101
f 1096 1098 7103 7102
f 1098 1100 7104 7103
f 1100 1102 7105 7104
f 1102 1104 7106 7105
f 1104 1106 7107 7106
f 1106 1108 7108 7107
f 1108 1110 7109 7108
f 1110 1112 7110 7109
f 1112 1114 7111 7110
f 1114 1116 7112 7111
f 1116 1118 7113 7112
f 1118 1120 7114 7113
f 1120 1122 7115 7114
f 1122 1124 7116 7115
f 1124 1126 7117 7116
f 1126 1128 7118 7117
f 1128 1130 7119 7118
f 1130 1132 7120 7119
f 1132 1134 7121 7120
f 1134 1136 7122 7121
f 1136 1138 7123 7122
f 1138 1140 7124 7123
f 1140 1142 7125 7124
f 1142 1144 7126 7125
f 1144 1146 7127 7126
f 1146 1148 7128 7127
f 1148 1150 7129 7128
f 1150 1152 7130 7129
f 1152 1154 7131 7130
f 1154 1156 7132 7131
f 1156 1158 7133 7132
f 1158 1160 7134 7133
f 1160 1162 7135 7134
f 1162 1164 7136 7135
f 1164 1166 7137 7136
f 1166 1168 7138 7137
f 1168 1170 7139 7138
f 1170 1172 7140 7139
f 1172 1174 7141 7140
f 1174 1176 7142 7141
f 1176 1178 7143 7142
f 1178 1180 7144 7143
f 1180 1182 7145 7144
f 1182 1184 7146 7145
f 1184 1186 7147 7146
f 1186 1188 7148 7147
f 1188 1190 7149 7148
f 1190 1192 7150 7149
f 1192 1194 7151 7150
f 1194 1196 7152 7151
f 1196 1198 7153 7152
f 1198 1200 7154 7153
f 1200 1202 7155 7154
f 1202 1204 7156 7155
f 1204 1206 7157 7156
f 1206 1208 7158 7157
f 1208 1210 7159 7158
f 1210 1212 7160 7159
f 1212 1214 7161 7160
f 1214 1216 7162 7161
f 1216 1218 7163 7162
f 1218 1220 7164 7163
f 1220 1222 7165 7164
f 1222 1224 7166 7165
f 1224 1226 7167 7166
f 1226 1228 7168 7167
f 1228 1230 7169 7168
f 1230 1232 7170 7169
f 1232 1234 7171 7170
f 1234 1236 7172 7171
f 1236 1238 7173 7172
f 1238 1240 7174 7173
f 1240 1242 7175 7174
f 1242 1244 7176 7175
f 1244 1246 7177 7176
f 1246 1248 7178 7177
f 1248 1250 7179 7178
f 1250 1252 7180 7179
f 1252 1254 7181 7180
f 1254 1256 7182 7181
f 1256 1258 7183 7182
f 1258 1260 7184 7183
f 1260 1262 7185 7184
f 1262 1264 7186 7185
f 1264 1266 7187 7186
f 1266 1268 7188 7187
f 1268 1270 7189 7188
f 1270 1272 7190 7189
f 1272 1274 7191 7190
f 1274 1276 7192 7191
f 1276 1277 6898 7192
f 1277 874 6896 6898
f 7192 7194 7193 7191
f 7192 6898 6899 7194
f 7194 7196 7195 7193
f 7194 6899 6900 7196
f 7196 7198 7197 7195
f 7196 6900 6902 7198
f 7198 7200 7199 7197
f 7198 6902 6904 7200
f 7200 7202 7201 7199
f 7200 6904 7203 7202
f 7203 7205 7204 7202
f 7203 6907 7206 7205
f 7203 6904 6905 6907
f 7206 7208 7207 7205
f 7206 6911 6913 7208
f 7206 6907 6908 6911
f 7208 7210 7209 7207
f 7208 6913 6915 7210
f 7210 7212 7211 7209
f 7210 6915 6917 7212
f 7212 7214 7213 7211
f 7212 6917 6919 7214
f 7214 7216 7215 7213
f 7214 6919 6921 7216
f 7216 7218 7217 7215
f 7216 6921 6923 7218
f 7218 7220 7219 7217
f 7218 6923 6925 7220
f 7220 7222 7221 7219
f 7220 6925 6927 7222
f 7222 7224 7223 7221
f 7222 6927 6929 7224
f 7224 7226 7225 7223
f 7224 6929 6931 7226
f 7226 7228 7227 7225
f 7226 6931 6933 7228
f 7228 7230 7229 7227
f 7228 6933 6935 7230
f 7230 7232 7231 7229
f 7230 6935 6937 7232
f 7232 7234 7233 7231
f 7232 6937 6939 7234
f 7234 7235 6574 7233
f 7234 6939 6941 7235
f 7235 7236 6573 6574
f 7235 6941 6943 7236
f 7236 7237 6576 6573
f 7236 6943 6945 7237
f 7237 7239 7238 6576
f 7237 6945 6947 7239
f 7239 7241 7240 7238
f 7239 6947 6949 7241
f 7241 7243 7242 7240
f 7241 6949 6951 7243
f 7243 7245 7244 7242
f 7243 6951 6953 7245
f 7245 7246 6614 7244
f 7245 6953 6955 7246
f 7246 7247 6613 6614
f 7246 6955 6957 7247
f 7247 7248 6615 6613
f 7247 6957 6959 7248
f 7248 7250 7249 6615
f 7248 6959 6961 7250
f 7250 7252 7251 7249
f 7250 6961 6963 7252
f 7252 7254 7253 7251
f 7252 6963 6965 7254
f 7254 7256 7255 7253
f 7254 6965 6967 7256
f 7256 7258 7257 7255
f 7256 6967 6969 7258
f 7258 7260 7259 7257
f 7258 6969 6971 7260
f 7260 7262 7261 7259
f 7260 6971 6973 7262
f 7262 7264 7263 7261
f 7262 6973 6975 7264
f 7264 7266 7265 7263
f 7264 6975 6977 7266
f 7266 7268 7267 7265
f 7266 6977 6979 7268
f 7268 7270 7269 7267
f 7268 6979 6981 7270
f 7270 7272 7271 7269
f 7270 6981 6983 7272
f 7272 7274 7273 7271
f 7272 6983 6985 7274
f 7274 7276 7275 7273
f 7274 6985 6987 7276
f 7276 7278 7277 7275
f 7276 6987 6989 7278
f 7278 7280 7279 7277
f 7278 6989 6991 7280
f 7280 7282 7281 7279
f 7280 6991 6993 7282
f 7282 7284 7283 7281
f 7282 6993 6995 7284
f 7284 7286 7285 7283
f 7284 6995 6997 7286
f 7286 7288 7287 7285
f 7286 6997 6999 7288
f 7288 7290 7289 7287
f 7288 6999 7001 7290
f 7290 7292 7291 7289
f 7290 7001 7003 7292
f 7292 7294 7293 7291
f 7292 7003 7005 7294
f 7294 7296 7295 7293
f 7294 7005 7007 7296
f 7296 7298 7297 7295
f 7296 7007 7009 7298
f 7298 7300 7299 7297
f 7298 7009 7011 7300
f 7300 7302 7301 7299
f 7300 7011 7013 7302
f 7302 7304 7303 7301
f 7302 7013 7015 7304
f 7304 7306 7305 7303
f 7304 7015 7017 7306
f 7306 7308 7307 7305
f 7306 7017 7019 7308
f 7308 7310 7309 7307
f 7308 7019 7021 7310
f 7310 7026 7311 7309
f 7310 7021 7023 7026
f 7311 7313 7312 7309
f 7311 7029 7314 7313
f 7311 7026 7027 7029
f 7314 7316 7315 7313
f 7314 7032 7317 7316
f 7314 7029 7030 7032
f 7317 7319 7318 7316
f 7317 7035 7320 7319
f 7317 7032 7033 7035
f 7320 7322 7321 7319
f 7320 7038 7323 7322
f 7320 7035 7036 7038
f 7323 7325 7324 7322
f 7323 7041 7326 7325
f 7323 7038 7039 7041
f 7326 7328 7327 7325
f 7326 7044 7329 7328
f 7326 7041 7042 7044
f 7329 7331 7330 7328
f 7329 7047 7332 7331
f 7329 7044 7045 7047
f 7332 7334 7333 7331
f 7332 7050 7335 7334
f 7332 7047 7048 7050
f 7335 7337 7336 7334
f 7335 7053 7338 7337
f 7335 7050 7051 7053
f 7338 7340 7339 7337
f 7338 7056 7341 7340
f 7338 7053 7054 7056
f 7341 7343 7342 7340
f 7341 7345 7344 7343
f 7341 7056 7057 7345
f 7345 7347 7346 7344
f 7345 7057 7058 7347
f 7347 7349 7348 7346
f 7347 7058 7060 7349
f 7349 7351 7350 7348
f 7349 7060 7062 7351
f 7351 7353 7352 7350
f 7351 7062 7354 7353
f 7354 7356 7355 7353
f 7354 7065 7357 7356
f 7354 7062 7063 7065
f 7357 7359 7358 7356
f 7357 7068 7360 7359
f 7357 7065 7066 7068
f 7360 7362 7361 7359
f 7360 7071 7363 7362
f 7360 7068 7069 7071
f 7363 7365 7364 7362
f 7363 7074 7366 7365
f 7363 7071 7072 7074
f 7366 7368 7367 7365
f 7366 7077 7369 7368
f 7366 7074 7075 7077
f 7369 7077 7078 7080
f 7369 7371 7370 7368
f 7369 7080 7372 7371
f 7372 7080 7081 7083
f 7372 7374 7373 7371
f 7372 7083 7375 7374
f 7375 7083 7084 7086
f 7375 7093 7094 7374
f 7375 7086 7092 7093
f 7374 7094 7095 7373
f 7373 7376 7370 7371
f 7373 7095 7096 7376
f 7376 7378 7377 7370
f 7376 7096 7097 7378
f 7378 7380 7379 7377
f 7378 7097 7098 7380
f 7380 7382 7381 7379
f 7380 7098 7099 7382
f 7382 7384 7383 7381
f 7382 7099 7100 7384
f 7384 7386 7385 7383
f 7384 7100 7101 7386
f 7386 7388 7387 7385
f 7386 7101 7102 7388
f 7388 7390 7389 7387
f 7388 7102 7103 7390
f 7390 7392 7391 7389
f 7390 7103 7104 7392
f 7392 7394 7393 7391
f 7392 7104 7105 7394
f 7394 7396 7395 7393
f 7394 7105 7106 7396
f 7396 7398 7397 7395
f 7396 7106 7107 7398
f 7398 7400 7399 7397
f 7398 7107 7108 7400
f 7400 7402 7401 7399
f 7400 7108 7109 7402
f 7402 7404 7403 7401
f 7402 7109 7110 7404
f 7404 7406 7405 7403
f 7404 7110 7111 7406
f 7406 7408 7407 7405
f 7406 7111 7112 7408
f 7408 7410 7409 7407
f 7408 7112 7113 7410
f 7410 7412 7411 7409
f 7410 7113 7114 7412
f 7412 7414 7413 7411
f 7412 7114 7115 7414
f 7414 7416 7415 7413
f 7414 7115 7116 7416
f 7416 7418 7417 7415
f 7416 7116 7117 7418
f 7418 7420 7419 7417
f 7418 7117 7118 7420
f 7420 7422 7421 7419
f 7420 7118 7119 7422
f 7422 7424 7423 7421
f 7422 7119 7120 7424
f 7424 7426 7425 7423
f 7424 7120 7121 7426
f 7426 7428 7427 7425
f 7426 7121 7122 7428
f 7428 7430 7429 7427
f 7428 7122 7123 7430
f 7430 7432 7431 7429
f 7430 7123 7124 7432
f 7432 7434 7433 7431
f 7432 7124 7125 7434
f 7434 7436 7435 7433
f 7434 7125 7126 7436
f 7436 7438 7437 7435
f 7436 7126 7127 7438
f 7438 7440 7439 7437
f 7438 7127 7128 7440
f 7440 7442 7441 7439
f 7440 7128 7129 7442
f 7442 7444 7443 7441
f 7442 7129 7130 7444
f 7444 7446 7445 7443
f 7444 7130 7131 7446
f 7446 7448 7447 7445
f 7446 7131 7132 7448
f 7448 7450 7449 7447
f 7448 7132 7133 7450
f 7450 7452 7451 7449
f 7450 7133 7134 7452
f 7452 7454 7453 7451
f 7452 7134 7135 7454
f 7454 7456 7455 7453
f 7454 7135 7136 7456
f 7456 7458 7457 7455
f 7456 7136 7137 7458
f 7458 7460 7459 7457
f 7458 7137 7138 7460
f 7460 7462 7461 7459
f 7460 7138 7139 7462
f 7462 7464 7463 7461
f 7462 7139 7140 7464
f 7464 7466 7465 7463
f 7464 7140 7141 7466
f 7466 7468 7467 7465
f 7466 7141 7142 7468
f 7468 7470 7469 7467
f 7468 7142 7143 7470
f 7470 7472 7471 7469
f 7470 7143 7144 7472
f 7472 7474 7473 7471
f 7472 7144 7145 7474
f 7474 7476 7475 7473
f 7474 7145 7146 7476
f 7476 7478 7477 7475
f 7476 7146 7147 7478
f 7478 7480 7479 7477
f 7478 7147 7148 7480
f 7480 7482 7481 7479
f 7480 7148 7149 7482
f 7482 7484 7483 7481
f 7482 7149 7150 7484
f 7484 7486 7485 7483
f 7484 7150 7151 7486
f 7486 7488 7487 7485
f 7486 7151 7152 7488
f 7488 7490 7489 7487
f 7488 7152 7153 7490
f 7490 7492 7491 7489
f 7490 7153 7154 7492
f 7492 7494 7493 7491
f 7492 7154 7155 7494
f 7494 7496 7495 7493
f 7494 7155 7156 7496
f 7496 7498 7497 7495
f 7496 7156 7157 7498
f 7498 7500 7499 7497
f 7498 7157 7158 7500
f 7500 7502 7501 7499
f 7500 7158 7159 7502
f 7502 7504 7503 7501
f 7502 7159 7160 7504
f 7504 7506 7505 7503
f 7504 7160 7161 7506
f 7506 7508 7507 7505
f 7506 7161 7162 7508
f 7508 7510 7509 7507
f 7508 7162 7163 7510
f 7510 7512 7511 7509
f 7510 7163 7164 7512
f 7512 7514 7513 7511
f 7512 7164 7165 7514
f 7514 7516 7515 7513
f 7514 7165 7166 7516
f 7516 7518 7517 7515
f 7516 7166 7167 7518
f 7518 7520 7519 7517
f 7518 7167 7168 7520
f 7520 7522 7521 7519
f 7520 7168 7169 7522
f 7522 7524 7523 7521
f 7522 7169 7170 7524
f 7524 7526 7525 7523
f 7524 7170 7171 7526
f 7526 7528 7527 7525
f 7526 7171 7172 7528
f 7528 7530 7529 7527
f 7528 7172 7173 7530
f 7530 7532 7531 7529
f 7530 7173 7174 7532
f 7532 7534 7533 7531
f 7532 7174 7175 7534
f 7534 7536 7535 7533
f 7534 7175 7176 7536
f 7536 7538 7537 7535
f 7536 7176 7177 7538
f 7538 7540 7539 7537
f 7538 7177 7178 7540
f 7540 7542 7541 7539
f 7540 7178 7179 7542
f 7542 7544 7543 7541
f 7542 7179 7180 7544
f 7544 7546 7545 7543
f 7544 7180 7181 7546
f 7546 7548 7547 7545
f 7546 7181 7182 7548
f 7548 7550 7549 7547
f 7548 7182 7183 7550
f 7550 7552 7551 7549
f 7550 7183 7184 7552
f 7552 7554 7553 7551
f 7552 7184 7185 7554
f 7554 7556 7555 7553
f 7554 7185 7186 7556
f 7556 7558 7557 7555
f 7556 7186 7187 7558
f 7558 7560 7559 7557
f 7558 7187 7188 7560
f 7560 7562 7561 7559
f 7560 7188 7189 7562
f 7562 7564 7563 7561
f 7562 7189 7190 7564
f 7564 7193 7195 7563
f 7564 7190 7191 7193
f 7563 7566 7565 7561
f 7563 7195 7197 7566
f 7566 7568 7567 7565
f 7566 7197 7199 7568
f 7568 7570 7569 7567
f 7568 7199 7201 7570
f 7570 7572 7571 7569
f 7570 7201 7573 7572
f 7573 7575 7574 7572
f 7573 7204 7576 7575
f 7573 7201 7202 7204
f 7576 7578 7577 7575
f 7576 7207 7209 7578
f 7576 7204 7205 7207
f 7578 7580 7579 7577
f 7578 7209 7211 7580
f 7580 7582 7581 7579
f 7580 7211 7213 7582
f 7582 7584 7583 7581
f 7582 7213 7215 7584
f 7584 7586 7585 7583
f 7584 7215 7217 7586
f 7586 7588 7587 7585
f 7586 7217 7219 7588
f 7588 7590 7589 7587
f 7588 7219 7221 7590
f 7590 7592 7591 7589
f 7590 7221 7223 7592
f 7592 7594 7593 7591
f 7592 7223 7225 7594
f 7594 7596 7595 7593
f 7594 7225 7227 7596
f 7596 7598 7597 7595
f 7596 7227 7229 7598
f 7598 7600 7599 7597
f 7598 7229 7231 7600
f 7600 7602 7601 7599
f 7600 7231 7233 7602
f 7602 6570 6571 7601
f 7602 7233 6574 6570
f 7601 7604 7603 7599
f 7601 6571 7605 7604
f 7605 7607 7606 7604
f 7605 7609 7608 7607
f 7605 6571 6572 7609
f 7609 7611 7610 7608
f 7609 6572 6577 7611
f 7611 7613 7612 7610
f 7611 6577 7614 7613
f 7614 6577 6578 7615
f 7614 7617 7616 7613
f 7614 7615 6568 7617
f 7617 7619 7618 7616
f 7617 6568 6565 7619
f 7619 7620 6605 7618
f 7619 6565 6566 7620
f 7620 7621 6604 6605
f 7620 6566 7622 7621
f 7622 6566 6560 7623
f 7622 7625 7624 7621
f 7622 7623 7626 7625
f 7626 7623 7628 7627
f 7626 7630 7629 7625
f 7626 7627 7631 7630
f 7631 7627 7633 7632
f 7631 7635 7634 7630
f 7631 7632 7636 7635
f 7636 7632 7638 7637
f 7636 7640 7639 7635
f 7636 7637 7641 7640
f 7641 7637 7643 7642
f 7641 7645 7644 7640
f 7641 7642 7646 7645
f 7646 7642 7648 7647
f 7646 7650 7649 7645
f 7646 7647 6502 7650
f 7650 7652 7651 7649
f 7650 6502 6503 7652
f 7652 7654 7653 7651
f 7652 6503 6504 7654
f 7654 7656 7655 7653
f 7654 6504 7657 7656
f 7657 6504 6505 7658
f 7657 7660 7659 7656
f 7657 7658 7661 7660
f 7661 7658 7663 7662
f 7661 7665 7664 7660
f 7661 7662 7666 7665
f 7666 7662 7668 7667
f 7666 7670 7669 7665
f 7666 7667 7671 7670
f 7671 7667 7673 7672
f 7671 6527 6525 7670
f 7671 7672 7674 6527
f 7674 7672 7675 6515
f 7674 6487 6488 6527
f 7674 6515 6511 6487
f 7675 7676 6517 6519
f 7675 7672 7673 7676
f 7675 6519 6514 6515
f 7676 7677 6516 6517
f 7676 7673 7678 7677
f 7678 7680 7679 7677
f 7678 7668 7681 7680
f 7678 7673 7667 7668
f 7681 7683 7682 7680
f 7681 7663 6506 7683
f 7681 7668 7662 7663
f 7683 7685 7684 7682
f 7683 6506 6507 7685
f 7685 6483 6484 7684
f 7685 6507 6508 6483
f 7684 6484 6509 7686
f 7684 7686 7687 7682
f 7687 7686 6495 6491
f 7687 7679 7680 7682
f 7687 6491 6492 7679
f 7686 6509 7688 6495
f 7688 6512 6513 6498
f 7688 6509 6510 6512
f 7688 6498 6494 6495
f 7679 6492 6516 7677
f 7670 6525 6526 7669
f 7669 7689 7664 7665
f 7669 6526 7690 7689
f 7690 7692 7691 7689
f 7690 7694 7693 7692
f 7690 6526 6523 7694
f 7694 7696 7695 7693
f 7694 6523 6524 7696
f 7696 7698 7697 7695
f 7696 6524 7699 7698
f 7699 6524 6521 7700
f 7699 7702 7701 7698
f 7699 7700 7703 7702
f 7703 7700 7705 7704
f 7703 7707 7706 7702
f 7703 7704 7708 7707
f 7708 7704 7710 7709
f 7708 7712 7711 7707
f 7708 7709 7713 7712
f 7713 7709 7715 7714
f 7713 7717 7716 7712
f 7713 7714 7718 7717
f 7718 7714 7720 7719
f 7718 7722 7721 7717
f 7718 7719 7723 7722
f 7723 7719 7725 7724
f 7723 7727 7726 7722
f 7723 7724 7728 7727
f 7728 7724 7730 7729
f 7728 7732 7731 7727
f 7728 7729 7733 7732
f 7733 7729 7735 7734
f 7733 7737 7736 7732
f 7733 7734 7738 7737
f 7738 7734 7740 7739
f 7738 6346 6350 7737
f 7738 7739 6345 6346
f 7740 7743 7742 7741
f 7740 7734 7735 7743
f 7740 7741 7744 7739
f 7744 7741 7745 6354
f 7744 6342 6345 7739
f 7744 6354 6341 6342
f 7745 7748 7747 7746
f 7745 7741 7742 7748
f 7745 7746 6353 6354
f 7748 7750 7749 7747
f 7748 7742 7751 7750
f 7751 7753 7752 7750
f 7751 7755 7754 7753
f 7751 7742 7743 7755
f 7755 7757 7756 7754
f 7755 7743 7735 7757
f 7757 7730 7758 7756
f 7757 7735 7729 7730
f 7758 7760 7759 7756
f 7758 7725 7761 7760
f 7758 7730 7724 7725
f 7761 7763 7762 7760
f 7761 7720 7764 7763
f 7761 7725 7719 7720
f 7764 7766 7765 7763
f 7764 7715 7767 7766
f 7764 7720 7714 7715
f 7767 7769 7768 7766
f 7767 7710 7770 7769
f 7767 7715 7709 7710
f 7770 7772 7771 7769
f 7770 7705 6522 7772
f 7770 7710 7704 7705
f 7772 7774 7773 7771
f 7772 6522 6520 7774
f 7774 6490 7775 7773
f 7774 6520 6489 6490
f 7775 7778 7777 7776
f 7775 6490 6485 7778
f 7775 7776 7779 7773
f 7779 7776 7781 7780
f 7779 7782 7771 7773
f 7779 7780 7783 7782
f 7783 7780 7785 7784
f 7783 7786 7768 7782
f 7783 7784 7787 7786
f 7787 7784 7789 7788
f 7787 7790 7765 7786
f 7787 7788 7791 7790
f 7791 7788 6366 6365
f 7791 7792 7762 7790
f 7793 6365 6117 7794
f 7793 7795 7759 7792
f 7793 7794 7796 7795
f 7796 7794 6302 6309
f 7796 7753 7754 7795
f 7796 6309 7752 7753
f 7795 7754 7756 7759
f 7794 6117 6301 6302
f 7792 7759 7760 7762
f 7790 7762 7763 7765
f 7789 7799 7798 7797
f 7789 7784 7785 7799
f 7789 7797 6366 7788
f 7799 7800 6374 7798
f 7799 7785 7801 7800
f 7801 7803 7802 7800
f 7801 7781 7804 7803
f 7801 7785 7780 7781
f 7804 7806 7805 7803
f 7804 7777 7807 7806
f 7804 7781 7776 7777
f 7807 7809 7808 7806
f 7807 7811 7810 7809
f 7807 7777 7778 7811
f 7811 6486 7812 7810
f 7811 7778 6485 6486
f 7812 7814 7813 7810
f 7812 7816 7815 7814
f 7812 6486 6482 7816
f 7816 6508 6499 7815
f 7816 6482 6483 6508
f 7815 7818 7817 7814
f 7815 6499 6500 7818
f 7818 7820 7819 7817
f 7818 6500 7821 7820
f 7821 7823 7822 7820
f 7821 7825 7824 7823
f 7821 6500 6501 7825
f 7825 7647 7648 7824
f 7825 6501 6502 7647
f 7824 7827 7826 7823
f 7824 7648 7828 7827
f 7828 7830 7829 7827
f 7828 7643 7831 7830
f 7828 7648 7642 7643
f 7831 7833 7832 7830
f 7831 7638 7834 7833
f 7831 7643 7637 7638
f 7834 7836 7835 7833
f 7834 7633 7837 7836
f 7834 7638 7632 7633
f 7837 7839 7838 7836
f 7837 7628 6561 7839
f 7837 7633 7627 7628
f 7839 7841 7840 7838
f 7839 6561 6562 7841
f 7841 7843 7842 7840
f 7841 6562 6563 7843
f 7843 7845 7844 7842
f 7843 6563 7846 7845
f 7846 7848 7847 7845
f 7846 7850 7849 7848
f 7846 6563 6564 7850
f 7850 7852 7851 7849
f 7850 6564 6569 7852
f 7852 7854 7853 7851
f 7852 6569 7855 7854
f 7855 6569 6567 7856
f 7855 7858 7857 7854
f 7855 7856 6579 7858
f 7858 7860 7859 7857
f 7858 6579 6575 7860
f 7860 7238 7240 7859
f 7860 6575 6576 7238
f 7859 7862 7861 7857
f 7859 7240 7242 7862
f 7862 7864 7863 7861
f 7862 7242 7244 7864
f 7864 6611 6612 7863
f 7864 7244 6614 6611
f 7863 7865 7853 7861
f 7863 6612 7866 7865
f 7866 7869 7868 7867
f 7866 6612 6606 7869
f 7866 7867 7870 7865
f 7870 7867 7872 7871
f 7870 7851 7853 7865
f 7870 7871 7849 7851
f 7872 7875 7874 7873
f 7872 7867 7868 7875
f 7872 7873 7876 7871
f 7876 7873 7878 7877
f 7876 7848 7849 7871
f 7876 7877 7847 7848
f 7878 7881 7880 7879
f 7878 7873 7874 7881
f 7878 7879 7882 7877
f 7882 7879 7884 7883
f 7882 7885 7847 7877
f 7882 7883 7886 7885
f 7886 7883 7888 7887
f 7886 7889 7844 7885
f 7886 7887 7890 7889
f 7890 7887 7892 7891
f 7890 7894 7893 7889
f 7890 7891 7895 7894
f 7895 7891 7897 7896
f 7895 7899 7898 7894
f 7895 7896 7900 7899
f 7900 7896 7902 7901
f 7900 7904 7903 7899
f 7900 7901 7905 7904
f 7905 7901 7907 7906
f 7905 7909 7908 7904
f 7905 7906 7910 7909
f 7910 7906 7912 7911
f 7910 7914 7913 7909
f 7910 7911 7915 7914
f 7915 7911 7917 7916
f 7915 7919 7918 7914
f 7915 7916 7920 7919
f 7920 7916 7922 7921
f 7920 7924 7923 7919
f 7920 7921 7925 7924
f 7925 7921 7927 7926
f 7925 7929 7928 7924
f 7925 7926 7930 7929
f 7930 7926 7932 7931
f 7930 7934 7933 7929
f 7930 7931 7935 7934
f 7935 7931 6321 6322
f 7935 7937 7936 7934
f 7935 6322 7938 7937
f 7938 6322 6323 7939
f 7938 6235 7940 7937
f 7938 7939 6234 6235
f 7940 7941 7936 7937
f 7940 7943 7942 7941
f 7940 6235 6236 7943
f 7943 7944 7805 7942
f 7943 6236 6237 7944
f 7944 7802 7803 7805
f 7944 6237 6373 7802
f 7942 7808 7945 7941
f 7942 7805 7806 7808
f 7945 7946 7936 7941
f 7945 7948 7947 7946
f 7945 7808 7809 7948
f 7948 7813 7949 7947
f 7948 7809 7810 7813
f 7949 7951 7950 7947
f 7949 7817 7819 7951
f 7949 7813 7814 7817
f 7951 7952 7928 7950
f 7951 7819 7953 7952
f 7953 7954 7923 7952
f 7953 7822 7955 7954
f 7953 7819 7820 7822
f 7955 7956 7918 7954
f 7955 7826 7957 7956
f 7955 7822 7823 7826
f 7957 7958 7913 7956
f 7957 7829 7959 7958
f 7957 7826 7827 7829
f 7959 7960 7908 7958
f 7959 7832 7961 7960
f 7959 7829 7830 7832
f 7961 7962 7903 7960
f 7961 7835 7963 7962
f 7961 7832 7833 7835
f 7963 7964 7898 7962
f 7963 7838 7840 7964
f 7963 7835 7836 7838
f 7964 7893 7894 7898
f 7964 7840 7842 7893
f 7962 7898 7899 7903
f 7960 7903 7904 7908
f 7958 7908 7909 7913
f 7956 7913 7914 7918
f 7954 7918 7919 7923
f 7952 7923 7924 7928
f 7950 7928 7929 7933
f 7950 7933 7946 7947
f 7946 7933 7934 7936
f 7939 7965 6239 6234
f 7939 6323 6325 7965
f 7965 7966 6375 6239
f 7965 6325 7967 7966
f 7967 7797 7798 7966
f 7967 6364 6366 7797
f 7967 6325 6326 6364
f 7966 7798 6374 6375
f 7932 7968 6303 6304
f 7932 7926 7927 7968
f 7932 6304 6321 7931
f 7968 7969 6308 6303
f 7968 7927 7970 7969
f 7970 7972 7971 7969
f 7970 7922 7973 7972
f 7970 7927 7921 7922
f 7973 7974 6352 7972
f 7973 7917 7975 7974
f 7973 7922 7916 7917
f 7975 7977 7976 7974
f 7975 7912 7978 7977
f 7975 7917 7911 7912
f 7978 7980 7979 7977
f 7978 7907 7981 7980
f 7978 7912 7906 7907
f 7981 7983 7982 7980
f 7981 7902 7984 7983
f 7981 7907 7901 7902
f 7984 7986 7985 7983
f 7984 7897 7987 7986
f 7984 7902 7896 7897
f 7987 7989 7988 7986
f 7987 7892 7990 7989
f 7987 7897 7891 7892
f 7990 7992 7991 7989
f 7990 7888 7993 7992
f 7990 7892 7887 7888
f 7993 7995 7994 7992
f 7993 7884 7996 7995
f 7993 7888 7883 7884
f 7996 7998 7997 7995
f 7996 7880 7999 7998
f 7996 7884 7879 7880
f 7999 8001 8000 7998
f 7999 8003 8002 8001
f 7999 7880 7881 8003
f 8003 8005 8004 8002
f 8003 7881 7874 8005
f 8005 8007 8006 8004
f 8005 7874 7875 8007
f 8007 8009 8008 8006
f 8007 7875 7868 8009
f 8009 8011 8010 8008
f 8009 7868 7869 8011
f 8011 6607 8012 8010
f 8011 7869 6606 6607
f 8012 8014 8013 8010
f 8012 8016 8015 8014
f 8012 6607 6608 8016
f 8016 8018 8017 8015
f 8016 6608 6609 8018
f 8018 8020 8019 8017
f 8018 6609 8021 8020
f 8021 8023 8022 8020
f 8021 8025 8024 8023
f 8021 6609 6610 8025
f 8025 7249 7251 8024
f 8025 6610 6615 7249
f 8024 8027 8026 8023
f 8024 7251 7253 8027
f 8027 8029 8028 8026
f 8027 7253 7255 8029
f 8029 8031 8030 8028
f 8029 7255 7257 8031
f 8031 8033 8032 8030
f 8031 7257 7259 8033
f 8033 8035 8034 8032
f 8033 7259 7261 8035
f 8035 8037 8036 8034
f 8035 7261 7263 8037
f 8037 8039 8038 8036
f 8037 7263 7265 8039
f 8039 8041 8040 8038
f 8039 7265 7267 8041
f 8041 8043 8042 8040
f 8041 7267 7269 8043
f 8043 8045 8044 8042
f 8043 7269 7271 8045
f 8045 8047 8046 8044
f 8045 7271 7273 8047
f 8047 8049 8048 8046
f 8047 7273 7275 8049
f 8049 8051 8050 8048
f 8049 7275 7277 8051
f 8051 8053 8052 8050
f 8051 7277 7279 8053
f 8053 8055 8054 8052
f 8053 7279 7281 8055
f 8055 8057 8056 8054
f 8055 7281 7283 8057
f 8057 8059 8058 8056
f 8057 7283 7285 8059
f 8059 8061 8060 8058
f 8059 7285 7287 8061
f 8061 8063 8062 8060
f 8061 7287 7289 8063
f 8063 8065 8064 8062
f 8063 7289 7291 8065
f 8065 8067 8066 8064
f 8065 7291 7293 8067
f 8067 8069 8068 8066
f 8067 7293 7295 8069
f 8069 8071 8070 8068
f 8069 7295 7297 8071
f 8071 8073 8072 8070
f 8071 7297 7299 8073
f 8073 8075 8074 8072
f 8073 7299 7301 8075
f 8075 8077 8076 8074
f 8075 7301 7303 8077
f 8077 8079 8078 8076
f 8077 7303 7305 8079
f 8079 8081 8080 8078
f 8079 7305 7307 8081
f 8081 7312 8082 8080
f 8081 7307 7309 7312
f 8082 8084 8083 8080
f 8082 7315 8085 8084
f 8082 7312 7313 7315
f 8085 8087 8086 8084
f 8085 7318 8088 8087
f 8085 7315 7316 7318
f 8088 8090 8089 8087
f 8088 7321 8091 8090
f 8088 7318 7319 7321
f 8091 8093 8092 8090
f 8091 7324 8094 8093
f 8091 7321 7322 7324
f 8094 8096 8095 8093
f 8094 7327 8097 8096
f 8094 7324 7325 7327
f 8097 8099 8098 8096
f 8097 7330 8100 8099
f 8097 7327 7328 7330
f 8100 8102 8101 8099
f 8100 7333 8103 8102
f 8100 7330 7331 7333
f 8103 8105 8104 8102
f 8103 7336 8106 8105
f 8103 7333 7334 7336
f 8106 8108 8107 8105
f 8106 7339 8109 8108
f 8106 7336 7337 7339
f 8109 8111 8110 8108
f 8109 7342 8112 8111
f 8109 7339 7340 7342
f 8112 8114 8113 8111
f 8112 8116 8115 8114
f 8112 7342 7343 8116
f 8116 8118 8117 8115
f 8116 7343 7344 8118
f 8118 8120 8119 8117
f 8118 7344 7346 8120
f 8120 8122 8121 8119
f 8120 7346 7348 8122
f 8122 8124 8123 8121
f 8122 7348 7350 8124
f 8124 8126 8125 8123
f 8124 7350 7352 8126
f 8126 8128 8127 8125
f 8126 7352 8129 8128
f 8129 8131 8130 8128
f 8129 7355 8132 8131
f 8129 7352 7353 7355
f 8132 8134 8133 8131
f 8132 7358 8135 8134
f 8132 7355 7356 7358
f 8135 8137 8136 8134
f 8135 7361 8138 8137
f 8135 7358 7359 7361
f 8138 8140 8139 8137
f 8138 7364 8141 8140
f 8138 7361 7362 7364
f 8141 7379 7381 8140
f 8141 7367 7377 7379
f 8141 7364 7365 7367
f 8140 7381 7383 8139
f 8139 8142 8136 8137
f 8139 7383 7385 8142
f 8142 8144 8143 8136
f 8142 7385 7387 8144
f 8144 8146 8145 8143
f 8144 7387 7389 8146
f 8146 8148 8147 8145
f 8146 7389 7391 8148
f 8148 8150 8149 8147
f 8148 7391 7393 8150
f 8150 8152 8151 8149
f 8150 7393 7395 8152
f 8152 8154 8153 8151
f 8152 7395 7397 8154
f 8154 8156 8155 8153
f 8154 7397 7399 8156
f 8156 8158 8157 8155
f 8156 7399 7401 8158
f 8158 8160 8159 8157
f 8158 7401 7403 8160
f 8160 8162 8161 8159
f 8160 7403 7405 8162
f 8162 8164 8163 8161
f 8162 7405 7407 8164
f 8164 8166 8165 8163
f 8164 7407 7409 8166
f 8166 8168 8167 8165
f 8166 7409 7411 8168
f 8168 8170 8169 8167
f 8168 7411 7413 8170
f 8170 8172 8171 8169
f 8170 7413 7415 8172
f 8172 8174 8173 8171
f 8172 7415 7417 8174
f 8174 8176 8175 8173
f 8174 7417 7419 8176
f 8176 8178 8177 8175
f 8176 7419 7421 8178
f 8178 8180 8179 8177
f 8178 7421 7423 8180
f 8180 8182 8181 8179
f 8180 7423 7425 8182
f 8182 8184 8183 8181
f 8182 7425 7427 8184
f 8184 8186 8185 8183
f 8184 7427 7429 8186
f 8186 8188 8187 8185
f 8186 7429 7431 8188
f 8188 8190 8189 8187
f 8188 7431 7433 8190
f 8190 8192 8191 8189
f 8190 7433 7435 8192
f 8192 8194 8193 8191
f 8192 7435 7437 8194
f 8194 8196 8195 8193
f 8194 7437 7439 8196
f 8196 8198 8197 8195
f 8196 7439 7441 8198
f 8198 8200 8199 8197
f 8198 7441 7443 8200
f 8200 8202 8201 8199
f 8200 7443 7445 8202
f 8202 8204 8203 8201
f 8202 7445 7447 8204
f 8204 8206 8205 8203
f 8204 7447 7449 8206
f 8206 8208 8207 8205
f 8206 7449 7451 8208
f 8208 8210 8209 8207
f 8208 7451 7453 8210
f 8210 8212 8211 8209
f 8210 7453 7455 8212
f 8212 8214 8213 8211
f 8212 7455 7457 8214
f 8214 8216 8215 8213
f 8214 7457 7459 8216
f 8216 8218 8217 8215
f 8216 7459 7461 8218
f 8218 8220 8219 8217
f 8218 7461 7463 8220
f 8220 8222 8221 8219
f 8220 7463 7465 8222
f 8222 8224 8223 8221
f 8222 7465 7467 8224
f 8224 8226 8225 8223
f 8224 7467 7469 8226
f 8226 8228 8227 8225
f 8226 7469 7471 8228
f 8228 8230 8229 8227
f 8228 7471 7473 8230
f 8230 8232 8231 8229
f 8230 7473 7475 8232
f 8232 8234 8233 8231
f 8232 7475 7477 8234
f 8234 8236 8235 8233
f 8234 7477 7479 8236
f 8236 8238 8237 8235
f 8236 7479 7481 8238
f 8238 8240 8239 8237
f 8238 7481 7483 8240
f 8240 8242 8241 8239
f 8240 7483 7485 8242
f 8242 8244 8243 8241
f 8242 7485 7487 8244
f 8244 8246 8245 8243
f 8244 7487 7489 8246
f 8246 8248 8247 8245
f 8246 7489 7491 8248
f 8248 8250 8249 8247
f 8248 7491 7493 8250
f 8250 8252 8251 8249
f 8250 7493 7495 8252
f 8252 8254 8253 8251
f 8252 7495 7497 8254
f 8254 8256 8255 8253
f 8254 7497 7499 8256
f 8256 8258 8257 8255
f 8256 7499 7501 8258
f 8258 8260 8259 8257
f 8258 7501 7503 8260
f 8260 8262 8261 8259
f 8260 7503 7505 8262
f 8262 8264 8263 8261
f 8262 7505 7507 8264
f 8264 8266 8265 8263
f 8264 7507 7509 8266
f 8266 8268 8267 8265
f 8266 7509 7511 8268
f 8268 8270 8269 8267
f 8268 7511 7513 8270
f 8270 8272 8271 8269
f 8270 7513 7515 8272
f 8272 8274 8273 8271
f 8272 7515 7517 8274
f 8274 6599 6594 8273
f 8274 7517 7519 6599
f 8273 8276 8275 8271
f 8273 6594 6595 8276
f 8276 8278 8277 8275
f 8276 6595 6622 8278
f 8278 8280 8279 8277
f 8278 6622 6623 8280
f 8280 8282 8281 8279
f 8280 6623 8283 8282
f 8283 8285 8284 8282
f 8283 8287 8286 8285
f 8283 6623 6616 8287
f 8287 8289 8288 8286
f 8287 6616 6617 8289
f 8289 8291 8290 8288
f 8289 6617 8292 8291
f 8292 6617 6618 8293
f 8292 8295 8294 8291
f 8292 8293 8296 8295
f 8296 8298 8297 8295
f 8296 8300 8299 8298
f 8296 8293 8301 8300
f 8301 8303 8302 8300
f 8301 6619 8304 8303
f 8301 8293 6618 6619
f 8304 8306 8305 8303
f 8304 8308 8307 8306
f 8304 6619 6620 8308
f 8308 8310 8309 8307
f 8308 6620 6621 8310
f 8310 8312 8311 8309
f 8310 6621 8313 8312
f 8313 6621 6596 6597
f 8313 8315 8314 8312
f 8313 6597 8316 8315
f 8316 6597 6598 8317
f 8316 8319 8318 8315
f 8316 8317 8320 8319
f 8320 8317 7523 7525
f 8320 8322 8321 8319
f 8320 7525 7527 8322
f 8322 8324 8323 8321
f 8322 7527 7529 8324
f 8324 8326 8325 8323
f 8324 7529 7531 8326
f 8326 8328 8327 8325
f 8326 7531 7533 8328
f 8328 8330 8329 8327
f 8328 7533 7535 8330
f 8330 8332 8331 8329
f 8330 7535 7537 8332
f 8332 8334 8333 8331
f 8332 7537 7539 8334
f 8334 8336 8335 8333
f 8334 7539 7541 8336
f 8336 8338 8337 8335
f 8336 7541 7543 8338
f 8338 8340 8339 8337
f 8338 7543 7545 8340
f 8340 8342 8341 8339
f 8340 7545 7547 8342
f 8342 8344 8343 8341
f 8342 7547 7549 8344
f 8344 8346 8345 8343
f 8344 7549 7551 8346
f 8346 8348 8347 8345
f 8346 7551 7553 8348
f 8348 8350 8349 8347
f 8348 7553 7555 8350
f 8350 8352 8351 8349
f 8350 7555 7557 8352
f 8352 8354 8353 8351
f 8352 7557 7559 8354
f 8354 7565 7567 8353
f 8354 7559 7561 7565
f 8353 8356 8355 8351
f 8353 7567 7569 8356
f 8356 8358 8357 8355
f 8356 7569 7571 8358
f 8358 8360 8359 8357
f 8358 7571 8361 8360
f 8361 8363 8362 8360
f 8361 7574 8364 8363
f 8361 7571 7572 7574
f 8364 8366 8365 8363
f 8364 7577 7579 8366
f 8364 7574 7575 7577
f 8366 8368 8367 8365
f 8366 7579 7581 8368
f 8368 8370 8369 8367
f 8368 7581 7583 8370
f 8370 6470 6462 8369
f 8370 7583 7585 6470
f 8369 8372 8371 8367
f 8369 6462 6463 8372
f 8372 8374 8373 8371
f 8372 6463 8375 8374
f 8375 8377 8376 8374
f 8375 8379 8378 8377
f 8375 6463 6464 8379
f 8379 8381 8380 8378
f 8379 6464 6465 8381
f 8381 8383 8382 8380
f 8381 6465 8384 8383
f 8384 8386 8385 8383
f 8384 8388 8387 8386
f 8384 6465 6466 8388
f 8388 8390 8389 8387
f 8388 6466 6467 8390
f 8390 8392 8391 8389
f 8390 6467 8393 8392
f 8393 6467 6468 8394
f 8393 8396 8395 8392
f 8393 8394 8397 8396
f 8397 8394 8399 8398
f 8397 8401 8400 8396
f 8397 8398 8402 8401
f 8402 8398 7593 7595
f 8402 8404 8403 8401
f 8402 7595 7597 8404
f 8404 7603 8405 8403
f 8404 7597 7599 7603
f 8405 8407 8406 8403
f 8405 7606 8408 8407
f 8405 7603 7604 7606
f 8408 8410 8409 8407
f 8408 8412 8411 8410
f 8408 7606 7607 8412
f 8412 8414 8413 8411
f 8412 7607 7608 8414
f 8414 8416 8415 8413
f 8414 7608 7610 8416
f 8416 8418 8417 8415
f 8416 7610 7612 8418
f 8418 6634 6635 8417
f 8418 7612 8419 6634
f 8419 7612 7613 7616
f 8419 8420 6154 6634
f 8419 7616 7618 8420
f 8420 6600 6601 6154
f 8420 7618 6605 6600
f 8417 8422 8421 8415
f 8417 6635 8423 8422
f 8423 8425 8424 8422
f 8423 8427 8426 8425
f 8423 6635 6636 8427
f 8427 8429 8428 8426
f 8427 6636 6637 8429
f 8429 8431 8430 8428
f 8429 6637 8432 8431
f 8432 6637 6638 8433
f 8432 8435 8434 8431
f 8432 8433 8436 8435
f 8436 8433 8438 8437
f 8436 8440 8439 8435
f 8436 8437 8441 8440
f 8441 8437 8443 8442
f 8441 8445 8444 8440
f 8441 8442 8446 8445
f 8446 8442 8448 8447
f 8446 8450 8449 8445
f 8446 8447 8451 8450
f 8451 8447 8453 8452
f 8451 8455 8454 8450
f 8451 8452 8456 8455
f 8456 8452 8458 8457
f 8456 8460 8459 8455
f 8456 8457 8461 8460
f 8461 8457 8463 8462
f 8461 8465 8464 8460
f 8461 8462 8466 8465
f 8466 8462 8468 8467
f 8466 6628 6624 8465
f 8466 8467 8469 6628
f 8469 8467 8471 8470
f 8469 8472 6627 6628
f 8469 8470 8473 8472
f 8473 8470 8475 8474
f 8473 8477 8476 8472
f 8473 8474 8478 8477
f 8478 8474 7691 7692
f 8478 8480 8479 8477
f 8478 7692 7693 8480
f 8480 8482 8481 8479
f 8480 7693 7695 8482
f 8482 8484 8483 8481
f 8482 7695 7697 8484
f 8484 8486 8485 8483
f 8484 7697 8487 8486
f 8487 7697 7698 7701
f 8487 8000 8001 8486
f 8487 7701 8488 8000
f 8488 7701 7702 7706
f 8488 7997 7998 8000
f 8488 7706 8489 7997
f 8489 7706 7707 7711
f 8489 7994 7995 7997
f 8489 7711 8490 7994
f 8490 7711 7712 7716
f 8490 7991 7992 7994
f 8490 7716 8491 7991
f 8491 7716 7717 7721
f 8491 7988 7989 7991
f 8491 7721 8492 7988
f 8492 7721 7722 7726
f 8492 7985 7986 7988
f 8492 7726 8493 7985
f 8493 7726 7727 7731
f 8493 7982 7983 7985
f 8493 7731 8494 7982
f 8494 7731 7732 7736
f 8494 7979 7980 7982
f 8494 7736 8495 7979
f 8495 7736 7737 6350
f 8495 7976 7977 7979
f 8495 6350 6351 7976
f 8486 8001 8002 8485
f 8485 8497 8496 8483
f 8485 8002 8004 8497
f 8497 8499 8498 8496
f 8497 8004 8006 8499
f 8499 8501 8500 8498
f 8499 8006 8008 8501
f 8501 8013 8502 8500
f 8501 8008 8010 8013
f 8502 8504 8503 8500
f 8502 8506 8505 8504
f 8502 8013 8014 8506
f 8506 8508 8507 8505
f 8506 8014 8015 8508
f 8508 8510 8509 8507
f 8508 8015 8017 8510
f 8510 8512 8511 8509
f 8510 8017 8019 8512
f 8512 8514 8513 8511
f 8512 8019 8515 8514
f 8515 8517 8516 8514
f 8515 8022 8518 8517
f 8515 8019 8020 8022
f 8518 8520 8519 8517
f 8518 8026 8028 8520
f 8518 8022 8023 8026
f 8520 8522 8521 8519
f 8520 8028 8030 8522
f 8522 8524 8523 8521
f 8522 8030 8032 8524
f 8524 8526 8525 8523
f 8524 8032 8034 8526
f 8526 8528 8527 8525
f 8526 8034 8036 8528
f 8528 8530 8529 8527
f 8528 8036 8038 8530
f 8530 8532 8531 8529
f 8530 8038 8040 8532
f 8532 8534 8533 8531
f 8532 8040 8042 8534
f 8534 8536 8535 8533
f 8534 8042 8044 8536
f 8536 8538 8537 8535
f 8536 8044 8046 8538
f 8538 8540 8539 8537
f 8538 8046 8048 8540
f 8540 8542 8541 8539
f 8540 8048 8050 8542
f 8542 8544 8543 8541
f 8542 8050 8052 8544
f 8544 8546 8545 8543
f 8544 8052 8054 8546
f 8546 8548 8547 8545
f 8546 8054 8056 8548
f 8548 8550 8549 8547
f 8548 8056 8058 8550
f 8550 8552 8551 8549
f 8550 8058 8060 8552
f 8552 8554 8553 8551
f 8552 8060 8062 8554
f 8554 8556 8555 8553
f 8554 8062 8064 8556
f 8556 8558 8557 8555
f 8556 8064 8066 8558
f 8558 8560 8559 8557
f 8558 8066 8068 8560
f 8560 8562 8561 8559
f 8560 8068 8070 8562
f 8562 8564 8563 8561
f 8562 8070 8072 8564
f 8564 8566 8565 8563
f 8564 8072 8074 8566
f 8566 8568 8567 8565
f 8566 8074 8076 8568
f 8568 8570 8569 8567
f 8568 8076 8078 8570
f 8570 8083 8571 8569
f 8570 8078 8080 8083
f 8571 8573 8572 8569
f 8571 8086 8574 8573
f 8571 8083 8084 8086
f 8574 8576 8575 8573
f 8574 8089 8577 8576
f 8574 8086 8087 8089
f 8577 8579 8578 8576
f 8577 8092 8580 8579
f 8577 8089 8090 8092
f 8580 8582 8581 8579
f 8580 8095 8583 8582
f 8580 8092 8093 8095
f 8583 8585 8584 8582
f 8583 8098 8586 8585
f 8583 8095 8096 8098
f 8586 8588 8587 8585
f 8586 8101 8589 8588
f 8586 8098 8099 8101
f 8589 8591 8590 8588
f 8589 8104 8592 8591
f 8589 8101 8102 8104
f 8592 8594 8593 8591
f 8592 8107 8595 8594
f 8592 8104 8105 8107
f 8595 8597 8596 8594
f 8595 8110 8598 8597
f 8595 8107 8108 8110
f 8598 8600 8599 8597
f 8598 8113 8601 8600
f 8598 8110 8111 8113
f 8601 8603 8602 8600
f 8601 8605 8604 8603
f 8601 8113 8114 8605
f 8605 8607 8606 8604
f 8605 8114 8115 8607
f 8607 8609 8608 8606
f 8607 8115 8117 8609
f 8609 8611 8610 8608
f 8609 8117 8119 8611
f 8611 8613 8612 8610
f 8611 8119 8121 8613
f 8613 8615 8614 8612
f 8613 8121 8123 8615
f 8615 8617 8616 8614
f 8615 8123 8125 8617
f 8617 8619 8618 8616
f 8617 8125 8127 8619
f 8619 8621 8620 8618
f 8619 8127 8622 8621
f 8622 8624 8623 8621
f 8622 8130 8625 8624
f 8622 8127 8128 8130
f 8625 8145 8147 8624
f 8625 8133 8143 8145
f 8625 8130 8131 8133
f 8624 8147 8149 8623
f 8623 8626 8620 8621
f 8623 8149 8151 8626
f 8626 8628 8627 8620
f 8626 8151 8153 8628
f 8628 8630 8629 8627
f 8628 8153 8155 8630
f 8630 8632 8631 8629
f 8630 8155 8157 8632
f 8632 8634 8633 8631
f 8632 8157 8159 8634
f 8634 8636 8635 8633
f 8634 8159 8161 8636
f 8636 8638 8637 8635
f 8636 8161 8163 8638
f 8638 8640 8639 8637
f 8638 8163 8165 8640
f 8640 8642 8641 8639
f 8640 8165 8167 8642
f 8642 8644 8643 8641
f 8642 8167 8169 8644
f 8644 8646 8645 8643
f 8644 8169 8171 8646
f 8646 8648 8647 8645
f 8646 8171 8173 8648
f 8648 8650 8649 8647
f 8648 8173 8175 8650
f 8650 8652 8651 8649
f 8650 8175 8177 8652
f 8652 8654 8653 8651
f 8652 8177 8179 8654
f 8654 8656 8655 8653
f 8654 8179 8181 8656
f 8656 8658 8657 8655
f 8656 8181 8183 8658
f 8658 8660 8659 8657
f 8658 8183 8185 8660
f 8660 8662 8661 8659
f 8660 8185 8187 8662
f 8662 8664 8663 8661
f 8662 8187 8189 8664
f 8664 8666 8665 8663
f 8664 8189 8191 8666
f 8666 8668 8667 8665
f 8666 8191 8193 8668
f 8668 8670 8669 8667
f 8668 8193 8195 8670
f 8670 8672 8671 8669
f 8670 8195 8197 8672
f 8672 8674 8673 8671
f 8672 8197 8199 8674
f 8674 8676 8675 8673
f 8674 8199 8201 8676
f 8676 8678 8677 8675
f 8676 8201 8203 8678
f 8678 8680 8679 8677
f 8678 8203 8205 8680
f 8680 8682 8681 8679
f 8680 8205 8207 8682
f 8682 8684 8683 8681
f 8682 8207 8209 8684
f 8684 8686 8685 8683
f 8684 8209 8211 8686
f 8686 8688 8687 8685
f 8686 8211 8213 8688
f 8688 8690 8689 8687
f 8688 8213 8215 8690
f 8690 8692 8691 8689
f 8690 8215 8217 8692
f 8692 8694 8693 8691
f 8692 8217 8219 8694
f 8694 8696 8695 8693
f 8694 8219 8221 8696
f 8696 8698 8697 8695
f 8696 8221 8223 8698
f 8698 8700 8699 8697
f 8698 8223 8225 8700
f 8700 8702 8701 8699
f 8700 8225 8227 8702
f 8702 8704 8703 8701
f 8702 8227 8229 8704
f 8704 8706 8705 8703
f 8704 8229 8231 8706
f 8706 8708 8707 8705
f 8706 8231 8233 8708
f 8708 8710 8709 8707
f 8708 8233 8235 8710
f 8710 8712 8711 8709
f 8710 8235 8237 8712
f 8712 8714 8713 8711
f 8712 8237 8239 8714
f 8714 8716 8715 8713
f 8714 8239 8241 8716
f 8716 8718 8717 8715
f 8716 8241 8243 8718
f 8718 8720 8719 8717
f 8718 8243 8245 8720
f 8720 8722 8721 8719
f 8720 8245 8247 8722
f 8722 8723 6703 8721
f 8722 8247 8249 8723
f 8723 8724 6702 6703
f 8723 8249 8251 8724
f 8724 8725 6701 6702
f 8724 8251 8253 8725
f 8725 8727 8726 6701
f 8725 8253 8255 8727
f 8727 8729 8728 8726
f 8727 8255 8257 8729
f 8729 8731 8730 8728
f 8729 8257 8259 8731
f 8731 8733 8732 8730
f 8731 8259 8261 8733
f 8733 8735 8734 8732
f 8733 8261 8263 8735
f 8735 8737 8736 8734
f 8735 8263 8265 8737
f 8737 8739 8738 8736
f 8737 8265 8267 8739
f 8739 8741 8740 8738
f 8739 8267 8269 8741
f 8741 8275 8277 8740
f 8741 8269 8271 8275
f 8740 8743 8742 8738
f 8740 8277 8279 8743
f 8743 8745 8744 8742
f 8743 8279 8281 8745
f 8745 8747 8746 8744
f 8745 8281 8748 8747
f 8748 8750 8749 8747
f 8748 8284 8751 8750
f 8748 8281 8282 8284
f 8751 8753 8752 8750
f 8751 8755 8754 8753
f 8751 8284 8285 8755
f 8755 8757 8756 8754
f 8755 8285 8286 8757
f 8757 8759 8758 8756
f 8757 8286 8288 8759
f 8759 8761 8760 8758
f 8759 8288 8290 8761
f 8761 8763 8762 8760
f 8761 8290 8764 8763
f 8764 8290 8291 8294
f 8764 8766 8765 8763
f 8764 8294 8767 8766
f 8767 8294 8295 8297
f 8767 8769 8768 8766
f 8767 8297 8770 8769
f 8770 8772 8771 8769
f 8770 8774 8773 8772
f 8770 8297 8298 8774
f 8774 8776 8775 8773
f 8774 8298 8299 8776
f 8776 6640 6641 8775
f 8776 8299 8777 6640
f 8777 8778 6155 6640
f 8777 8302 8779 8778
f 8777 8299 8300 8302
f 8779 8781 8780 8778
f 8779 8305 8782 8781
f 8779 8302 8303 8305
f 8782 8784 8783 8781
f 8782 6557 6558 8784
f 8782 8305 8306 6557
f 8784 6558 6559 8785
f 8784 8785 8786 8783
f 8786 8785 8788 8787
f 8786 8790 8789 8783
f 8786 8787 8791 8790
f 8791 8787 8793 8792
f 8791 8795 8794 8790
f 8791 8792 8796 8795
f 8796 8792 8798 8797
f 8796 8800 8799 8795
f 8796 8797 8801 8800
f 8801 8797 8803 8802
f 8801 8805 8804 8800
f 8801 8802 8806 8805
f 8806 8802 8808 8807
f 8806 8810 8809 8805
f 8806 8807 8811 8810
f 8811 8807 8813 8812
f 8811 8815 8814 8810
f 8811 8812 8816 8815
f 8816 8812 8818 8817
f 8816 8820 8819 8815
f 8816 8817 8821 8820
f 8821 8817 8823 8822
f 8821 8825 8824 8820
f 8821 8822 8826 8825
f 8826 8822 8828 8827
f 8826 8830 8829 8825
f 8826 8827 8409 8830
f 8830 8832 8831 8829
f 8830 8409 8410 8832
f 8832 8834 8833 8831
f 8832 8410 8411 8834
f 8834 8836 8835 8833
f 8834 8411 8413 8836
f 8836 8421 8837 8835
f 8836 8413 8415 8421
f 8837 8839 8838 8835
f 8837 8424 8840 8839
f 8837 8421 8422 8424
f 8840 8842 8841 8839
f 8840 8844 8843 8842
f 8840 8424 8425 8844
f 8844 8846 8845 8843
f 8844 8425 8426 8846
f 8846 8848 8847 8845
f 8846 8426 8428 8848
f 8848 8850 8849 8847
f 8848 8428 8430 8850
f 8850 8852 8851 8849
f 8850 8430 8853 8852
f 8853 8430 8431 8434
f 8853 8855 8854 8852
f 8853 8434 8856 8855
f 8856 8434 8435 8439
f 8856 8858 8857 8855
f 8856 8439 8859 8858
f 8859 8439 8440 8444
f 8859 8861 8860 8858
f 8859 8444 8862 8861
f 8862 8444 8445 8449
f 8862 8864 8863 8861
f 8862 8449 8865 8864
f 8865 8449 8450 8454
f 8865 8867 8866 8864
f 8865 8454 8868 8867
f 8868 8454 8455 8459
f 8868 8870 8869 8867
f 8868 8459 8871 8870
f 8871 8459 8460 8464
f 8871 8873 8872 8870
f 8871 8464 6625 8873
f 8873 8875 8874 8872
f 8873 6625 6626 8875
f 8875 8877 8876 8874
f 8875 6626 6629 8877
f 8877 8879 8878 8876
f 8877 6629 8880 8879
f 8880 6629 6630 8881
f 8880 8883 8882 8879
f 8880 8881 8884 8883
f 8884 8881 8886 8885
f 8884 8888 8887 8883
f 8884 8885 8889 8888
f 8889 8885 8891 8890
f 8889 8893 8892 8888
f 8889 8890 8894 8893
f 8894 8896 8895 8893
f 8894 8511 8513 8896
f 8894 8890 8509 8511
f 8896 6582 6589 8895
f 8896 8513 6581 6582
f 8895 8897 8892 8893
f 8895 6589 8898 8897
f 8898 8900 8899 8897
f 8898 8902 8901 8900
f 8898 6589 6587 8902
f 8902 8904 8903 8901
f 8902 6587 6588 8904
f 8904 8906 8905 8903
f 8904 6588 8907 8906
f 8907 6588 6585 8908
f 8907 8910 8909 8906
f 8907 8908 8911 8910
f 8911 8908 8913 8912
f 8911 8915 8914 8910
f 8911 8912 8916 8915
f 8916 8918 8917 8915
f 8916 8920 8919 8918
f 8916 8912 8921 8920
f 8921 8923 8922 8920
f 8921 8925 8924 8923
f 8921 8912 8913 8925
f 8925 8927 8926 8924
f 8925 8913 6586 8927
f 8927 8929 8928 8926
f 8927 6586 6583 8929
f 8929 8931 8930 8928
f 8929 6583 6584 8931
f 8931 8933 8932 8930
f 8931 6584 8934 8933
f 8934 6584 6580 8935
f 8934 8521 8523 8933
f 8934 8935 8519 8521
f 8935 6580 6581 8516
f 8935 8516 8517 8519
f 8933 8523 8525 8932
f 8932 8937 8936 8930
f 8932 8525 8527 8937
f 8937 8939 8938 8936
f 8937 8527 8529 8939
f 8939 8941 8940 8938
f 8939 8529 8531 8941
f 8941 8943 8942 8940
f 8941 8531 8533 8943
f 8943 8945 8944 8942
f 8943 8533 8535 8945
f 8945 8947 8946 8944
f 8945 8535 8537 8947
f 8947 8949 8948 8946
f 8947 8537 8539 8949
f 8949 8951 8950 8948
f 8949 8539 8541 8951
f 8951 6659 6653 8950
f 8951 8541 8543 6659
f 8950 8953 8952 8948
f 8950 6653 6654 8953
f 8953 8955 8954 8952
f 8953 6654 8956 8955
f 8956 8958 8957 8955
f 8956 8960 8959 8958
f 8956 6654 6655 8960
f 8960 8962 8961 8959
f 8960 6655 6656 8962
f 8962 8964 8963 8961
f 8962 6656 8965 8964
f 8965 8967 8966 8964
f 8965 8969 8968 8967
f 8965 6656 6657 8969
f 8969 8971 8970 8968
f 8969 6657 6660 8971
f 8971 8973 8972 8970
f 8971 6660 8974 8973
f 8974 8976 8975 8973
f 8974 8978 8977 8976
f 8974 6660 6661 8978
f 8978 8980 8979 8977
f 8978 6661 6662 8980
f 8980 8549 8551 8979
f 8980 6662 8547 8549
f 8979 8982 8981 8977
f 8979 8551 8553 8982
f 8982 8984 8983 8981
f 8982 8553 8555 8984
f 8984 8986 8985 8983
f 8984 8555 8557 8986
f 8986 8988 8987 8985
f 8986 8557 8559 8988
f 8988 8990 8989 8987
f 8988 8559 8561 8990
f 8990 8992 8991 8989
f 8990 8561 8563 8992
f 8992 8994 8993 8991
f 8992 8563 8565 8994
f 8994 8996 8995 8993
f 8994 8565 8567 8996
f 8996 8572 8997 8995
f 8996 8567 8569 8572
f 8997 8999 8998 8995
f 8997 8575 9000 8999
f 8997 8572 8573 8575
f 9000 9002 9001 8999
f 9000 8578 9003 9002
f 9000 8575 8576 8578
f 9003 9005 9004 9002
f 9003 8581 9006 9005
f 9003 8578 8579 8581
f 9006 9008 9007 9005
f 9006 8584 9009 9008
f 9006 8581 8582 8584
f 9009 9011 9010 9008
f 9009 8587 9012 9011
f 9009 8584 8585 8587
f 9012 9014 9013 9011
f 9012 8590 9015 9014
f 9012 8587 8588 8590
f 9015 9017 9016 9014
f 9015 8593 9018 9017
f 9015 8590 8591 8593
f 9018 9020 9019 9017
f 9018 8596 9021 9020
f 9018 8593 8594 8596
f 9021 9023 9022 9020
f 9021 8599 9024 9023
f 9021 8596 8597 8599
f 9024 9026 9025 9023
f 9024 8602 9027 9026
f 9024 8599 8600 8602
f 9027 9029 9028 9026
f 9027 9031 9030 9029
f 9027 8602 8603 9031
f 9031 9033 9032 9030
f 9031 8603 8604 9033
f 9033 9035 9034 9032
f 9033 8604 8606 9035
f 9035 9037 9036 9034
f 9035 8606 8608 9037
f 9037 9039 9038 9036
f 9037 8608 8610 9039
f 9039 9041 9040 9038
f 9039 8610 8612 9041
f 9041 9043 9042 9040
f 9041 8612 8614 9043
f 9043 9045 9044 9042
f 9043 8614 8616 9045
f 9045 9047 9046 9044
f 9045 8616 8618 9047
f 9047 8627 8629 9046
f 9047 8618 8620 8627
f 9046 9049 9048 9044
f 9046 8629 8631 9049
f 9049 9051 9050 9048
f 9049 8631 8633 9051
f 9051 9053 9052 9050
f 9051 8633 8635 9053
f 9053 9055 9054 9052
f 9053 8635 8637 9055
f 9055 9057 9056 9054
f 9055 8637 8639 9057
f 9057 9059 9058 9056
f 9057 8639 8641 9059
f 9059 9061 9060 9058
f 9059 8641 8643 9061
f 9061 9063 9062 9060
f 9061 8643 8645 9063
f 9063 9065 9064 9062
f 9063 8645 8647 9065
f 9065 9067 9066 9064
f 9065 8647 8649 9067
f 9067 9069 9068 9066
f 9067 8649 8651 9069
f 9069 9071 9070 9068
f 9069 8651 8653 9071
f 9071 9073 9072 9070
f 9071 8653 8655 9073
f 9073 9075 9074 9072
f 9073 8655 8657 9075
f 9075 9077 9076 9074
f 9075 8657 8659 9077
f 9077 9079 9078 9076
f 9077 8659 8661 9079
f 9079 9081 9080 9078
f 9079 8661 8663 9081
f 9081 9083 9082 9080
f 9081 8663 8665 9083
f 9083 9085 9084 9082
f 9083 8665 8667 9085
f 9085 9087 9086 9084
f 9085 8667 8669 9087
f 9087 9089 9088 9086
f 9087 8669 8671 9089
f 9089 9091 9090 9088
f 9089 8671 8673 9091
f 9091 9093 9092 9090
f 9091 8673 8675 9093
f 9093 9095 9094 9092
f 9093 8675 8677 9095
f 9095 9097 9096 9094
f 9095 8677 8679 9097
f 9097 9099 9098 9096
f 9097 8679 8681 9099
f 9099 9101 9100 9098
f 9099 8681 8683 9101
f 9101 9103 9102 9100
f 9101 8683 8685 9103
f 9103 9105 9104 9102
f 9103 8685 8687 9105
f 9105 9107 9106 9104
f 9105 8687 8689 9107
f 9107 9109 9108 9106
f 9107 8689 8691 9109
f 9109 9111 9110 9108
f 9109 8691 8693 9111
f 9111 9113 9112 9110
f 9111 8693 8695 9113
f 9113 9115 9114 9112
f 9113 8695 8697 9115
f 9115 9117 9116 9114
f 9115 8697 8699 9117
f 9117 9119 9118 9116
f 9117 8699 8701 9119
f 9119 9121 9120 9118
f 9119 8701 8703 9121
f 9121 9123 9122 9120
f 9121 8703 8705 9123
f 9123 9125 9124 9122
f 9123 8705 8707 9125
f 9125 9127 9126 9124
f 9125 8707 8709 9127
f 9127 9129 9128 9126
f 9127 8709 8711 9129
f 9129 9131 9130 9128
f 9129 8711 8713 9131
f 9131 9133 9132 9130
f 9131 8713 8715 9133
f 9133 9135 9134 9132
f 9133 8715 8717 9135
f 9135 9137 9136 9134
f 9135 8717 8719 9137
f 9137 9139 9138 9136
f 9137 8719 8721 9139
f 9139 6704 6705 9138
f 9139 8721 6703 6704
f 9138 6705 9141 9140
f 9138 9140 9142 9136
f 9142 9140 9144 9143
f 9142 9145 9134 9136
f 9142 9143 9146 9145
f 9146 9143 9148 9147
f 9146 9150 9149 9145
f 9146 9147 9151 9150
f 9151 9147 9153 9152
f 9151 9155 9154 9150
f 9151 9152 9156 9155
f 9156 9152 9158 9157
f 9156 9160 9159 9155
f 9156 9157 9161 9160
f 9161 9157 9163 9162
f 9161 9165 9164 9160
f 9161 9162 9166 9165
f 9166 9162 9168 9167
f 9166 9170 9169 9165
f 9166 9167 9171 9170
f 9171 9167 9173 9172
f 9171 9175 9174 9170
f 9171 9172 9176 9175
f 9176 9172 9178 9177
f 9176 9180 9179 9175
f 9176 9177 9181 9180
f 9181 9177 9183 9182
f 9181 9185 9184 9180
f 9181 9182 9186 9185
f 9186 9182 9188 9187
f 9186 9190 9189 9185
f 9186 9187 9191 9190
f 9191 9187 9193 9192
f 9191 9195 9194 9190
f 9191 9192 9196 9195
f 9196 9192 9198 9197
f 9196 9200 9199 9195
f 9196 9197 9201 9200
f 9201 9197 9203 9202
f 9201 9205 9204 9200
f 9201 9202 9206 9205
f 9206 9202 9208 9207
f 9206 9210 9209 9205
f 9206 9207 9211 9210
f 9211 9207 9213 9212
f 9211 9215 9214 9210
f 9211 9212 9216 9215
f 9216 9212 9218 9217
f 9216 9220 9219 9215
f 9216 9217 9221 9220
f 9221 9217 9223 9222
f 9221 9225 9224 9220
f 9221 9222 9226 9225
f 9226 9222 9228 9227
f 9226 9230 9229 9225
f 9226 9227 9231 9230
f 9231 9227 9233 9232
f 9231 9235 9234 9230
f 9231 9232 9236 9235
f 9236 9232 9238 9237
f 9236 9240 9239 9235
f 9236 9237 9241 9240
f 9241 9237 9243 9242
f 9241 9245 9244 9240
f 9241 9242 9246 9245
f 9246 9242 9248 9247
f 9246 9250 9249 9245
f 9246 9247 9251 9250
f 9251 9247 9253 9252
f 9251 9255 9254 9250
f 9251 9252 9256 9255
f 9256 9252 9258 9257
f 9256 9260 9259 9255
f 9256 9257 9261 9260
f 9261 9257 9263 9262
f 9261 9265 9264 9260
f 9261 9262 9266 9265
f 9266 9262 9268 9267
f 9266 9270 9269 9265
f 9266 9267 9271 9270
f 9271 9267 8900 8901
f 9271 9273 9272 9270
f 9271 8901 8903 9273
f 9273 9275 9274 9272
f 9273 8903 8905 9275
f 9275 9277 9276 9274
f 9275 8905 9278 9277
f 9278 8905 8906 8909
f 9278 9280 9279 9277
f 9278 8909 9281 9280
f 9281 8909 8910 8914
f 9281 9283 9282 9280
f 9281 8914 9284 9283
f 9284 8914 8915 8917
f 9284 9286 9285 9283
f 9284 8917 9287 9286
f 9287 8917 8918 9288
f 9287 9290 9289 9286
f 9287 9288 9291 9290
f 9291 9293 9292 9290
f 9291 9295 9294 9293
f 9291 9288 9296 9295
f 9296 9298 9297 9295
f 9296 8919 9299 9298
f 9296 9288 8918 8919
f 9299 9301 9300 9298
f 9299 8922 9302 9301
f 9299 8919 8920 8922
f 9302 9304 9303 9301
f 9302 9306 9305 9304
f 9302 8922 8923 9306
f 9306 9308 9307 9305
f 9306 8923 8924 9308
f 9308 9310 9309 9307
f 9308 8924 8926 9310
f 9310 9312 9311 9309
f 9310 8926 8928 9312
f 9312 8936 8938 9311
f 9312 8928 8930 8936
f 9311 9314 9313 9309
f 9311 8938 8940 9314
f 9314 9316 9315 9313
f 9314 8940 8942 9316
f 9316 9318 9317 9315
f 9316 8942 8944 9318
f 9318 9320 9319 9317
f 9318 8944 8946 9320
f 9320 8952 8954 9319
f 9320 8946 8948 8952
f 9319 9322 9321 9317
f 9319 8954 9323 9322
f 9323 9325 9324 9322
f 9323 8957 9326 9325
f 9323 8954 8955 8957
f 9326 9328 9327 9325
f 9326 9330 9329 9328
f 9326 8957 8958 9330
f 9330 9332 9331 9329
f 9330 8958 8959 9332
f 9332 9334 9333 9331
f 9332 8959 8961 9334
f 9334 9336 9335 9333
f 9334 8961 8963 9336
f 9336 9338 9337 9335
f 9336 8963 9339 9338
f 9339 9341 9340 9338
f 9339 8966 9342 9341
f 9339 8963 8964 8966
f 9342 9344 9343 9341
f 9342 9346 9345 9344
f 9342 8966 8967 9346
f 9346 9348 9347 9345
f 9346 8967 8968 9348
f 9348 9350 9349 9347
f 9348 8968 8970 9350
f 9350 9352 9351 9349
f 9350 8970 8972 9352
f 9352 9354 9353 9351
f 9352 8972 9355 9354
f 9355 9357 9356 9354
f 9355 8975 9358 9357
f 9355 8972 8973 8975
f 9358 9360 9359 9357
f 9358 9362 9361 9360
f 9358 8975 8976 9362
f 9362 8981 8983 9361
f 9362 8976 8977 8981
f 9361 9364 9363 9360
f 9361 8983 8985 9364
f 9364 9366 9365 9363
f 9364 8985 8987 9366
f 9366 9368 9367 9365
f 9366 8987 8989 9368
f 9368 9370 9369 9367
f 9368 8989 8991 9370
f 9370 9372 9371 9369
f 9370 8991 8993 9372
f 9372 8998 9373 9371
f 9372 8993 8995 8998
f 9373 9375 9374 9371
f 9373 9001 9376 9375
f 9373 8998 8999 9001
f 9376 9378 9377 9375
f 9376 9004 9379 9378
f 9376 9001 9002 9004
f 9379 9381 9380 9378
f 9379 9007 9382 9381
f 9379 9004 9005 9007
f 9382 9384 9383 9381
f 9382 9010 9385 9384
f 9382 9007 9008 9010
f 9385 9387 9386 9384
f 9385 9013 9388 9387
f 9385 9010 9011 9013
f 9388 9390 9389 9387
f 9388 9016 9391 9390
f 9388 9013 9014 9016
f 9391 9393 9392 9390
f 9391 9019 9394 9393
f 9391 9016 9017 9019
f 9394 9396 9395 9393
f 9394 9022 9397 9396
f 9394 9019 9020 9022
f 9397 9399 9398 9396
f 9397 9025 9400 9399
f 9397 9022 9023 9025
f 9400 9402 9401 9399
f 9400 9028 9403 9402
f 9400 9025 9026 9028
f 9403 9405 9404 9402
f 9403 9407 9406 9405
f 9403 9028 9029 9407
f 9407 9409 9408 9406
f 9407 9029 9030 9409
f 9409 9411 9410 9408
f 9409 9030 9032 9411
f 9411 9413 9412 9410
f 9411 9032 9034 9413
f 9413 9415 9414 9412
f 9413 9034 9036 9415
f 9415 9417 9416 9414
f 9415 9036 9038 9417
f 9417 9419 9418 9416
f 9417 9038 9040 9419
f 9419 9421 9420 9418
f 9419 9040 9042 9421
f 9421 9048 9050 9420
f 9421 9042 9044 9048
f 9420 9423 9422 9418
f 9420 9050 9052 9423
f 9423 9425 9424 9422
f 9423 9052 9054 9425
f 9425 9427 9426 9424
f 9425 9054 9056 9427
f 9427 9429 9428 9426
f 9427 9056 9058 9429
f 9429 9431 9430 9428
f 9429 9058 9060 9431
f 9431 9433 9432 9430
f 9431 9060 9062 9433
f 9433 9435 9434 9432
f 9433 9062 9064 9435
f 9435 9437 9436 9434
f 9435 9064 9066 9437
f 9437 9439 9438 9436
f 9437 9066 9068 9439
f 9439 9441 9440 9438
f 9439 9068 9070 9441
f 9441 9443 9442 9440
f 9441 9070 9072 9443
f 9443 9445 9444 9442
f 9443 9072 9074 9445
f 9445 9447 9446 9444
f 9445 9074 9076 9447
f 9447 9449 9448 9446
f 9447 9076 9078 9449
f 9449 9451 9450 9448
f 9449 9078 9080 9451
f 9451 9453 9452 9450
f 9451 9080 9082 9453
f 9453 9455 9454 9452
f 9453 9082 9084 9455
f 9455 9457 9456 9454
f 9455 9084 9086 9457
f 9457 9459 9458 9456
f 9457 9086 9088 9459
f 9459 9461 9460 9458
f 9459 9088 9090 9461
f 9461 9463 9462 9460
f 9461 9090 9092 9463
f 9463 9465 9464 9462
f 9463 9092 9094 9465
f 9465 9467 9466 9464
f 9465 9094 9096 9467
f 9467 9469 9468 9466
f 9467 9096 9098 9469
f 9469 9471 9470 9468
f 9469 9098 9100 9471
f 9471 9473 9472 9470
f 9471 9100 9102 9473
f 9473 9475 9474 9472
f 9473 9102 9104 9475
f 9475 9477 9476 9474
f 9475 9104 9106 9477
f 9477 9479 9478 9476
f 9477 9106 9108 9479
f 9479 9481 9480 9478
f 9479 9108 9110 9481
f 9481 9483 9482 9480
f 9481 9110 9112 9483
f 9483 9485 9484 9482
f 9483 9112 9114 9485
f 9485 9487 9486 9484
f 9485 9114 9116 9487
f 9487 9489 9488 9486
f 9487 9116 9118 9489
f 9489 9491 9490 9488
f 9489 9118 9120 9491
f 9491 9493 9492 9490
f 9491 9120 9122 9493
f 9493 9495 9494 9492
f 9493 9122 9124 9495
f 9495 9497 9496 9494
f 9495 9124 9126 9497
f 9497 9499 9498 9496
f 9497 9126 9128 9499
f 9499 9500 9154 9498
f 9499 9128 9130 9500
f 9500 9149 9150 9154
f 9500 9130 9132 9149
f 9498 9154 9155 9159
f 9498 9159 9501 9496
f 9501 9159 9160 9164
f 9501 9502 9494 9496
f 9501 9164 9503 9502
f 9503 9164 9165 9169
f 9503 9505 9504 9502
f 9503 9169 9506 9505
f 9506 9169 9170 9174
f 9506 9508 9507 9505
f 9506 9174 9509 9508
f 9509 9174 9175 9179
f 9509 9511 9510 9508
f 9509 9179 9512 9511
f 9512 9179 9180 9184
f 9512 9514 9513 9511
f 9512 9184 9515 9514
f 9515 9184 9185 9189
f 9515 9517 9516 9514
f 9515 9189 9518 9517
f 9518 9189 9190 9194
f 9518 9520 9519 9517
f 9518 9194 9521 9520
f 9521 9194 9195 9199
f 9521 9523 9522 9520
f 9521 9199 9524 9523
f 9524 9199 9200 9204
f 9524 9526 9525 9523
f 9524 9204 9527 9526
f 9527 9204 9205 9209
f 9527 9529 9528 9526
f 9527 9209 9530 9529
f 9530 9209 9210 9214
f 9530 9532 9531 9529
f 9530 9214 9533 9532
f 9533 9214 9215 9219
f 9533 9535 9534 9532
f 9533 9219 9536 9535
f 9536 9219 9220 9224
f 9536 9538 9537 9535
f 9536 9224 9539 9538
f 9539 9224 9225 9229
f 9539 9541 9540 9538
f 9539 9229 9542 9541
f 9542 9229 9230 9234
f 9542 9544 9543 9541
f 9542 9234 9545 9544
f 9545 9234 9235 9239
f 9545 9547 9546 9544
f 9545 9239 9548 9547
f 9548 9239 9240 9244
f 9548 9550 9549 9547
f 9548 9244 9551 9550
f 9551 9244 9245 9249
f 9551 9553 9552 9550
f 9551 9249 9554 9553
f 9554 9249 9250 9254
f 9554 9556 9555 9553
f 9554 9254 9557 9556
f 9557 9254 9255 9259
f 9557 6687 6688 9556
f 9557 9259 6686 6687
f 9556 6688 9558 9555
f 9558 9560 9559 9555
f 9558 9562 9561 9560
f 9558 6688 6689 9562
f 9562 9564 9563 9561
f 9562 6689 6690 9564
f 9564 9566 9565 9563
f 9564 6690 9567 9566
f 9567 6690 6691 9568
f 9567 9570 9569 9566
f 9567 9568 9571 9570
f 9571 9568 9573 9572
f 9571 9575 9574 9570
f 9571 9572 9576 9575
f 9576 9572 9578 9577
f 9576 9580 9579 9575
f 9576 9577 9581 9580
f 9581 9577 9583 9582
f 9581 9585 9584 9580
f 9581 9582 9586 9585
f 9586 9582 6682 9587
f 9586 9589 9588 9585
f 9586 9587 9590 9589
f 9590 9587 9592 9591
f 9590 9594 9593 9589
f 9590 9591 9595 9594
f 9595 9591 9597 9596
f 9595 9599 9598 9594
f 9595 9596 9600 9599
f 9600 9596 9602 9601
f 9600 9604 9603 9599
f 9600 9601 9605 9604
f 9605 9601 9607 9606
f 9605 9609 9608 9604
f 9605 9606 9610 9609
f 9610 9606 9612 9611
f 9610 9614 9613 9609
f 9610 9611 9615 9614
f 9615 9611 9617 9616
f 9615 9619 9618 9614
f 9615 9616 9620 9619
f 9620 9616 9622 9621
f 9620 9624 9623 9619
f 9620 9621 9625 9624
f 9625 9621 9627 9626
f 9625 9629 9628 9624
f 9625 9626 9630 9629
f 9630 9626 9632 9631
f 9630 9634 9633 9629
f 9630 9631 9635 9634
f 9635 9631 9637 9636
f 9635 9639 9638 9634
f 9635 9636 9640 9639
f 9640 9636 9642 9641
f 9640 9644 9643 9639
f 9640 9641 9645 9644
f 9645 9641 6546 6551
f 9645 9647 9646 9644
f 9645 6551 9648 9647
f 9648 6551 6552 9649
f 9648 9651 9650 9647
f 9648 9649 9652 9651
f 9652 9649 9654 9653
f 9652 9656 9655 9651
f 9652 9653 9657 9656
f 9657 9653 9659 9658
f 9657 9661 9660 9656
f 9657 9658 9662 9661
f 9662 9658 9664 9663
f 9662 9666 9665 9661
f 9662 9663 9667 9666
f 9667 9663 9669 9668
f 9667 9671 9670 9666
f 9667 9668 9672 9671
f 9672 9668 9674 9673
f 9672 9329 9331 9671
f 9672 9673 9328 9329
f 9674 9677 9676 9675
f 9674 9668 9669 9677
f 9674 9675 9678 9673
f 9678 9675 9680 9679
f 9678 9327 9328 9673
f 9678 9679 9681 9327
f 9681 9679 9683 9682
f 9681 9324 9325 9327
f 9681 9682 9684 9324
f 9684 9682 9686 9685
f 9684 9321 9322 9324
f 9684 9685 9687 9321
f 9687 9685 9689 9688
f 9687 9315 9317 9321
f 9687 9688 9313 9315
f 9689 9690 9304 9305
f 9689 9685 9686 9690
f 9689 9305 9307 9688
f 9690 9691 9303 9304
f 9690 9686 9692 9691
f 9692 9694 9693 9691
f 9692 9683 9695 9694
f 9692 9686 9682 9683
f 9695 9697 9696 9694
f 9695 9680 9698 9697
f 9695 9683 9679 9680
f 9698 9700 9699 9697
f 9698 9676 9701 9700
f 9698 9680 9675 9676
f 9701 9703 9702 9700
f 9701 9705 9704 9703
f 9701 9676 9677 9705
f 9705 9707 9706 9704
f 9705 9677 9669 9707
f 9707 9664 9708 9706
f 9707 9669 9663 9664
f 9708 9710 9709 9706
f 9708 9659 9711 9710
f 9708 9664 9658 9659
f 9711 9713 9712 9710
f 9711 9654 6553 9713
f 9711 9659 9653 9654
f 9713 9715 9714 9712
f 9713 6553 6549 9715
f 9715 9717 9716 9714
f 9715 6549 6550 9717
f 9717 9719 9718 9716
f 9717 6550 9720 9719
f 9720 9722 9721 9719
f 9720 9723 6428 9722
f 9720 6550 6547 9723
f 9723 9724 6427 6428
f 9723 6547 6548 9724
f 9724 9725 6426 6427
f 9724 6548 9726 9725
f 9726 9728 9727 9725
f 9726 9730 9729 9728
f 9726 6548 6544 9730
f 9730 9732 9731 9729
f 9730 6544 6545 9732
f 9732 9734 9733 9731
f 9732 6545 9642 9734
f 9734 9637 9735 9733
f 9734 9642 9636 9637
f 9735 9737 9736 9733
f 9735 9632 9738 9737
f 9735 9637 9631 9632
f 9738 9740 9739 9737
f 9738 9627 9741 9740
f 9738 9632 9626 9627
f 9741 9743 9742 9740
f 9741 9622 9744 9743
f 9741 9627 9621 9622
f 9744 9746 9745 9743
f 9744 9617 9747 9746
f 9744 9622 9616 9617
f 9747 9749 9748 9746
f 9747 9612 9750 9749
f 9747 9617 9611 9612
f 9750 9752 9751 9749
f 9750 9607 9753 9752
f 9750 9612 9606 9607
f 9753 9755 9754 9752
f 9753 9602 9756 9755
f 9753 9607 9601 9602
f 9756 9758 9757 9755
f 9756 9597 9759 9758
f 9756 9602 9596 9597
f 9759 6684 9760 9758
f 9759 9592 6683 6684
f 9759 9597 9591 9592
f 9760 9763 9762 9761
f 9760 6684 6679 9763
f 9760 9761 9757 9758
f 9763 9765 9764 9762
f 9763 6679 6680 9765
f 9765 9767 9766 9764
f 9765 6680 9768 9767
f 9768 9578 9769 9767
f 9768 9583 9577 9578
f 9768 6680 6681 9583
f 9769 9770 9766 9767
f 9769 9573 6692 9770
f 9769 9578 9572 9573
f 9770 6692 6693 9771
f 9770 9771 9772 9766
f 9772 9771 9774 9773
f 9772 9775 9764 9766
f 9772 9773 9776 9775
f 9776 9773 9778 9777
f 9776 9780 9779 9775
f 9776 9777 9781 9780
f 9781 9777 9783 9782
f 9781 9785 9784 9780
f 9781 9782 9786 9785
f 9786 9782 9788 9787
f 9786 9790 9789 9785
f 9786 9787 9791 9790
f 9791 9787 9793 9792
f 9791 9795 9794 9790
f 9791 9792 9796 9795
f 9796 9792 9798 9797
f 9796 9800 9799 9795
f 9796 9797 9801 9800
f 9801 9797 9803 9802
f 9801 9805 9804 9800
f 9801 9802 9806 9805
f 9806 9802 9808 9807
f 9806 9810 9809 9805
f 9806 9807 6543 9810
f 9810 9812 9811 9809
f 9810 6543 6541 9812
f 9812 9814 9813 9811
f 9812 6541 6542 9814
f 9814 9815 9736 9813
f 9814 6542 9816 9815
f 9816 6542 6534 9817
f 9816 9729 9731 9815
f 9816 9817 9728 9729
f 9817 9818 9727 9728
f 9817 6534 6535 9818
f 9818 9820 9819 9727
f 9818 6535 9821 9820
f 9821 9823 9822 9820
f 9821 9825 9824 9823
f 9821 6535 6536 9825
f 9825 9827 9826 9824
f 9825 6536 6537 9827
f 9827 9829 9828 9826
f 9827 6537 9830 9829
f 9830 9832 9831 9829
f 9830 9834 9833 9832
f 9830 6537 6538 9834
f 9834 9836 9835 9833
f 9834 6538 6539 9836
f 9836 9838 9837 9835
f 9836 6539 9839 9838
f 9839 9841 9840 9838
f 9839 9843 9842 9841
f 9839 6539 6540 9843
f 9843 9807 9808 9842
f 9843 6540 6543 9807
f 9842 9292 9293 9841
f 9842 9808 9844 9292
f 9844 9289 9290 9292
f 9844 9803 9845 9289
f 9844 9808 9802 9803
f 9845 9285 9286 9289
f 9845 9798 9846 9285
f 9845 9803 9797 9798
f 9846 9282 9283 9285
f 9846 9793 9847 9282
f 9846 9798 9792 9793
f 9847 9279 9280 9282
f 9847 9788 9848 9279
f 9847 9793 9787 9788
f 9848 9276 9277 9279
f 9848 9783 9849 9276
f 9848 9788 9782 9783
f 9849 9850 9274 9276
f 9849 9778 9851 9850
f 9849 9783 9777 9778
f 9851 9853 9852 9850
f 9851 9774 9854 9853
f 9851 9778 9773 9774
f 9854 6685 9855 9853
f 9854 6693 6161 6685
f 9854 9774 9771 6693
f 9855 9264 9265 9269
f 9855 6685 6686 9264
f 9855 9269 9852 9853
f 9852 9269 9270 9272
f 9852 9272 9274 9850
f 9841 9293 9294 9840
f 9840 9856 9837 9838
f 9840 9294 9857 9856
f 9857 9859 9858 9856
f 9857 9297 9860 9859
f 9857 9294 9295 9297
f 9860 9862 9861 9859
f 9860 9300 9863 9862
f 9860 9297 9298 9300
f 9863 9693 9864 9862
f 9863 9303 9691 9693
f 9863 9300 9301 9303
f 9864 9865 9861 9862
f 9864 9696 9866 9865
f 9864 9693 9694 9696
f 9866 9868 9867 9865
f 9866 9699 9869 9868
f 9866 9696 9697 9699
f 9869 9871 9870 9868
f 9869 9702 9872 9871
f 9869 9699 9700 9702
f 9872 9874 9873 9871
f 9872 9876 9875 9874
f 9872 9702 9703 9876
f 9876 9878 9877 9875
f 9876 9703 9704 9878
f 9878 9709 9879 9877
f 9878 9704 9706 9709
f 9879 9881 9880 9877
f 9879 9712 9714 9881
f 9879 9709 9710 9712
f 9881 9883 9882 9880
f 9881 9714 9716 9883
f 9883 9885 9884 9882
f 9883 9716 9718 9885
f 9885 9887 9886 9884
f 9885 9718 9888 9887
f 9888 9890 9889 9887
f 9888 9721 9891 9890
f 9888 9718 9719 9721
f 9891 9893 9892 9890
f 9891 9895 9894 9893
f 9891 9721 9722 9895
f 9895 6429 6430 9894
f 9895 9722 6428 6429
f 9894 9896 6290 9893
f 9894 6430 9897 9896
f 9897 9900 9899 9898
f 9897 6430 6424 9900
f 9897 9898 9901 9896
f 9901 9898 9903 9902
f 9901 6289 6290 9896
f 9901 9902 6293 6289
f 9903 9906 9905 9904
f 9903 9898 9899 9906
f 9903 9904 9907 9902
f 9907 9904 9909 9908
f 9907 9910 6293 9902
f 9907 9908 9911 9910
f 9911 9908 9913 9912
f 9911 6338 9914 9910
f 9911 9912 6337 6338
f 9914 6292 6293 9910
f 9914 9915 6294 6292
f 9914 6338 6334 9915
f 9915 9917 9916 6294
f 9915 6334 6335 9917
f 9917 9918 9889 9916
f 9917 6335 9919 9918
f 9919 6335 6336 9920
f 9919 9921 9886 9918
f 9919 9920 9922 9921
f 9922 9920 9924 9923
f 9922 9926 9925 9921
f 9922 9923 9927 9926
f 9927 9923 9929 9928
f 9927 9931 9930 9926
f 9927 9928 9932 9931
f 9932 9928 6456 6459
f 9932 9934 9933 9931
f 9932 6459 9935 9934
f 9935 6459 6460 9936
f 9935 9938 9937 9934
f 9935 9936 9939 9938
f 9939 9936 9941 9940
f 9939 9943 9942 9938
f 9939 9940 9944 9943
f 9944 9940 9835 9837
f 9944 9858 9945 9943
f 9944 9837 9856 9858
f 9945 9867 9942 9943
f 9945 9861 9865 9867
f 9945 9858 9859 9861
f 9942 9870 9937 9938
f 9942 9867 9868 9870
f 9941 6461 9832 9833
f 9941 9936 6460 6461
f 9941 9833 9835 9940
f 9937 9873 9933 9934
f 9937 9870 9871 9873
f 9933 9946 9930 9931
f 9933 9873 9874 9946
f 9946 9948 9947 9930
f 9946 9874 9875 9948
f 9948 9880 9882 9947
f 9948 9875 9877 9880
f 9947 9925 9926 9930
f 9947 9882 9884 9925
f 9929 9950 9949 6455
f 9929 9923 9924 9950
f 9929 6455 6456 9928
f 9950 9952 9951 9949
f 9950 9924 6339 9952
f 9952 9912 9913 9951
f 9952 6339 6337 9912
f 9951 9954 9953 9949
f 9951 9913 9955 9954
f 9955 9957 9956 9954
f 9955 9909 9958 9957
f 9955 9913 9908 9909
f 9958 6215 9959 9957
f 9958 9905 6094 6215
f 9958 9909 9904 9905
f 9959 9962 9961 9960
f 9959 6215 6216 9962
f 9959 9960 9956 9957
f 9962 9964 9963 9961
f 9962 6216 9965 9964
f 9965 9967 9966 9964
f 9965 9969 9968 9967
f 9965 6216 6213 9969
f 9969 9971 9970 9968
f 9969 6213 6214 9971
f 9971 6246 6247 9970
f 9971 6214 6250 6246
f 9970 9973 9972 9968
f 9970 6247 9974 9973
f 9974 6272 6275 9973
f 9974 9975 6271 6272
f 9974 6247 6244 9975
f 9975 9977 9976 6271
f 9975 6244 6245 9977
f 9977 9979 9978 9976
f 9977 6245 9980 9979
f 9980 9982 9981 9979
f 9980 9984 9983 9982
f 9980 6245 6241 9984
f 9984 9986 9985 9983
f 9984 6241 6242 9986
f 9986 6328 9987 9985
f 9986 6242 6327 6328
f 9987 9989 9988 9985
f 9987 6379 9990 9989
f 9987 6328 6329 6379
f 9990 9992 9991 9989
f 9990 9994 9993 9992
f 9990 6379 6376 9994
f 9994 9996 9995 9993
f 9994 6376 6377 9996
f 9996 9998 9997 9995
f 9996 6377 9999 9998
f 9999 10001 10000 9998
f 9999 10003 10002 10001
f 9999 6377 6378 10003
f 10003 10005 10004 10002
f 10003 6378 6380 10005
f 10005 6476 6477 10004
f 10005 6380 6475 6476
f 10004 10007 10006 10002
f 10004 6477 10008 10007
f 10008 10010 10009 10007
f 10008 10012 10011 10010
f 10008 6477 6478 10012
f 10012 10014 10013 10011
f 10012 6478 6479 10014
f 10014 10016 10015 10013
f 10014 6479 10017 10016
f 10017 6479 6480 10018
f 10017 10020 10019 10016
f 10017 10018 10021 10020
f 10021 10018 10022 6422
f 10021 10023 9822 10020
f 10021 6422 6423 10023
f 10023 9819 9820 9822
f 10023 6423 6426 9819
f 10022 6481 10025 10024
f 10022 10018 6480 6481
f 10022 10024 6421 6422
f 10025 10028 10027 10026
f 10025 6481 6472 10028
f 10025 10026 10029 10024
f 10029 10026 10031 10030
f 10029 6425 6421 10024
f 10029 10030 10032 6425
f 10032 10030 10034 10033
f 10032 9900 6424 6425
f 10032 10033 9899 9900
f 10034 10036 10035 6211
f 10034 10030 10031 10036
f 10034 6211 6212 10033
f 10036 10038 10037 10035
f 10036 10031 10039 10038
f 10039 10041 10040 10038
f 10039 10027 10042 10041
f 10039 10031 10026 10027
f 10042 10044 10043 10041
f 10042 10046 10045 10044
f 10042 10027 10028 10046
f 10046 6473 10047 10045
f 10046 10028 6472 6473
f 10047 10049 10048 10045
f 10047 10051 10050 10049
f 10047 6473 6474 10051
f 10051 10053 10052 10050
f 10051 6474 6475 10053
f 10053 6381 6382 10052
f 10053 6475 6380 6381
f 10052 10055 10054 10050
f 10052 6382 10056 10055
f 10056 6417 6418 10055
f 10056 10057 6416 6417
f 10056 6382 6330 10057
f 10057 6333 10058 6416
f 10057 6330 6112 6333
f 10058 10059 6415 6416
f 10058 6283 6284 10059
f 10058 6333 6288 6283
f 10059 10060 6419 6415
f 10059 6284 10061 10060
f 10061 10063 10062 10060
f 10061 10064 6386 10063
f 10061 6284 6285 10064
f 10064 10065 6385 6386
f 10064 6285 6286 10065
f 10065 10066 6384 6385
f 10065 6286 10067 10066
f 10067 6286 6287 10068
f 10067 10070 10069 10066
f 10067 10068 10071 10070
f 10071 10068 6331 6332
f 10071 6248 10072 10070
f 10071 6332 6243 6248
f 10072 10073 10069 10070
f 10072 10074 10037 10073
f 10072 6248 6249 10074
f 10074 10075 10035 10037
f 10074 6249 6250 10075
f 10075 6210 6211 10035
f 10075 6250 6214 6210
f 10073 10040 10076 10069
f 10073 10037 10038 10040
f 10076 6384 10066 10069
f 10076 10043 6383 6384
f 10076 10040 10041 10043
f 10068 6287 6288 6331
f 10063 10078 10077 10062
f 10063 6386 6387 10078
f 10078 10048 10049 10077
f 10078 6387 6388 10048
f 10077 10054 6420 10062
f 10077 10049 10050 10054
f 10062 6420 6419 10060
f 10055 6418 6420 10054
f 10048 6388 10044 10045
f 10044 6388 6383 10043
f 10033 6212 9906 9899
f 10020 9822 9823 10019
f 10019 10079 10015 10016
f 10019 9823 9824 10079
f 10079 10081 10080 10015
f 10079 9824 9826 10081
f 10081 10083 10082 10080
f 10081 9826 9828 10083
f 10083 10084 6448 10082
f 10083 9828 10085 10084
f 10085 6458 10086 10084
f 10085 9831 6457 6458
f 10085 9828 9829 9831
f 10086 6447 6448 10084
f 10086 10087 6451 6447
f 10086 6458 6452 10087
f 10087 10089 10088 6451
f 10087 6452 6453 10089
f 10089 10091 10090 10088
f 10089 6453 10092 10091
f 10092 9956 9960 10091
f 10092 9953 9954 9956
f 10092 6453 6454 9953
f 10091 9960 9961 10090
f 10090 10094 10093 10088
f 10090 9961 9963 10094
f 10094 10096 10095 10093
f 10094 9963 10097 10096
f 10097 10099 10098 10096
f 10097 9966 10100 10099
f 10097 9963 9964 9966
f 10100 10102 10101 10099
f 10100 10104 10103 10102
f 10100 9966 9967 10104
f 10104 9972 10105 10103
f 10104 9967 9968 9972
f 10105 6202 6199 10103
f 10105 6275 6276 6202
f 10105 9972 9973 6275
f 10103 6199 6200 10102
f 10102 6200 10106 10101
f 10106 10107 6204 6205
f 10106 6200 6195 10107
f 10106 6205 10108 10101
f 10108 6205 6206 10109
f 10108 10098 10099 10101
f 10108 10109 10110 10098
f 10110 10109 10112 10111
f 10110 10095 10096 10098
f 10110 10111 6449 10095
f 10112 6209 10114 10113
f 10112 10109 6206 6209
f 10112 10113 10115 10111
f 10115 10113 10117 10116
f 10115 6444 6449 10111
f 10115 10116 6443 6444
f 10117 10120 10119 10118
f 10117 10113 10114 10120
f 10117 10118 10121 10116
f 10121 10118 6279 6280
f 10121 10122 6443 10116
f 10121 6280 10123 10122
f 10123 10126 10125 10124
f 10123 6280 6281 10126
f 10123 10124 10127 10122
f 10127 10124 10129 10128
f 10127 6442 6443 10122
f 10127 10128 6446 6442
f 10129 10132 10131 10130
f 10129 10124 10125 10132
f 10129 10130 10133 10128
f 10133 10130 10135 10134
f 10133 10136 6446 10128
f 10133 10134 10137 10136
f 10137 10134 10010 10011
f 10137 10139 10138 10136
f 10137 10011 10013 10139
f 10139 10080 10082 10138
f 10139 10013 10015 10080
f 10138 6445 6446 10136
f 10138 10082 6448 6445
f 10135 10141 10140 10009
f 10135 10130 10131 10141
f 10135 10009 10010 10134
f 10141 10143 10142 10140
f 10141 10131 6411 10143
f 10143 10145 10144 10142
f 10143 6411 6408 10145
f 10145 10147 10146 10144
f 10145 6408 6409 10147
f 10147 6403 6400 10146
f 10147 6409 10148 6403
f 10148 10149 6356 6403
f 10148 10151 10150 10149
f 10148 6409 6405 10151
f 10151 10153 10152 10150
f 10151 6405 6406 10153
f 10153 6267 6268 10152
f 10153 6406 6269 6267
f 10152 10155 10154 10150
f 10152 6268 10156 10155
f 10156 10158 10157 10155
f 10156 10160 10159 10158
f 10156 6268 6264 10160
f 10160 10162 10161 10159
f 10160 6264 6265 10162
f 10162 10164 10163 10161
f 10162 6265 10165 10164
f 10165 6255 6251 10164
f 10165 10167 10166 6255
f 10165 6265 6261 10167
f 10167 10169 10168 10166
f 10167 6261 6262 10169
f 10169 10171 10170 10168
f 10169 6262 10172 10171
f 10172 6262 6263 10173
f 10172 10175 10174 10171
f 10172 10173 10176 10175
f 10176 10173 10178 10177
f 10176 10180 10179 10175
f 10176 10177 10181 10180
f 10181 10177 10183 10182
f 10181 10185 10184 10180
f 10181 10182 10186 10185
f 10186 10182 10188 10187
f 10186 10190 10189 10185
f 10186 10187 10191 10190
f 10191 10187 10193 10192
f 10191 10195 10194 10190
f 10191 10192 10196 10195
f 10196 10192 10198 10197
f 10196 10200 10199 10195
f 10196 10197 10201 10200
f 10201 10203 10202 10200
f 10201 10205 10204 10203
f 10203 10207 10206 10202
f 10203 10204 10208 10207
f 10209 10210 10206 10207
f 10209 6180 10211 10210
f 10209 10212 6179 6180
f 10212 10209 10207 10208
f 10211 10214 10213 10210
f 10211 10216 10215 10214
f 10211 6180 6181 10216
f 10216 6175 6178 10215
f 10216 6181 6174 6175
f 10215 6310 6311 10214
f 10215 6178 6314 6310
f 10214 6311 10217 10213
f 10217 10219 10218 10213
f 10217 10221 10220 10219
f 10217 6311 6312 10221
f 10221 10223 10222 10220
f 10221 6312 6313 10223
f 10223 6412 10224 10222
f 10223 6313 6407 6412
f 10224 10226 10225 10222
f 10224 10228 10227 10226
f 10224 6412 6413 10228
f 10228 10229 6282 10227
f 10228 6413 6414 10229
f 10229 10126 6281 6282
f 10229 6414 10125 10126
f 10227 6278 10230 10226
f 10227 6282 6277 6278
f 10230 10233 10232 10231
f 10230 6278 6273 10233
f 10230 10231 10225 10226
f 10233 10235 10234 10232
f 10233 6273 6274 10235
f 10235 10236 10184 10234
f 10235 6274 10237 10236
f 10237 10238 10179 10236
f 10237 10240 10239 10238
f 10237 6274 6270 10240
f 10240 9976 9978 10239
f 10240 6270 6271 9976
f 10239 10241 10174 10238
f 10239 9978 10242 10241
f 10242 10243 10170 10241
f 10242 9981 10244 10243
f 10242 9978 9979 9981
f 10244 10246 10245 10243
f 10244 10248 10247 10246
f 10244 9981 9982 10248
f 10248 10250 10249 10247
f 10248 9982 9983 10250
f 10250 9988 10251 10249
f 10250 9983 9985 9988
f 10251 10253 10252 10249
f 10251 9991 10254 10253
f 10251 9988 9989 9991
f 10254 10256 10255 10253
f 10254 10258 10257 10256
f 10254 9991 9992 10258
f 10258 10260 10259 10257
f 10258 9992 9993 10260
f 10260 10262 10261 10259
f 10260 9993 9995 10262
f 10262 10264 10263 10261
f 10262 9995 9997 10264
f 10264 10266 10265 10263
f 10264 9997 10267 10266
f 10267 10268 6401 10266
f 10267 10000 10269 10268
f 10267 9997 9998 10000
f 10269 10144 10146 10268
f 10269 10270 10142 10144
f 10269 10000 10001 10270
f 10270 10006 10140 10142
f 10270 10001 10002 10006
f 10268 10146 6400 6401
f 10266 6401 6402 10265
f 10265 10272 10271 10263
f 10265 6402 6404 10272
f 10272 6440 10273 10271
f 10272 6404 6439 6440
f 10273 10274 6369 6372
f 10273 6440 6441 10274
f 10273 6372 10275 10271
f 10275 6372 6370 10276
f 10275 10261 10263 10271
f 10275 10276 10259 10261
f 10276 6370 6371 10277
f 10276 10277 10257 10259
f 10277 6371 10279 10278
f 10277 10278 10256 10257
f 10279 10282 10281 10280
f 10279 6371 6367 10282
f 10279 10280 10283 10278
f 10283 10280 10285 10284
f 10283 10255 10256 10278
f 10283 10284 10286 10255
f 10286 10284 10288 10287
f 10286 10252 10253 10255
f 10286 10287 10289 10252
f 10289 10287 6259 10290
f 10289 10247 10249 10252
f 10289 10290 10246 10247
f 10290 6259 6254 10291
f 10290 10291 10245 10246
f 10291 6254 6255 10166
f 10291 10166 10168 10245
f 10288 10292 6257 6258
f 10288 10284 10285 10292
f 10288 6258 6259 10287
f 10292 10294 10293 6257
f 10292 10285 10295 10294
f 10295 10297 10296 10294
f 10295 10281 6399 10297
f 10295 10285 10280 10281
f 10297 10299 10298 10296
f 10297 6399 6395 10299
f 10299 6437 6438 10298
f 10299 6395 6396 6437
f 10298 6438 6363 6361
f 10298 6361 6362 10296
f 10296 6362 10293 10294
f 10293 6362 6359 10300
f 10293 10300 6256 6257
f 10300 6359 6360 10301
f 10300 10301 6260 6256
f 10301 10302 6188 6260
f 10301 6360 10303 10302
f 10303 10305 10304 10302
f 10303 6299 6295 10305
f 10303 6360 6357 6299
f 10305 6217 6218 10304
f 10305 6295 6222 6217
f 10304 6218 6184 6185
f 10304 6185 6188 10302
f 10282 6398 6399 10281
f 10282 6367 6368 6398
f 10274 6397 6368 6369
f 10274 6441 6396 6397
f 10245 10168 10170 10243
f 10241 10170 10171 10174
f 10238 10174 10175 10179
f 10236 10179 10180 10184
f 10234 10184 10185 10189
f 10234 10189 10306 10232
f 10306 10189 10190 10194
f 10306 10307 10231 10232
f 10306 10194 10308 10307
f 10308 10194 10195 10199
f 10308 10310 10309 10307
f 10308 10199 10311 10310
f 10311 10199 10200 10202
f 10311 10218 10219 10310
f 10311 10202 10206 10218
f 10310 10219 10220 10309
f 10309 10225 10231 10307
f 10309 10220 10222 10225
f 10218 10206 10210 10213
f 10193 10312 6182 10198
f 10193 10187 10188 10312
f 10198 10192 10193
f 10312 6173 6174 6182
f 10312 10188 6177 6173
f 10188 10182 10183 6177
f 10183 10313 6176 6177
f 10183 10177 10178 10313
f 10313 6314 6178 6176
f 10313 10178 6266 6314
f 10178 10173 6263 6266
f 10164 6251 6252 10163
f 10163 10314 6224 10161
f 10163 6252 6187 10314
f 10314 10315 6223 6224
f 10314 6187 6183 10315
f 10315 10316 6228 6223
f 10315 6183 6184 10316
f 10316 6219 6220 6228
f 10316 6184 6218 6219
f 10161 6224 6225 10159
f 10159 6225 6226 10158
f 10158 6226 10317 10157
f 10317 10320 10319 10318
f 10317 6226 6227 10320
f 10317 10318 10321 10157
f 10321 10318 6297 10322
f 10321 10154 10155 10157
f 10321 10322 10323 10154
f 10323 10322 6358 6355
f 10323 10149 10150 10154
f 10323 6355 6356 10149
f 10322 6297 6298 6358
f 10320 6220 6221 10319
f 10320 6227 6228 6220
f 10319 6221 6222 6296
f 10319 6296 6297 10318
f 10140 10006 10007 10009
f 10132 6410 6411 10131
f 10132 10125 6414 6410
f 10120 10324 6240 10119
f 10120 10114 10325 10324
f 10325 6194 6191 10324
f 10325 6207 6208 6194
f 10325 10114 6209 6207
f 10324 6191 6192 6240
f 10119 6240 6198 6203
f 10119 6203 6279 10118
f 10107 10326 6208 6204
f 10107 6195 6196 10326
f 10326 6193 6194 6208
f 10326 6196 6190 6193
f 10095 6449 6450 10093
f 10093 6450 6451 10088
f 9953 6454 6455 9949
f 9925 9884 9886 9921
f 9924 9920 6336 6339
f 9918 9886 9887 9889
f 9916 9892 6291 6294
f 9916 9889 9890 9892
f 9906 6212 6094 9905
f 9893 6290 6291 9892
f 9832 6461 6457 9831
f 9819 6426 9725 9727
f 9815 9731 9733 9736
f 9813 9739 10327 9811
f 9813 9736 9737 9739
f 10327 10328 9809 9811
f 10327 9742 10329 10328
f 10327 9739 9740 9742
f 10329 10330 9804 10328
f 10329 9745 10331 10330
f 10329 9742 9743 9745
f 10331 10332 9799 10330
f 10331 9748 10333 10332
f 10331 9745 9746 9748
f 10333 10334 9794 10332
f 10333 9751 10335 10334
f 10333 9748 9749 9751
f 10335 10336 9789 10334
f 10335 9754 10337 10336
f 10335 9751 9752 9754
f 10337 10338 9784 10336
f 10337 9757 9761 10338
f 10337 9754 9755 9757
f 10338 9779 9780 9784
f 10338 9761 9762 9779
f 10336 9784 9785 9789
f 10334 9789 9790 9794
f 10332 9794 9795 9799
f 10330 9799 9800 9804
f 10328 9804 9805 9809
f 9779 9762 9764 9775
f 9688 9307 9309 9313
f 9671 9331 9333 9670
f 9670 10339 9665 9666
f 9670 9333 9335 10339
f 10339 10341 10340 9665
f 10339 9335 9337 10341
f 10341 10343 10342 10340
f 10341 9337 10344 10343
f 10344 10345 6591 10343
f 10344 9340 10346 10345
f 10344 9337 9338 9340
f 10346 10348 10347 10345
f 10346 9343 10349 10348
f 10346 9340 9341 9343
f 10349 10351 10350 10348
f 10349 10353 10352 10351
f 10349 9343 9344 10353
f 10353 10355 10354 10352
f 10353 9344 9345 10355
f 10355 10357 10356 10354
f 10355 9345 9347 10357
f 10357 10359 10358 10356
f 10357 9347 9349 10359
f 10359 10361 10360 10358
f 10359 9349 9351 10361
f 10361 10363 10362 10360
f 10361 9351 9353 10363
f 10363 10365 10364 10362
f 10363 9353 10366 10365
f 10366 10368 10367 10365
f 10366 9356 10369 10368
f 10366 9353 9354 9356
f 10369 10371 10370 10368
f 10369 9359 10372 10371
f 10369 9356 9357 9359
f 10372 10374 10373 10371
f 10372 9363 9365 10374
f 10372 9359 9360 9363
f 10374 10376 10375 10373
f 10374 9365 9367 10376
f 10376 10378 10377 10375
f 10376 9367 9369 10378
f 10378 9374 10379 10377
f 10378 9369 9371 9374
f 10379 10381 10380 10377
f 10379 9377 10382 10381
f 10379 9374 9375 9377
f 10382 10384 10383 10381
f 10382 9380 10385 10384
f 10382 9377 9378 9380
f 10385 10387 10386 10384
f 10385 9383 10388 10387
f 10385 9380 9381 9383
f 10388 10390 10389 10387
f 10388 9386 10391 10390
f 10388 9383 9384 9386
f 10391 10393 10392 10390
f 10391 9389 10394 10393
f 10391 9386 9387 9389
f 10394 10396 10395 10393
f 10394 9392 10397 10396
f 10394 9389 9390 9392
f 10397 10399 10398 10396
f 10397 9395 10400 10399
f 10397 9392 9393 9395
f 10400 10402 10401 10399
f 10400 9398 10403 10402
f 10400 9395 9396 9398
f 10403 10405 10404 10402
f 10403 9401 10406 10405
f 10403 9398 9399 9401
f 10406 10408 10407 10405
f 10406 9404 10409 10408
f 10406 9401 9402 9404
f 10409 10411 10410 10408
f 10409 10413 10412 10411
f 10409 9404 9405 10413
f 10413 10415 10414 10412
f 10413 9405 9406 10415
f 10415 10417 10416 10414
f 10415 9406 9408 10417
f 10417 10419 10418 10416
f 10417 9408 9410 10419
f 10419 10421 10420 10418
f 10419 9410 9412 10421
f 10421 10423 10422 10420
f 10421 9412 9414 10423
f 10423 10425 10424 10422
f 10423 9414 9416 10425
f 10425 9422 9424 10424
f 10425 9416 9418 9422
f 10424 10427 10426 10422
f 10424 9424 9426 10427
f 10427 10429 10428 10426
f 10427 9426 9428 10429
f 10429 10431 10430 10428
f 10429 9428 9430 10431
f 10431 10433 10432 10430
f 10431 9430 9432 10433
f 10433 10435 10434 10432
f 10433 9432 9434 10435
f 10435 10437 10436 10434
f 10435 9434 9436 10437
f 10437 10439 10438 10436
f 10437 9436 9438 10439
f 10439 10441 10440 10438
f 10439 9438 9440 10441
f 10441 10443 10442 10440
f 10441 9440 9442 10443
f 10443 10445 10444 10442
f 10443 9442 9444 10445
f 10445 10447 10446 10444
f 10445 9444 9446 10447
f 10447 10449 10448 10446
f 10447 9446 9448 10449
f 10449 10451 10450 10448
f 10449 9448 9450 10451
f 10451 10453 10452 10450
f 10451 9450 9452 10453
f 10453 10455 10454 10452
f 10453 9452 9454 10455
f 10455 10457 10456 10454
f 10455 9454 9456 10457
f 10457 10459 10458 10456
f 10457 9456 9458 10459
f 10459 10461 10460 10458
f 10459 9458 9460 10461
f 10461 10463 10462 10460
f 10461 9460 9462 10463
f 10463 10465 10464 10462
f 10463 9462 9464 10465
f 10465 10467 10466 10464
f 10465 9464 9466 10467
f 10467 10469 10468 10466
f 10467 9466 9468 10469
f 10469 10471 10470 10468
f 10469 9468 9470 10471
f 10471 10473 10472 10470
f 10471 9470 9472 10473
f 10473 10475 10474 10472
f 10473 9472 9474 10475
f 10475 10477 10476 10474
f 10475 9474 9476 10477
f 10477 10479 10478 10476
f 10477 9476 9478 10479
f 10479 10481 10480 10478
f 10479 9478 9480 10481
f 10481 10483 10482 10480
f 10481 9480 9482 10483
f 10483 10485 10484 10482
f 10483 9482 9484 10485
f 10485 10487 10486 10484
f 10485 9484 9486 10487
f 10487 10489 10488 10486
f 10487 9486 9488 10489
f 10489 10490 9507 10488
f 10489 9488 9490 10490
f 10490 9504 9505 9507
f 10490 9490 9492 9504
f 10488 9507 9508 9510
f 10488 9510 10491 10486
f 10491 9510 9511 9513
f 10491 10492 10484 10486
f 10491 9513 10493 10492
f 10493 9513 9514 9516
f 10493 10495 10494 10492
f 10493 9516 10496 10495
f 10496 9516 9517 9519
f 10496 10498 10497 10495
f 10496 9519 10499 10498
f 10499 9519 9520 9522
f 10499 10501 10500 10498
f 10499 9522 10502 10501
f 10502 9522 9523 9525
f 10502 10504 10503 10501
f 10502 9525 10505 10504
f 10505 9525 9526 9528
f 10505 10507 10506 10504
f 10505 9528 10508 10507
f 10508 9528 9529 9531
f 10508 10510 10509 10507
f 10508 9531 10511 10510
f 10511 9531 9532 9534
f 10511 10513 10512 10510
f 10511 9534 10514 10513
f 10514 9534 9535 9537
f 10514 10516 10515 10513
f 10514 9537 10517 10516
f 10517 9537 9538 9540
f 10517 10519 10518 10516
f 10517 9540 10520 10519
f 10520 9540 9541 9543
f 10520 10522 10521 10519
f 10520 9543 10523 10522
f 10523 9543 9544 9546
f 10523 10525 10524 10522
f 10523 9546 10526 10525
f 10526 9546 9547 9549
f 10526 10528 10527 10525
f 10526 9549 10529 10528
f 10529 9549 9550 9552
f 10529 10531 10530 10528
f 10529 9552 9559 10531
f 10531 10533 10532 10530
f 10531 9559 9560 10533
f 10533 10535 10534 10532
f 10533 9560 9561 10535
f 10535 10537 10536 10534
f 10535 9561 9563 10537
f 10537 10539 10538 10536
f 10537 9563 9565 10539
f 10539 10541 10540 10538
f 10539 9565 10542 10541
f 10542 9565 9566 9569
f 10542 10544 10543 10541
f 10542 9569 10545 10544
f 10545 9569 9570 9574
f 10545 10547 10546 10544
f 10545 9574 10548 10547
f 10548 9574 9575 9579
f 10548 10550 10549 10547
f 10548 9579 10551 10550
f 10551 9579 9580 9584
f 10551 10553 10552 10550
f 10551 9584 10554 10553
f 10554 9584 9585 9588
f 10554 10556 10555 10553
f 10554 9588 10557 10556
f 10557 9588 9589 9593
f 10557 10559 10558 10556
f 10557 9593 10560 10559
f 10560 9593 9594 9598
f 10560 10562 10561 10559
f 10560 9598 10563 10562
f 10563 9598 9599 9603
f 10563 10565 10564 10562
f 10563 9603 10566 10565
f 10566 9603 9604 9608
f 10566 10568 10567 10565
f 10566 9608 10569 10568
f 10569 9608 9609 9613
f 10569 10571 10570 10568
f 10569 9613 10572 10571
f 10572 9613 9614 9618
f 10572 10574 10573 10571
f 10572 9618 10575 10574
f 10575 9618 9619 9623
f 10575 10577 10576 10574
f 10575 9623 10578 10577
f 10578 9623 9624 9628
f 10578 10580 10579 10577
f 10578 9628 10581 10580
f 10581 9628 9629 9633
f 10581 10583 10582 10580
f 10581 9633 10584 10583
f 10584 9633 9634 9638
f 10584 10586 10585 10583
f 10584 9638 10587 10586
f 10587 9638 9639 9643
f 10587 10589 10588 10586
f 10587 9643 10590 10589
f 10590 9643 9644 9646
f 10590 10592 10591 10589
f 10590 9646 10593 10592
f 10593 9646 9647 9650
f 10593 10595 10594 10592
f 10593 9650 10596 10595
f 10596 9650 9651 9655
f 10596 10598 10597 10595
f 10596 9655 10599 10598
f 10599 9655 9656 9660
f 10599 10342 6592 10598
f 10599 9660 10340 10342
f 10598 6592 6593 10597
f 10597 10600 10594 10595
f 10597 6593 10601 10600
f 10601 10350 10602 10600
f 10601 10347 10348 10350
f 10601 6593 6590 10347
f 10602 10603 10594 10600
f 10602 10605 10604 10603
f 10602 10350 10351 10605
f 10605 10607 10606 10604
f 10605 10351 10352 10607
f 10607 10609 10608 10606
f 10607 10352 10354 10609
f 10609 10611 10610 10608
f 10609 10354 10356 10611
f 10611 10613 10612 10610
f 10611 10356 10358 10613
f 10613 10615 10614 10612
f 10613 10358 10360 10615
f 10615 10617 10616 10614
f 10615 10360 10362 10617
f 10617 10619 10618 10616
f 10617 10362 10364 10619
f 10619 10621 10620 10618
f 10619 10364 10622 10621
f 10622 10624 10623 10621
f 10622 10367 10625 10624
f 10622 10364 10365 10367
f 10625 10627 10626 10624
f 10625 10370 10628 10627
f 10625 10367 10368 10370
f 10628 10630 10629 10627
f 10628 10373 10375 10630
f 10628 10370 10371 10373
f 10630 10380 10631 10629
f 10630 10375 10377 10380
f 10631 10633 10632 10629
f 10631 10383 10634 10633
f 10631 10380 10381 10383
f 10634 10636 10635 10633
f 10634 10386 10637 10636
f 10634 10383 10384 10386
f 10637 10639 10638 10636
f 10637 10389 10640 10639
f 10637 10386 10387 10389
f 10640 10642 10641 10639
f 10640 10392 10643 10642
f 10640 10389 10390 10392
f 10643 10645 10644 10642
f 10643 10395 10646 10645
f 10643 10392 10393 10395
f 10646 10648 10647 10645
f 10646 10398 10649 10648
f 10646 10395 10396 10398
f 10649 10651 10650 10648
f 10649 10401 10652 10651
f 10649 10398 10399 10401
f 10652 10654 10653 10651
f 10652 10404 10655 10654
f 10652 10401 10402 10404
f 10655 10657 10656 10654
f 10655 10407 10658 10657
f 10655 10404 10405 10407
f 10658 10660 10659 10657
f 10658 10410 10661 10660
f 10658 10407 10408 10410
f 10661 10663 10662 10660
f 10661 10665 10664 10663
f 10661 10410 10411 10665
f 10665 10667 10666 10664
f 10665 10411 10412 10667
f 10667 10669 10668 10666
f 10667 10412 10414 10669
f 10669 10671 10670 10668
f 10669 10414 10416 10671
f 10671 10673 10672 10670
f 10671 10416 10418 10673
f 10673 10675 10674 10672
f 10673 10418 10420 10675
f 10675 10426 10428 10674
f 10675 10420 10422 10426
f 10674 10677 10676 10672
f 10674 10428 10430 10677
f 10677 10679 10678 10676
f 10677 10430 10432 10679
f 10679 10681 10680 10678
f 10679 10432 10434 10681
f 10681 10683 10682 10680
f 10681 10434 10436 10683
f 10683 10685 10684 10682
f 10683 10436 10438 10685
f 10685 10687 10686 10684
f 10685 10438 10440 10687
f 10687 10689 10688 10686
f 10687 10440 10442 10689
f 10689 10691 10690 10688
f 10689 10442 10444 10691
f 10691 10693 10692 10690
f 10691 10444 10446 10693
f 10693 10695 10694 10692
f 10693 10446 10448 10695
f 10695 10697 10696 10694
f 10695 10448 10450 10697
f 10697 10699 10698 10696
f 10697 10450 10452 10699
f 10699 10701 10700 10698
f 10699 10452 10454 10701
f 10701 10703 10702 10700
f 10701 10454 10456 10703
f 10703 10705 10704 10702
f 10703 10456 10458 10705
f 10705 10707 10706 10704
f 10705 10458 10460 10707
f 10707 10709 10708 10706
f 10707 10460 10462 10709
f 10709 10711 10710 10708
f 10709 10462 10464 10711
f 10711 10713 10712 10710
f 10711 10464 10466 10713
f 10713 10715 10714 10712
f 10713 10466 10468 10715
f 10715 10717 10716 10714
f 10715 10468 10470 10717
f 10717 10719 10718 10716
f 10717 10470 10472 10719
f 10719 10721 10720 10718
f 10719 10472 10474 10721
f 10721 10723 10722 10720
f 10721 10474 10476 10723
f 10723 10725 10724 10722
f 10723 10476 10478 10725
f 10725 10726 10497 10724
f 10725 10478 10480 10726
f 10726 10494 10495 10497
f 10726 10480 10482 10494
f 10724 10497 10498 10500
f 10724 10500 10727 10722
f 10727 10500 10501 10503
f 10727 10728 10720 10722
f 10727 10503 10729 10728
f 10729 10503 10504 10506
f 10729 10731 10730 10728
f 10729 10506 10732 10731
f 10732 10506 10507 10509
f 10732 10734 10733 10731
f 10732 10509 10735 10734
f 10735 10509 10510 10512
f 10735 10737 10736 10734
f 10735 10512 10738 10737
f 10738 10512 10513 10515
f 10738 10740 10739 10737
f 10738 10515 10741 10740
f 10741 10515 10516 10518
f 10741 10743 10742 10740
f 10741 10518 10744 10743
f 10744 10518 10519 10521
f 10744 10746 10745 10743
f 10744 10521 10747 10746
f 10747 10521 10522 10524
f 10747 10749 10748 10746
f 10747 10524 10750 10749
f 10750 10524 10525 10527
f 10750 10752 10751 10749
f 10750 10527 10753 10752
f 10753 10527 10528 10530
f 10753 10755 10754 10752
f 10753 10530 10532 10755
f 10755 10757 10756 10754
f 10755 10532 10534 10757
f 10757 10759 10758 10756
f 10757 10534 10536 10759
f 10759 10761 10760 10758
f 10759 10536 10538 10761
f 10761 10763 10762 10760
f 10761 10538 10540 10763
f 10763 10765 10764 10762
f 10763 10540 10766 10765
f 10766 10540 10541 10543
f 10766 10768 10767 10765
f 10766 10543 10769 10768
f 10769 10543 10544 10546
f 10769 10771 10770 10768
f 10769 10546 10772 10771
f 10772 10546 10547 10549
f 10772 10774 10773 10771
f 10772 10549 10775 10774
f 10775 10549 10550 10552
f 10775 10777 10776 10774
f 10775 10552 10778 10777
f 10778 10552 10553 10555
f 10778 10780 10779 10777
f 10778 10555 10781 10780
f 10781 10555 10556 10558
f 10781 10783 10782 10780
f 10781 10558 10784 10783
f 10784 10558 10559 10561
f 10784 10786 10785 10783
f 10784 10561 10787 10786
f 10787 10561 10562 10564
f 10787 10789 10788 10786
f 10787 10564 10790 10789
f 10790 10564 10565 10567
f 10790 10792 10791 10789
f 10790 10567 10793 10792
f 10793 10567 10568 10570
f 10793 10795 10794 10792
f 10793 10570 10796 10795
f 10796 10570 10571 10573
f 10796 10798 10797 10795
f 10796 10573 10799 10798
f 10799 10573 10574 10576
f 10799 10801 10800 10798
f 10799 10576 10802 10801
f 10802 10576 10577 10579
f 10802 10804 10803 10801
f 10802 10579 10805 10804
f 10805 10579 10580 10582
f 10805 10807 10806 10804
f 10805 10582 10808 10807
f 10808 10582 10583 10585
f 10808 10810 10809 10807
f 10808 10585 10811 10810
f 10811 10585 10586 10588
f 10811 10813 10812 10810
f 10811 10588 10814 10813
f 10814 10588 10589 10591
f 10814 10604 10606 10813
f 10814 10591 10603 10604
f 10813 10606 10608 10812
f 10812 10815 10809 10810
f 10812 10608 10610 10815
f 10815 10817 10816 10809
f 10815 10610 10612 10817
f 10817 10819 10818 10816
f 10817 10612 10614 10819
f 10819 10821 10820 10818
f 10819 10614 10616 10821
f 10821 10823 10822 10820
f 10821 10616 10618 10823
f 10823 10825 10824 10822
f 10823 10618 10620 10825
f 10825 10827 10826 10824
f 10825 10620 10828 10827
f 10828 10830 10829 10827
f 10828 10623 10831 10830
f 10828 10620 10621 10623
f 10831 10833 10832 10830
f 10831 10626 10632 10833
f 10831 10623 10624 10626
f 10833 10635 10834 10832
f 10833 10632 10633 10635
f 10834 10836 10835 10832
f 10834 10638 10837 10836
f 10834 10635 10636 10638
f 10837 10839 10838 10836
f 10837 10641 10840 10839
f 10837 10638 10639 10641
f 10840 10842 10841 10839
f 10840 10644 10843 10842
f 10840 10641 10642 10644
f 10843 10845 10844 10842
f 10843 10647 10846 10845
f 10843 10644 10645 10647
f 10846 10848 10847 10845
f 10846 10650 10849 10848
f 10846 10647 10648 10650
f 10849 10851 10850 10848
f 10849 10653 10852 10851
f 10849 10650 10651 10653
f 10852 10854 10853 10851
f 10852 10656 10855 10854
f 10852 10653 10654 10656
f 10855 10857 10856 10854
f 10855 10659 10858 10857
f 10855 10656 10657 10659
f 10858 10860 10859 10857
f 10858 10662 10861 10860
f 10858 10659 10660 10662
f 10861 10863 10862 10860
f 10861 10865 10864 10863
f 10861 10662 10663 10865
f 10865 10867 10866 10864
f 10865 10663 10664 10867
f 10867 10869 10868 10866
f 10867 10664 10666 10869
f 10869 10871 10870 10868
f 10869 10666 10668 10871
f 10871 10873 10872 10870
f 10871 10668 10670 10873
f 10873 10676 10678 10872
f 10873 10670 10672 10676
f 10872 10875 10874 10870
f 10872 10678 10680 10875
f 10875 10877 10876 10874
f 10875 10680 10682 10877
f 10877 10879 10878 10876
f 10877 10682 10684 10879
f 10879 10881 10880 10878
f 10879 10684 10686 10881
f 10881 10883 10882 10880
f 10881 10686 10688 10883
f 10883 10885 10884 10882
f 10883 10688 10690 10885
f 10885 10887 10886 10884
f 10885 10690 10692 10887
f 10887 10889 10888 10886
f 10887 10692 10694 10889
f 10889 10891 10890 10888
f 10889 10694 10696 10891
f 10891 10893 10892 10890
f 10891 10696 10698 10893
f 10893 10895 10894 10892
f 10893 10698 10700 10895
f 10895 10897 10896 10894
f 10895 10700 10702 10897
f 10897 10899 10898 10896
f 10897 10702 10704 10899
f 10899 10901 10900 10898
f 10899 10704 10706 10901
f 10901 10903 10902 10900
f 10901 10706 10708 10903
f 10903 10905 10904 10902
f 10903 10708 10710 10905
f 10905 10907 10906 10904
f 10905 10710 10712 10907
f 10907 10909 10908 10906
f 10907 10712 10714 10909
f 10909 10910 10733 10908
f 10909 10714 10716 10910
f 10910 10730 10731 10733
f 10910 10716 10718 10730
f 10908 10733 10734 10736
f 10908 10736 10911 10906
f 10911 10736 10737 10739
f 10911 10912 10904 10906
f 10911 10739 10913 10912
f 10913 10739 10740 10742
f 10913 10915 10914 10912
f 10913 10742 10916 10915
f 10916 10742 10743 10745
f 10916 10918 10917 10915
f 10916 10745 10919 10918
f 10919 10745 10746 10748
f 10919 10921 10920 10918
f 10919 10748 10922 10921
f 10922 10748 10749 10751
f 10922 10924 10923 10921
f 10922 10751 10925 10924
f 10925 10751 10752 10754
f 10925 10927 10926 10924
f 10925 10754 10756 10927
f 10927 10929 10928 10926
f 10927 10756 10758 10929
f 10929 10931 10930 10928
f 10929 10758 10760 10931
f 10931 10933 10932 10930
f 10931 10760 10762 10933
f 10933 10935 10934 10932
f 10933 10762 10764 10935
f 10935 10937 10936 10934
f 10935 10764 10938 10937
f 10938 10764 10765 10767
f 10938 10940 10939 10937
f 10938 10767 10941 10940
f 10941 10767 10768 10770
f 10941 10943 10942 10940
f 10941 10770 10944 10943
f 10944 10770 10771 10773
f 10944 10946 10945 10943
f 10944 10773 10947 10946
f 10947 10773 10774 10776
f 10947 10949 10948 10946
f 10947 10776 10950 10949
f 10950 10776 10777 10779
f 10950 10952 10951 10949
f 10950 10779 10953 10952
f 10953 10779 10780 10782
f 10953 10955 10954 10952
f 10953 10782 10956 10955
f 10956 10782 10783 10785
f 10956 10958 10957 10955
f 10956 10785 10959 10958
f 10959 10785 10786 10788
f 10959 10961 10960 10958
f 10959 10788 10962 10961
f 10962 10788 10789 10791
f 10962 10964 10963 10961
f 10962 10791 10965 10964
f 10965 10791 10792 10794
f 10965 10967 10966 10964
f 10965 10794 10968 10967
f 10968 10794 10795 10797
f 10968 10970 10969 10967
f 10968 10797 10971 10970
f 10971 10797 10798 10800
f 10971 10973 10972 10970
f 10971 10800 10974 10973
f 10974 10800 10801 10803
f 10974 10976 10975 10973
f 10974 10803 10977 10976
f 10977 10803 10804 10806
f 10977 10818 10820 10976
f 10977 10806 10816 10818
f 10976 10820 10822 10975
f 10975 10978 10972 10973
f 10975 10822 10824 10978
f 10978 10980 10979 10972
f 10978 10824 10826 10980
f 10980 10982 10981 10979
f 10980 10826 10983 10982
f 10983 10985 10984 10982
f 10983 10829 10835 10985
f 10983 10826 10827 10829
f 10985 10838 10986 10984
f 10985 10835 10836 10838
f 10986 10988 10987 10984
f 10986 10841 10989 10988
f 10986 10838 10839 10841
f 10989 10991 10990 10988
f 10989 10844 10992 10991
f 10989 10841 10842 10844
f 10992 10994 10993 10991
f 10992 10847 10995 10994
f 10992 10844 10845 10847
f 10995 10997 10996 10994
f 10995 10850 10998 10997
f 10995 10847 10848 10850
f 10998 11000 10999 10997
f 10998 10853 11001 11000
f 10998 10850 10851 10853
f 11001 11003 11002 11000
f 11001 10856 11004 11003
f 11001 10853 10854 10856
f 11004 11006 11005 11003
f 11004 10859 11007 11006
f 11004 10856 10857 10859
f 11007 11009 11008 11006
f 11007 10862 11010 11009
f 11007 10859 10860 10862
f 11010 11012 11011 11009
f 11010 11014 11013 11012
f 11010 10862 10863 11014
f 11014 11016 11015 11013
f 11014 10863 10864 11016
f 11016 11018 11017 11015
f 11016 10864 10866 11018
f 11018 11020 11019 11017
f 11018 10866 10868 11020
f 11020 10874 10876 11019
f 11020 10868 10870 10874
f 11019 11022 11021 11017
f 11019 10876 10878 11022
f 11022 11024 11023 11021
f 11022 10878 10880 11024
f 11024 11026 11025 11023
f 11024 10880 10882 11026
f 11026 11028 11027 11025
f 11026 10882 10884 11028
f 11028 11030 11029 11027
f 11028 10884 10886 11030
f 11030 11032 11031 11029
f 11030 10886 10888 11032
f 11032 11034 11033 11031
f 11032 10888 10890 11034
f 11034 11036 11035 11033
f 11034 10890 10892 11036
f 11036 11038 11037 11035
f 11036 10892 10894 11038
f 11038 11040 11039 11037
f 11038 10894 10896 11040
f 11040 11042 11041 11039
f 11040 10896 10898 11042
f 11042 11043 10917 11041
f 11042 10898 10900 11043
f 11043 10914 10915 10917
f 11043 10900 10902 10914
f 11041 10917 10918 10920
f 11041 10920 11044 11039
f 11044 10920 10921 10923
f 11044 11045 11037 11039
f 11044 10923 11046 11045
f 11046 10923 10924 10926
f 11046 11048 11047 11045
f 11046 10926 10928 11048
f 11048 11050 11049 11047
f 11048 10928 10930 11050
f 11050 11052 11051 11049
f 11050 10930 10932 11052
f 11052 11054 11053 11051
f 11052 10932 10934 11054
f 11054 11056 11055 11053
f 11054 10934 10936 11056
f 11056 11058 11057 11055
f 11056 10936 11059 11058
f 11059 10936 10937 10939
f 11059 11061 11060 11058
f 11059 10939 11062 11061
f 11062 10939 10940 10942
f 11062 11064 11063 11061
f 11062 10942 11065 11064
f 11065 10942 10943 10945
f 11065 11066 11011 11064
f 11065 10945 11067 11066
f 11067 10945 10946 10948
f 11067 11068 11008 11066
f 11067 10948 11069 11068
f 11069 10948 10949 10951
f 11069 11070 11005 11068
f 11069 10951 11071 11070
f 11071 10951 10952 10954
f 11071 11072 11002 11070
f 11071 10954 11073 11072
f 11073 10954 10955 10957
f 11073 11074 10999 11072
f 11073 10957 11075 11074
f 11075 10957 10958 10960
f 11075 11076 10996 11074
f 11075 10960 11077 11076
f 11077 10960 10961 10963
f 11077 11078 10993 11076
f 11077 10963 11079 11078
f 11079 10963 10964 10966
f 11079 11080 10990 11078
f 11079 10966 11081 11080
f 11081 10966 10967 10969
f 11081 10981 10987 11080
f 11081 10969 10979 10981
f 11080 10987 10988 10990
f 11078 10990 10991 10993
f 11076 10993 10994 10996
f 11074 10996 10997 10999
f 11072 10999 11000 11002
f 11070 11002 11003 11005
f 11068 11005 11006 11008
f 11066 11008 11009 11011
f 11064 11011 11012 11063
f 11063 11082 11060 11061
f 11063 11012 11013 11082
f 11082 11084 11083 11060
f 11082 11013 11015 11084
f 11084 11021 11023 11083
f 11084 11015 11017 11021
f 11083 11057 11058 11060
f 11083 11023 11025 11057
f 11057 11025 11027 11055
f 11055 11027 11029 11053
f 11053 11029 11031 11051
f 11051 11031 11033 11049
f 11049 11033 11035 11047
f 11047 11035 11037 11045
f 10987 10981 10982 10984
f 10979 10969 10970 10972
f 10914 10902 10904 10912
f 10835 10829 10830 10832
f 10816 10806 10807 10809
f 10730 10718 10720 10728
f 10632 10626 10627 10629
f 10603 10591 10592 10594
f 10494 10482 10484 10492
f 10347 6590 6591 10345
f 10343 6591 6592 10342
f 10340 9660 9661 9665
f 9654 9649 6552 6553
f 9642 6545 6546 9641
f 9592 9587 6682 6683
f 9583 6681 6682 9582
f 9573 9568 6691 6692
f 9559 9552 9553 9555
f 9504 9492 9494 9502
f 9268 11086 11085 8899
f 9268 9262 9263 11086
f 9268 8899 8900 9267
f 11086 11087 8887 11085
f 11086 9263 11088 11087
f 11088 11089 8882 11087
f 11088 9258 11090 11089
f 11088 9263 9257 9258
f 11090 11091 8878 11089
f 11090 9253 11092 11091
f 11090 9258 9252 9253
f 11092 11094 11093 11091
f 11092 9248 11095 11094
f 11092 9253 9247 9248
f 11095 11097 11096 11094
f 11095 9243 11098 11097
f 11095 9248 9242 9243
f 11098 11100 11099 11097
f 11098 9238 11101 11100
f 11098 9243 9237 9238
f 11101 11103 11102 11100
f 11101 9233 11104 11103
f 11101 9238 9232 9233
f 11104 11106 11105 11103
f 11104 9228 11107 11106
f 11104 9233 9227 9228
f 11107 11109 11108 11106
f 11107 9223 11110 11109
f 11107 9228 9222 9223
f 11110 11112 11111 11109
f 11110 9218 11113 11112
f 11110 9223 9217 9218
f 11113 11115 11114 11112
f 11113 9213 11116 11115
f 11113 9218 9212 9213
f 11116 11118 11117 11115
f 11116 9208 11119 11118
f 11116 9213 9207 9208
f 11119 11121 11120 11118
f 11119 9203 11122 11121
f 11119 9208 9202 9203
f 11122 11124 11123 11121
f 11122 9198 11125 11124
f 11122 9203 9197 9198
f 11125 11127 11126 11124
f 11125 9193 11128 11127
f 11125 9198 9192 9193
f 11128 11130 11129 11127
f 11128 9188 11131 11130
f 11128 9193 9187 9188
f 11131 11133 11132 11130
f 11131 9183 11134 11133
f 11131 9188 9182 9183
f 11134 11136 11135 11133
f 11134 9178 11137 11136
f 11134 9183 9177 9178
f 11137 11139 11138 11136
f 11137 9173 11140 11139
f 11137 9178 9172 9173
f 11140 11142 11141 11139
f 11140 9168 11143 11142
f 11140 9173 9167 9168
f 11143 11145 11144 11142
f 11143 9163 11146 11145
f 11143 9168 9162 9163
f 11146 11148 11147 11145
f 11146 9158 11149 11148
f 11146 9163 9157 9158
f 11149 11151 11150 11148
f 11149 9153 11152 11151
f 11149 9158 9152 9153
f 11152 11154 11153 11151
f 11152 9148 11155 11154
f 11152 9153 9147 9148
f 11155 11157 11156 11154
f 11155 9144 11158 11157
f 11155 9148 9143 9144
f 11158 11160 11159 11157
f 11158 9141 11161 11160
f 11158 9144 9140 9141
f 11161 11163 11162 11160
f 11161 6706 11164 11163
f 11161 9141 6705 6706
f 11164 11166 11165 11163
f 11164 11168 11167 11166
f 11164 6706 6163 11168
f 11168 11170 11169 11167
f 11168 6163 6700 11170
f 11170 11172 11171 11169
f 11170 6700 11173 11172
f 11173 6700 6701 8726
f 11173 11175 11174 11172
f 11173 8726 8728 11175
f 11175 11177 11176 11174
f 11175 8728 8730 11177
f 11177 11179 11178 11176
f 11177 8730 8732 11179
f 11179 11181 11180 11178
f 11179 8732 8734 11181
f 11181 11183 11182 11180
f 11181 8734 8736 11183
f 11183 8742 8744 11182
f 11183 8736 8738 8742
f 11182 11185 11184 11180
f 11182 8744 8746 11185
f 11185 11187 11186 11184
f 11185 8746 11188 11187
f 11188 11190 11189 11187
f 11188 8749 11191 11190
f 11188 8746 8747 8749
f 11191 11193 11192 11190
f 11191 8752 11194 11193
f 11191 8749 8750 8752
f 11194 11196 11195 11193
f 11194 11198 11197 11196
f 11194 8752 8753 11198
f 11198 11200 11199 11197
f 11198 8753 8754 11200
f 11200 11202 11201 11199
f 11200 8754 8756 11202
f 11202 11204 11203 11201
f 11202 8756 8758 11204
f 11204 11206 11205 11203
f 11204 8758 8760 11206
f 11206 11208 11207 11205
f 11206 8760 8762 11208
f 11208 11210 11209 11207
f 11208 8762 11211 11210
f 11211 8762 8763 8765
f 11211 11213 11212 11210
f 11211 8765 11214 11213
f 11214 8765 8766 8768
f 11214 11216 11215 11213
f 11214 8768 11217 11216
f 11217 8768 8769 8771
f 11217 6648 11218 11216
f 11217 8771 6647 6648
f 11218 11219 11215 11216
f 11218 11221 11220 11219
f 11218 6648 6649 11221
f 11221 11223 11222 11220
f 11221 6649 6650 11223
f 11223 11225 11224 11222
f 11223 6650 11226 11225
f 11226 6650 6651 11227
f 11226 11229 11228 11225
f 11226 11227 11230 11229
f 11230 11227 11232 11231
f 11230 11234 11233 11229
f 11230 11231 11235 11234
f 11235 11231 8775 6641
f 11235 11237 11236 11234
f 11235 6641 6642 11237
f 11237 11239 11238 11236
f 11237 6642 6646 11239
f 11239 6669 6670 11238
f 11239 6646 11240 6669
f 11240 6646 6643 11241
f 11240 11242 6668 6669
f 11240 11241 11243 11242
f 11243 11241 11245 11244
f 11243 11247 11246 11242
f 11243 11244 11248 11247
f 11248 11244 11250 11249
f 11248 11252 11251 11247
f 11248 11249 11253 11252
f 11253 11249 11255 11254
f 11253 11257 11256 11252
f 11253 11254 11258 11257
f 11258 11254 11260 11259
f 11258 11262 11261 11257
f 11258 11259 11263 11262
f 11263 11259 11265 11264
f 11263 11267 11266 11262
f 11263 11264 11268 11267
f 11268 11264 11270 11269
f 11268 11272 11271 11267
f 11268 11269 11273 11272
f 11273 11269 11275 11274
f 11273 11277 11276 11272
f 11273 11274 11278 11277
f 11278 11274 11280 11279
f 11278 11282 11281 11277
f 11278 11279 8841 11282
f 11282 11284 11283 11281
f 11282 8841 8842 11284
f 11284 11286 11285 11283
f 11284 8842 8843 11286
f 11286 11288 11287 11285
f 11286 8843 8845 11288
f 11288 11290 11289 11287
f 11288 8845 8847 11290
f 11290 11292 11291 11289
f 11290 8847 8849 11292
f 11292 11294 11293 11291
f 11292 8849 8851 11294
f 11294 11295 11117 11293
f 11294 8851 11296 11295
f 11296 8851 8852 8854
f 11296 11297 11114 11295
f 11296 8854 11298 11297
f 11298 8854 8855 8857
f 11298 11299 11111 11297
f 11298 8857 11300 11299
f 11300 8857 8858 8860
f 11300 11301 11108 11299
f 11300 8860 11302 11301
f 11302 8860 8861 8863
f 11302 11303 11105 11301
f 11302 8863 11304 11303
f 11304 8863 8864 8866
f 11304 11305 11102 11303
f 11304 8866 11306 11305
f 11306 8866 8867 8869
f 11306 11307 11099 11305
f 11306 8869 11308 11307
f 11308 8869 8870 8872
f 11308 11309 11096 11307
f 11308 8872 8874 11309
f 11309 11093 11094 11096
f 11309 8874 8876 11093
f 11307 11096 11097 11099
f 11305 11099 11100 11102
f 11303 11102 11103 11105
f 11301 11105 11106 11108
f 11299 11108 11109 11111
f 11297 11111 11112 11114
f 11295 11114 11115 11117
f 11293 11120 11310 11291
f 11293 11117 11118 11120
f 11310 11311 11289 11291
f 11310 11123 11312 11311
f 11310 11120 11121 11123
f 11312 11314 11313 11311
f 11312 11126 11315 11314
f 11312 11123 11124 11126
f 11315 11317 11316 11314
f 11315 11129 11318 11317
f 11315 11126 11127 11129
f 11318 11320 11319 11317
f 11318 11132 11321 11320
f 11318 11129 11130 11132
f 11321 11323 11322 11320
f 11321 11135 11324 11323
f 11321 11132 11133 11135
f 11324 11326 11325 11323
f 11324 11138 11327 11326
f 11324 11135 11136 11138
f 11327 11329 11328 11326
f 11327 11141 11330 11329
f 11327 11138 11139 11141
f 11330 11332 11331 11329
f 11330 11144 11333 11332
f 11330 11141 11142 11144
f 11333 11335 11334 11332
f 11333 11147 11336 11335
f 11333 11144 11145 11147
f 11336 11338 11337 11335
f 11336 11150 11339 11338
f 11336 11147 11148 11150
f 11339 11341 11340 11338
f 11339 11153 11342 11341
f 11339 11150 11151 11153
f 11342 11344 11343 11341
f 11342 11156 11345 11344
f 11342 11153 11154 11156
f 11345 11347 11346 11344
f 11345 11159 11348 11347
f 11345 11156 11157 11159
f 11348 11350 11349 11347
f 11348 11162 11351 11350
f 11348 11159 11160 11162
f 11351 11353 11352 11350
f 11351 11165 11354 11353
f 11351 11162 11163 11165
f 11354 11356 11355 11353
f 11354 11358 11357 11356
f 11354 11165 11166 11358
f 11358 11360 11359 11357
f 11358 11166 11167 11360
f 11360 11362 11361 11359
f 11360 11167 11169 11362
f 11362 11364 11363 11361
f 11362 11169 11171 11364
f 11364 11366 11365 11363
f 11364 11171 11367 11366
f 11367 11171 11172 11174
f 11367 11369 11368 11366
f 11367 11174 11176 11369
f 11369 11371 11370 11368
f 11369 11176 11178 11371
f 11371 11184 11186 11370
f 11371 11178 11180 11184
f 11370 11373 11372 11368
f 11370 11186 11374 11373
f 11374 11376 11375 11373
f 11374 11189 11377 11376
f 11374 11186 11187 11189
f 11377 11379 11378 11376
f 11377 11192 11380 11379
f 11377 11189 11190 11192
f 11380 11382 11381 11379
f 11380 11195 11383 11382
f 11380 11192 11193 11195
f 11383 11385 11384 11382
f 11383 11387 11386 11385
f 11383 11195 11196 11387
f 11387 11389 11388 11386
f 11387 11196 11197 11389
f 11389 11391 11390 11388
f 11389 11197 11199 11391
f 11391 11393 11392 11390
f 11391 11199 11201 11393
f 11393 11395 11394 11392
f 11393 11201 11203 11395
f 11395 11397 11396 11394
f 11395 11203 11205 11397
f 11397 11399 11398 11396
f 11397 11205 11207 11399
f 11399 11401 11400 11398
f 11399 11207 11209 11401
f 11401 11403 11402 11400
f 11401 11209 11404 11403
f 11404 11209 11210 11212
f 11404 11406 11405 11403
f 11404 11212 11407 11406
f 11407 11212 11213 11215
f 11407 11409 11408 11406
f 11407 11215 11219 11409
f 11409 11411 11410 11408
f 11409 11219 11220 11411
f 11411 11413 11412 11410
f 11411 11220 11222 11413
f 11413 11415 11414 11412
f 11413 11222 11224 11415
f 11415 11417 11416 11414
f 11415 11224 11418 11417
f 11418 11224 11225 11228
f 11418 11420 11419 11417
f 11418 11228 11421 11420
f 11421 11228 11229 11233
f 11421 11423 11422 11420
f 11421 11233 11424 11423
f 11424 11233 11234 11236
f 11424 11426 11425 11423
f 11424 11236 11238 11426
f 11426 6671 11427 11425
f 11426 11238 6670 6671
f 11427 11429 11428 11425
f 11427 11431 11430 11429
f 11427 6671 6663 11431
f 11431 11433 11432 11430
f 11431 6663 6664 11433
f 11433 11435 11434 11432
f 11433 6664 11436 11435
f 11436 6664 6665 11437
f 11436 11439 11438 11435
f 11436 11437 11346 11439
f 11439 11349 11440 11438
f 11439 11346 11347 11349
f 11440 11442 11441 11438
f 11440 11352 11443 11442
f 11440 11349 11350 11352
f 11443 11445 11444 11442
f 11443 11355 11446 11445
f 11443 11352 11353 11355
f 11446 11448 11447 11445
f 11446 11450 11449 11448
f 11446 11355 11356 11450
f 11450 11452 11451 11449
f 11450 11356 11357 11452
f 11452 11454 11453 11451
f 11452 11357 11359 11454
f 11454 11456 11455 11453
f 11454 11359 11361 11456
f 11456 11458 11457 11455
f 11456 11361 11363 11458
f 11458 11460 11459 11457
f 11458 11363 11365 11460
f 11460 11462 11461 11459
f 11460 11365 11372 11462
f 11462 11375 11463 11461
f 11462 11372 11373 11375
f 11463 11465 11464 11461
f 11463 11378 11466 11465
f 11463 11375 11376 11378
f 11466 11468 11467 11465
f 11466 11381 11469 11468
f 11466 11378 11379 11381
f 11469 11471 11470 11468
f 11469 11384 11472 11471
f 11469 11381 11382 11384
f 11472 11474 11473 11471
f 11472 11476 11475 11474
f 11472 11384 11385 11476
f 11476 11478 11477 11475
f 11476 11385 11386 11478
f 11478 11480 11479 11477
f 11478 11386 11388 11480
f 11480 11482 11481 11479
f 11480 11388 11390 11482
f 11482 11484 11483 11481
f 11482 11390 11392 11484
f 11484 11486 11485 11483
f 11484 11392 11394 11486
f 11486 11488 11487 11485
f 11486 11394 11396 11488
f 11488 11490 11489 11487
f 11488 11396 11398 11490
f 11490 11492 11491 11489
f 11490 11398 11400 11492
f 11492 11493 6674 11491
f 11492 11400 11402 11493
f 11493 11494 6673 6674
f 11493 11402 11495 11494
f 11495 11402 11403 11405
f 11495 11497 11496 11494
f 11495 11405 11498 11497
f 11498 11405 11406 11408
f 11498 11500 11499 11497
f 11498 11408 11410 11500
f 11500 11502 11501 11499
f 11500 11410 11412 11502
f 11502 11504 11503 11501
f 11502 11412 11414 11504
f 11504 11506 11505 11503
f 11504 11414 11416 11506
f 11506 11508 11507 11505
f 11506 11416 11509 11508
f 11509 11416 11417 11419
f 11509 11511 11510 11508
f 11509 11419 11512 11511
f 11512 11419 11420 11422
f 11512 11514 11513 11511
f 11512 11422 11428 11514
f 11514 11516 11515 11513
f 11514 11428 11429 11516
f 11516 11518 11517 11515
f 11516 11429 11430 11518
f 11518 11520 11519 11517
f 11518 11430 11432 11520
f 11520 11522 11521 11519
f 11520 11432 11434 11522
f 11522 11524 11523 11521
f 11522 11434 11441 11524
f 11524 11444 11525 11523
f 11524 11441 11442 11444
f 11525 11527 11526 11523
f 11525 11447 11528 11527
f 11525 11444 11445 11447
f 11528 11530 11529 11527
f 11528 11532 11531 11530
f 11528 11447 11448 11532
f 11532 11534 11533 11531
f 11532 11448 11449 11534
f 11534 11536 11535 11533
f 11534 11449 11451 11536
f 11536 11538 11537 11535
f 11536 11451 11453 11538
f 11538 11540 11539 11537
f 11538 11453 11455 11540
f 11540 11542 11541 11539
f 11540 11455 11457 11542
f 11542 11544 11543 11541
f 11542 11457 11459 11544
f 11544 11464 11545 11543
f 11544 11459 11461 11464
f 11545 11547 11546 11543
f 11545 11467 11548 11547
f 11545 11464 11465 11467
f 11548 11550 11549 11547
f 11548 11470 11551 11550
f 11548 11467 11468 11470
f 11551 6709 6710 11550
f 11551 11473 6708 6709
f 11551 11470 11471 11473
f 11550 6710 11552 11549
f 11552 11554 11553 11549
f 11552 11556 11555 11554
f 11552 6710 6711 11556
f 11556 11558 11557 11555
f 11556 6711 6712 11558
f 11558 11560 11559 11557
f 11558 6712 11561 11560
f 11561 11563 11562 11560
f 11561 11565 11564 11563
f 11561 6712 6707 11565
f 11565 11567 11566 11564
f 11565 6707 6708 11567
f 11567 6708 11473 11474
f 11567 11474 11475 11566
f 11566 11569 11568 11564
f 11566 11475 11477 11569
f 11569 11571 11570 11568
f 11569 11477 11479 11571
f 11571 11573 11572 11570
f 11571 11479 11481 11573
f 11573 11575 11574 11572
f 11573 11481 11483 11575
f 11575 11577 11576 11574
f 11575 11483 11485 11577
f 11577 11579 11578 11576
f 11577 11485 11487 11579
f 11579 11581 11580 11578
f 11579 11487 11489 11581
f 11581 11583 11582 11580
f 11581 11489 11491 11583
f 11583 6675 6676 11582
f 11583 11491 6674 6675
f 11582 6676 11585 11584
f 11582 11584 11586 11580
f 11586 11584 11588 11587
f 11586 11589 11578 11580
f 11586 11587 11590 11589
f 11590 11587 11592 11591
f 11590 11594 11593 11589
f 11590 11591 11595 11594
f 11595 11591 11597 11596
f 11595 11599 11598 11594
f 11595 11596 11600 11599
f 11600 11596 11602 11601
f 11600 11604 11603 11599
f 11600 11601 11605 11604
f 11605 11601 11607 11606
f 11605 11609 11608 11604
f 11605 11606 11610 11609
f 11610 11606 11612 11611
f 11610 11614 11613 11609
f 11610 11611 11529 11614
f 11614 11616 11615 11613
f 11614 11529 11530 11616
f 11616 11618 11617 11615
f 11616 11530 11531 11618
f 11618 11620 11619 11617
f 11618 11531 11533 11620
f 11620 11622 11621 11619
f 11620 11533 11535 11622
f 11622 6716 6717 11621
f 11622 11535 11537 6716
f 11621 11624 11623 11619
f 11621 6717 6718 11624
f 11624 11555 11557 11623
f 11624 6718 11554 11555
f 11623 11625 11617 11619
f 11623 11557 11559 11625
f 11625 11626 11615 11617
f 11625 11559 11627 11626
f 11627 11629 11628 11626
f 11627 11562 11630 11629
f 11627 11559 11560 11562
f 11630 11632 11631 11629
f 11630 11634 11633 11632
f 11630 11562 11563 11634
f 11634 11568 11570 11633
f 11634 11563 11564 11568
f 11633 11636 11635 11632
f 11633 11570 11572 11636
f 11636 11637 11598 11635
f 11636 11572 11574 11637
f 11637 11593 11594 11598
f 11637 11574 11576 11593
f 11635 11598 11599 11603
f 11635 11603 11631 11632
f 11631 11603 11604 11608
f 11631 11608 11628 11629
f 11628 11608 11609 11613
f 11628 11613 11615 11626
f 11612 11640 11639 11638
f 11612 11606 11607 11640
f 11612 11638 11526 11611
f 11640 11642 11641 11639
f 11640 11607 11643 11642
f 11643 11645 11644 11642
f 11643 11602 11646 11645
f 11643 11607 11601 11602
f 11646 11648 11647 11645
f 11646 11597 11649 11648
f 11646 11602 11596 11597
f 11649 11651 11650 11648
f 11649 11592 11652 11651
f 11649 11597 11591 11592
f 11652 6695 6696 11651
f 11652 11588 11653 6695
f 11652 11592 11587 11588
f 11653 11654 6694 6695
f 11653 11585 11655 11654
f 11653 11588 11584 11585
f 11655 11657 11656 11654
f 11655 6677 6678 11657
f 11655 11585 6676 6677
f 11657 6678 11496 11658
f 11657 11658 11659 11656
f 11659 11658 11499 11501
f 11659 11660 6698 11656
f 11659 11501 11503 11660
f 11660 11661 6697 6698
f 11660 11503 11505 11661
f 11661 11662 6699 6697
f 11661 11505 11507 11662
f 11662 11663 11650 6699
f 11662 11507 11664 11663
f 11664 11507 11508 11510
f 11664 11665 11647 11663
f 11664 11510 11666 11665
f 11666 11510 11511 11513
f 11666 11667 11644 11665
f 11666 11513 11515 11667
f 11667 11641 11642 11644
f 11667 11515 11517 11641
f 11665 11644 11645 11647
f 11663 11647 11648 11650
f 11658 11496 11497 11499
f 11656 6698 6694 11654
f 11651 6696 6699 11650
f 11641 11517 11519 11639
f 11639 11519 11521 11638
f 11638 11521 11523 11526
f 11611 11526 11527 11529
f 11593 11576 11578 11589
f 11554 6718 6713 11553
f 11553 6713 6714 11546
f 11553 11546 11547 11549
f 11546 6714 11541 11543
f 11541 6714 6715 11539
f 11539 6715 6716 11537
f 11496 6678 6673 11494
f 11441 11434 11435 11438
f 11437 6665 6666 11343
f 11437 11343 11344 11346
f 11428 11422 11423 11425
f 11372 11365 11366 11368
f 11343 6666 11340 11341
f 11340 6666 6667 11668
f 11340 11668 11337 11338
f 11668 6667 6672 11669
f 11668 11669 11670 11337
f 11670 11669 11672 11671
f 11670 11334 11335 11337
f 11670 11671 11673 11334
f 11673 11671 11675 11674
f 11673 11331 11332 11334
f 11673 11674 11676 11331
f 11676 11674 11678 11677
f 11676 11328 11329 11331
f 11676 11677 11679 11328
f 11679 11677 11681 11680
f 11679 11325 11326 11328
f 11679 11680 11682 11325
f 11682 11680 11684 11683
f 11682 11322 11323 11325
f 11682 11683 11685 11322
f 11685 11683 11687 11686
f 11685 11319 11320 11322
f 11685 11686 11688 11319
f 11688 11686 11690 11689
f 11688 11316 11317 11319
f 11688 11689 11691 11316
f 11691 11689 11283 11285
f 11691 11313 11314 11316
f 11691 11285 11287 11313
f 11690 11276 11277 11281
f 11690 11686 11687 11276
f 11690 11281 11283 11689
f 11687 11271 11272 11276
f 11687 11683 11684 11271
f 11684 11266 11267 11271
f 11684 11680 11681 11266
f 11681 11261 11262 11266
f 11681 11677 11678 11261
f 11678 11256 11257 11261
f 11678 11674 11675 11256
f 11675 11251 11252 11256
f 11675 11671 11672 11251
f 11672 11246 11247 11251
f 11672 11669 6672 11246
f 11313 11287 11289 11311
f 11280 11694 11693 11692
f 11280 11274 11275 11694
f 11280 11692 8838 11279
f 11694 11696 11695 11693
f 11694 11275 11697 11696
f 11697 11699 11698 11696
f 11697 11270 11700 11699
f 11697 11275 11269 11270
f 11700 11702 11701 11699
f 11700 11265 11703 11702
f 11700 11270 11264 11265
f 11703 11705 11704 11702
f 11703 11260 11706 11705
f 11703 11265 11259 11260
f 11706 11708 11707 11705
f 11706 11255 11709 11708
f 11706 11260 11254 11255
f 11709 11711 11710 11708
f 11709 11250 11712 11711
f 11709 11255 11249 11250
f 11712 11714 11713 11711
f 11712 11245 6644 11714
f 11712 11250 11244 11245
f 11714 11715 8794 11713
f 11714 6644 6645 11715
f 11715 8789 8790 8794
f 11715 6645 8780 8789
f 11713 8794 8795 8799
f 11713 8799 11710 11711
f 11710 8799 8800 8804
f 11710 8804 11707 11708
f 11707 8804 8805 8809
f 11707 8809 11704 11705
f 11704 8809 8810 8814
f 11704 8814 11701 11702
f 11701 8814 8815 8819
f 11701 8819 11698 11699
f 11698 8819 8820 8824
f 11698 8824 11695 11696
f 11695 8824 8825 8829
f 11695 8829 8831 11693
f 11693 8831 8833 11692
f 11692 8833 8835 8838
f 11279 8838 8839 8841
f 11246 6672 6668 11242
f 11245 11241 6643 6644
f 11232 11227 6651 6652
f 11232 8773 8775 11231
f 11232 6652 8772 8773
f 11093 8876 8878 11091
f 11089 8878 8879 8882
f 11087 8882 8883 8887
f 11085 8887 8888 8892
f 11085 8892 8897 8899
f 9264 6686 9259 9260
f 9149 9132 9134 9145
f 8913 8908 6585 6586
f 8891 8885 8886 11716
f 8891 8507 8509 8890
f 8891 11716 8505 8507
f 11716 8886 6633 11717
f 11716 11717 8504 8505
f 11717 6633 6631 11718
f 11717 11718 8503 8504
f 11718 6631 6632 11719
f 11718 11719 11720 8503
f 11720 11719 11722 11721
f 11720 8498 8500 8503
f 11720 11721 8496 8498
f 11722 8476 8477 8479
f 11722 11719 6632 8476
f 11722 8479 8481 11721
f 11721 8481 8483 8496
f 8886 8881 6630 6633
f 8828 8395 8396 8400
f 8828 8822 8823 8395
f 8828 8400 8406 8827
f 8827 8406 8407 8409
f 8823 8391 8392 8395
f 8823 8817 8818 8391
f 8818 11723 8389 8391
f 8818 8812 8813 11723
f 11723 11724 8387 8389
f 11723 8813 11725 11724
f 11725 11727 11726 11724
f 11725 8808 11728 11727
f 11725 8813 8807 8808
f 11728 11730 11729 11727
f 11728 8803 11731 11730
f 11728 8808 8802 8803
f 11731 11733 11732 11730
f 11731 8798 11734 11733
f 11731 8803 8797 8798
f 11734 11736 11735 11733
f 11734 8793 11737 11736
f 11734 8798 8792 8793
f 11737 11739 11738 11736
f 11737 8788 11740 11739
f 11737 8793 8787 8788
f 11740 6531 6532 11739
f 11740 6559 6533 6531
f 11740 8788 8785 6559
f 11739 6532 11741 11738
f 11741 11744 11743 11742
f 11741 6532 6528 11744
f 11741 11742 11745 11738
f 11745 11742 11747 11746
f 11745 11735 11736 11738
f 11745 11746 11748 11735
f 11748 11746 11750 11749
f 11748 11732 11733 11735
f 11748 11749 11751 11732
f 11751 11749 11753 11752
f 11751 11729 11730 11732
f 11751 11752 11754 11729
f 11754 11752 11755 8385
f 11754 11726 11727 11729
f 11754 8385 8386 11726
f 11755 11757 11756 8382
f 11755 11752 11753 11757
f 11755 8382 8383 8385
f 11757 11759 11758 11756
f 11757 11753 11760 11759
f 11760 11762 11761 11759
f 11760 11750 11763 11762
f 11760 11753 11749 11750
f 11763 11765 11764 11762
f 11763 11747 11766 11765
f 11763 11750 11746 11747
f 11766 11768 11767 11765
f 11766 11743 11769 11768
f 11766 11747 11742 11743
f 11769 11771 11770 11768
f 11769 11773 11772 11771
f 11769 11743 11744 11773
f 11773 6529 11774 11772
f 11773 11744 6528 6529
f 11774 6529 6530 11775
f 11774 11777 11776 11772
f 11774 11775 11778 11777
f 11778 11775 6145 6554
f 11778 11780 11779 11777
f 11778 6554 11781 11780
f 11781 6554 6555 11782
f 11781 11784 11783 11780
f 11781 11782 11785 11784
f 11785 11782 8311 11786
f 11785 11788 11787 11784
f 11785 11786 11789 11788
f 11789 11786 8314 11790
f 11789 11792 11791 11788
f 11789 11790 11793 11792
f 11793 11790 8318 11794
f 11793 11796 11795 11792
f 11793 11794 11797 11796
f 11797 11794 8321 8323
f 11797 11799 11798 11796
f 11797 8323 8325 11799
f 11799 11801 11800 11798
f 11799 8325 8327 11801
f 11801 11803 11802 11800
f 11801 8327 8329 11803
f 11803 11805 11804 11802
f 11803 8329 8331 11805
f 11805 11807 11806 11804
f 11805 8331 8333 11807
f 11807 11809 11808 11806
f 11807 8333 8335 11809
f 11809 11811 11810 11808
f 11809 8335 8337 11811
f 11811 11813 11812 11810
f 11811 8337 8339 11813
f 11813 11815 11814 11812
f 11813 8339 8341 11815
f 11815 11817 11816 11814
f 11815 8341 8343 11817
f 11817 11819 11818 11816
f 11817 8343 8345 11819
f 11819 11821 11820 11818
f 11819 8345 8347 11821
f 11821 11823 11822 11820
f 11821 8347 8349 11823
f 11823 8355 8357 11822
f 11823 8349 8351 8355
f 11822 11825 11824 11820
f 11822 8357 8359 11825
f 11825 11827 11826 11824
f 11825 8359 11828 11827
f 11828 11830 11829 11827
f 11828 8362 11831 11830
f 11828 8359 8360 8362
f 11831 8371 8373 11830
f 11831 8365 8367 8371
f 11831 8362 8363 8365
f 11830 8373 11832 11829
f 11832 11834 11833 11829
f 11832 8376 11835 11834
f 11832 8373 8374 8376
f 11835 11837 11836 11834
f 11835 11839 11838 11837
f 11835 8376 8377 11839
f 11839 11841 11840 11838
f 11839 8377 8378 11841
f 11841 11843 11842 11840
f 11841 8378 8380 11843
f 11843 11756 11758 11842
f 11843 8380 8382 11756
f 11842 11845 11844 11840
f 11842 11758 11846 11845
f 11846 11848 11847 11845
f 11846 11761 11849 11848
f 11846 11758 11759 11761
f 11849 11851 11850 11848
f 11849 11764 11852 11851
f 11849 11761 11762 11764
f 11852 11854 11853 11851
f 11852 11767 11855 11854
f 11852 11764 11765 11767
f 11855 11857 11856 11854
f 11855 11770 11858 11857
f 11855 11767 11768 11770
f 11858 11860 11859 11857
f 11858 11862 11861 11860
f 11858 11770 11771 11862
f 11862 11771 11772 11776
f 11862 11776 11863 11861
f 11863 11776 11777 11779
f 11863 11865 11864 11861
f 11863 11779 11866 11865
f 11866 11779 11780 11783
f 11866 11868 11867 11865
f 11866 11783 11869 11868
f 11869 11783 11784 11787
f 11869 11871 11870 11868
f 11869 11787 11872 11871
f 11872 11787 11788 11791
f 11872 11874 11873 11871
f 11872 11791 11875 11874
f 11875 11791 11792 11795
f 11875 11877 11876 11874
f 11875 11795 11878 11877
f 11878 11795 11796 11798
f 11878 11880 11879 11877
f 11878 11798 11800 11880
f 11880 11882 11881 11879
f 11880 11800 11802 11882
f 11882 11884 11883 11881
f 11882 11802 11804 11884
f 11884 11886 11885 11883
f 11884 11804 11806 11886
f 11886 11888 11887 11885
f 11886 11806 11808 11888
f 11888 11890 11889 11887
f 11888 11808 11810 11890
f 11890 11892 11891 11889
f 11890 11810 11812 11892
f 11892 11894 11893 11891
f 11892 11812 11814 11894
f 11894 11896 11895 11893
f 11894 11814 11816 11896
f 11896 11898 11897 11895
f 11896 11816 11818 11898
f 11898 11824 11826 11897
f 11898 11818 11820 11824
f 11897 11900 11899 11895
f 11897 11826 11833 11900
f 11900 11836 11901 11899
f 11900 11833 11834 11836
f 11901 11903 11902 11899
f 11901 11905 11904 11903
f 11901 11836 11837 11905
f 11905 11907 11906 11904
f 11905 11837 11838 11907
f 11907 11844 11908 11906
f 11907 11838 11840 11844
f 11908 11910 11909 11906
f 11908 11847 11911 11910
f 11908 11844 11845 11847
f 11911 11913 11912 11910
f 11911 11850 11914 11913
f 11911 11847 11848 11850
f 11914 11916 11915 11913
f 11914 11853 11917 11916
f 11914 11850 11851 11853
f 11917 11919 11918 11916
f 11917 11856 11920 11919
f 11917 11853 11854 11856
f 11920 6434 6435 11919
f 11920 11859 6436 6434
f 11920 11856 11857 11859
f 11919 6435 11921 11918
f 11921 11924 11923 11922
f 11921 6435 6431 11924
f 11921 11922 11925 11918
f 11925 11922 11927 11926
f 11925 11915 11916 11918
f 11925 11926 11928 11915
f 11928 11926 11930 11929
f 11928 11912 11913 11915
f 11928 11929 11931 11912
f 11931 11929 11933 11932
f 11931 11909 11910 11912
f 11931 11932 11934 11909
f 11934 11932 11936 11935
f 11934 11904 11906 11909
f 11934 11935 11903 11904
f 11936 11939 11938 11937
f 11936 11932 11933 11939
f 11936 11937 11940 11935
f 11940 11937 11889 11891
f 11940 11902 11903 11935
f 11940 11891 11893 11902
f 11939 11942 11941 11938
f 11939 11933 11943 11942
f 11943 11945 11944 11942
f 11943 11930 11946 11945
f 11943 11933 11929 11930
f 11946 11948 11947 11945
f 11946 11927 11949 11948
f 11946 11930 11926 11927
f 11949 6393 11950 11948
f 11949 11923 6392 6393
f 11949 11927 11922 11923
f 11950 11953 11952 11951
f 11950 6393 6389 11953
f 11950 11951 11947 11948
f 11953 11955 11954 11952
f 11953 6389 6390 11955
f 11955 11956 11870 11954
f 11955 6390 11957 11956
f 11957 11958 11867 11956
f 11957 11960 11959 11958
f 11957 6390 6391 11960
f 11960 6432 6433 11959
f 11960 6391 6394 6432
f 11959 11961 11864 11958
f 11959 6433 6436 11961
f 11961 11860 11861 11864
f 11961 6436 11859 11860
f 11958 11864 11865 11867
f 11956 11867 11868 11870
f 11954 11870 11871 11873
f 11954 11873 11962 11952
f 11962 11873 11874 11876
f 11962 11963 11951 11952
f 11962 11876 11964 11963
f 11964 11876 11877 11879
f 11964 11966 11965 11963
f 11964 11879 11881 11966
f 11966 11967 11944 11965
f 11966 11881 11883 11967
f 11967 11941 11942 11944
f 11967 11883 11885 11941
f 11965 11947 11951 11963
f 11965 11944 11945 11947
f 11941 11885 11887 11938
f 11938 11887 11889 11937
f 11924 6394 6392 11923
f 11924 6431 6432 6394
f 11902 11893 11895 11899
f 11833 11826 11827 11829
f 11794 8318 8319 8321
f 11790 8314 8315 8318
f 11786 8311 8312 8314
f 11782 6555 8309 8311
f 11775 6530 6533 6145
f 11726 8386 8387 11724
f 8789 8780 8781 8783
f 8780 6645 6155 8778
f 8772 6652 6647 8771
f 8547 6662 6658 8545
f 8545 6658 6659 8543
f 8516 6581 8513 8514
f 8476 6632 6627 8472
f 8475 11969 7659 11968
f 8475 8470 8471 11969
f 8475 11968 7691 8474
f 11969 7655 7656 7659
f 11969 8471 11970 7655
f 11970 11971 7653 7655
f 11970 8468 11972 11971
f 11970 8471 8467 8468
f 11972 11974 11973 11971
f 11972 8463 11975 11974
f 11972 8468 8462 8463
f 11975 11977 11976 11974
f 11975 8458 11978 11977
f 11975 8463 8457 8458
f 11978 11980 11979 11977
f 11978 8453 11981 11980
f 11978 8458 8452 8453
f 11981 11983 11982 11980
f 11981 8448 11984 11983
f 11981 8453 8447 8448
f 11984 11986 11985 11983
f 11984 8443 11987 11986
f 11984 8448 8442 8443
f 11987 11989 11988 11986
f 11987 8438 6639 11989
f 11987 8443 8437 8438
f 11989 6602 6603 11988
f 11989 6639 6601 6602
f 11988 6603 7624 11990
f 11988 11990 11985 11986
f 11990 7624 7625 7629
f 11990 7629 11991 11985
f 11991 7629 7630 7634
f 11991 11982 11983 11985
f 11991 7634 11992 11982
f 11992 7634 7635 7639
f 11992 11979 11980 11982
f 11992 7639 11993 11979
f 11993 7639 7640 7644
f 11993 11976 11977 11979
f 11993 7644 11994 11976
f 11994 7644 7645 7649
f 11994 11973 11974 11976
f 11994 7649 7651 11973
f 11973 7651 7653 11971
f 11968 7659 7660 7664
f 11968 7664 7689 7691
f 8465 6624 6625 8464
f 8438 8433 6638 6639
f 8406 8400 8401 8403
f 8399 6471 7589 7591
f 8399 8394 6468 6471
f 8399 7591 7593 8398
f 8317 6598 7521 7523
f 8309 6555 6556 8307
f 8307 6556 6557 8306
f 8143 8133 8134 8136
f 7976 6351 6352 7974
f 7972 6352 6348 7971
f 7971 6348 6349 11995
f 7971 11995 6308 7969
f 11995 6349 7749 11996
f 11995 11996 6307 6308
f 11996 7752 6309 6307
f 11996 7749 7750 7752
f 7893 7842 7844 7889
f 7885 7844 7845 7847
f 7861 7853 7854 7857
f 7856 6567 6568 7615
f 7856 7615 6578 6579
f 7802 6373 6374 7800
f 7786 7765 7766 7768
f 7782 7768 7769 7771
f 7749 6349 6347 7747
f 7747 6347 6344 7746
f 7746 6344 6340 6353
f 7705 7700 6521 6522
f 7663 7658 6505 6506
f 7628 7623 6560 6561
f 7624 6603 6604 7621
f 7589 6471 6469 7587
f 7587 6469 6470 7585
f 7521 6598 6599 7519
f 7377 7367 7368 7370
f 7092 7086 7087 7089
f 6519 6518 6513 6514
f 6518 6497 6498 6513
f 6516 6492 6493 6496
f 6439 6404 6363 6438
f 6407 6313 6269 6406
f 6358 6298 6299 6357
f 6332 6327 6242 6243
f 6324 6306 11997 6319
f 6324 6319 6110 6320
f 11997 6315 6316 11998
f 11997 6306 6300 6315
f 11997 11998 6318 6319
f 11998 6316 6231 6232
f 11998 6232 11999 6318
f 11999 6232 6229 12000
f 11999 6233 6317 6318
f 11999 12000 6230 6233
f 6317 6233 6231 6316
f 6260 6188 6186 6253
f 6253 6186 6187 6252
f 6197 6189 6190 6196
f 6179 10204 10205 6089
f 10204 6179 10212 10208
f 12001 10205 10201 10197
f 6182 12001 10197 10198
f 12001 6182 6089 10205
f 7791 6365 7793 7792
f 6091 6193 6190 6189
f 6340 6341 6354 6353
f 6097 6230 12000 6229

 