# File exported by ZBrush version 2025
# www.zbrush.com
g ZBrushPolyMesh3D
#Vertex Count 1940
#Face Count 1938
#Auto scale x=1.000000 y=1.000000 z=1.000000
#Auto offset x=0.000000 y=0.000000 z=0.000000
v -0.32614806 -0.29230251 0.02043235
v -0.10928143 -0.31489571 0.005784
v -0.30921879 -0.3132449 0.01296123
v -0.27142936 -0.36067268 0.0123897
v -0.33425933 -0.38009896 -0.00223025
v -0.29742965 -0.45225492 -0.02758926
v -0.15334595 -0.31077975 -0.02812091
v -0.27148789 -0.42654532 -0.05478877
v -0.1261549 -0.22168056 -0.08937725
v -0.0980542 -0.19924986 -0.09539013
v -0.17038837 -0.35260286 -0.10664442
v -0.09346161 -0.29199275 -0.10656842
v -0.11543148 0.08266494 -0.10191077
v -0.18559728 -0.29546728 -0.12781037
v -0.14568647 0.02606665 -0.14876706
v -0.13805456 0.01601641 -0.20325431
v -0.33431041 -0.28800717 0.00897258
v -0.2984167 -0.31838718 0.00563992
v -0.27428653 -0.36824396 0.01983018
v -0.29609322 -0.30641558 0.01962268
v -0.25801047 -0.46108108 0.01066742
v -0.34404063 -0.4024364 0.00998071
v -0.35508954 -0.39053449 0.00474902
v -0.25215959 -0.44428223 -0.00492283
v -0.13576811 0.09149772 -0.18423305
v -0.09157724 -0.56615996 -0.46407157
v -0.0016776 -0.10901018 0.16193229
v -0.16364929 -0.29438984 -0.05634345
v -0.09771985 0.10824314 -0.13226616
v -0.20190915 -0.53349405 -0.157689
v -0.29451614 -0.34844562 -0.26495507
v -0.27002477 -0.4062924 -0.07743184
v -0.28762084 -0.47168111 -0.01508837
v -0.28737571 -0.39224758 0.02209611
v -0.30323123 -0.33931994 0.02100974
v -0.35875988 -0.32819506 0.01213413
v -0.34047022 -0.31186068 0.01421377
v -0.11531962 0.03961226 -0.22374261
v -0.14045868 0.17455725 -0.22773395
v -0.14129182 0.13789488 -0.24063642
v -0.17241157 0.1740448 -0.21717965
v -0.15404048 0.13481625 -0.21992908
v -0.07565266 -0.07498853 0.10391404
v -0.09007257 -0.0255195 0.03543507
v -0.09346704 0.03064075 0.00205444
v 0.30781376 -0.31511583 0.01474614
v 0.27122873 -0.36104157 0.01251414
v 0.10977543 -0.3153699 0.00449575
v 0.33952391 -0.3132224 -0.00014502
v 0.33403447 -0.3859767 -0.00690002
v 0.29940056 -0.44642353 -0.01698949
v 0.3548794 -0.31588503 -0.00341044
v 0.15342617 -0.31046852 -0.02785998
v 0.2719134 -0.42651361 -0.05536328
v 0.12382862 -0.22623314 -0.08817707
v 0.10370842 -0.19255745 -0.09857095
v 0.16615746 -0.35902616 -0.10030696
v 0.09849858 -0.28887382 -0.10813931
v 0.11386017 0.08563038 -0.10415602
v 0.18698208 -0.29448971 -0.12893529
v 0.14379285 0.03120451 -0.15218591
v 0.13702577 0.01878584 -0.20547868
v 0.33443495 -0.28707364 0.01869558
v 0.3344593 -0.28798207 0.00911603
v 0.3260121 -0.29093629 0.01966176
v 0.29845351 -0.31143704 0.01894185
v 0.29789608 -0.3179703 0.00608904
v 0.27423036 -0.36931812 0.02041906
v 0.25699082 -0.46344032 0.00921225
v 0.36321023 -0.3220548 0.00143034
v 0.34662541 -0.40046778 0.01067687
v 0.35364964 -0.39816284 0.00602285
v 0.25163978 -0.44497761 -0.00612101
v 0.13456265 0.09331341 -0.18197263
v 0.14276783 0.18002294 -0.22896656
v 0.09279972 -0.56622767 -0.46338501
v 0.00968644 -0.18577748 0.07981612
v 0.16392153 -0.29436647 -0.05545296
v 0.09614605 0.1081546 -0.13295739
v 0.20171161 -0.53324663 -0.15649873
v 0.29746216 -0.35722968 -0.26068574
v 0.27089142 -0.4067071 -0.07765033
v 0.28964343 -0.46862956 -0.00690847
v 0.28736725 -0.39366844 0.0223861
v 0.31122002 -0.32867622 0.01968768
v 0.36111605 -0.32273083 0.00978877
v 0.34545463 -0.31515047 0.01192268
v 0.11236585 0.03990897 -0.22626651
v 0.14527681 0.14754952 -0.24476482
v 0.17285166 0.17596748 -0.21504309
v 0.15655751 0.12918807 -0.22449253
v 0.07385707 -0.0776049 0.10827101
v 0.08933772 -0.02910043 0.04439978
v 0.09769429 0.02447998 -0.00115708
v -0.25708627 -0.38143414 0.01799125
v -0.26147157 -0.37356281 0.00793344
v -0.32399421 -0.30583646 0.02071308
v -0.31868916 -0.29842597 0.01242044
v -0.32610622 -0.28814324 0.01576848
v -0.31634488 -0.32205742 0.01940393
v -0.30091607 -0.3222785 0.0217242
v -0.2973217 -0.31127905 0.01535542
v -0.31716838 -0.30911415 0.00048187
v -0.32613846 -0.29750308 0.00342584
v -0.30978474 -0.31893104 -0.00332104
v -0.27802646 -0.34217691 0.01492937
v -0.28574946 -0.34423041 0.02219779
v -0.27026912 -0.37239071 -0.00034689
v -0.27702218 -0.35638183 0.00145688
v -0.28150939 -0.33824083 0.00378202
v -0.11814411 -0.30897855 0.00671917
v -0.12282089 -0.32096707 0.00443733
v -0.11422983 -0.31852382 -0.00190823
v -0.10613015 -0.31278917 -0.00740244
v -0.10298026 -0.30960461 0.00316454
v -0.33282798 -0.37472751 0.00748513
v -0.33843284 -0.35846254 0.01143099
v -0.34048554 -0.35942888 0.00158762
v -0.33704972 -0.35592961 -0.00788563
v -0.32926678 -0.37295779 -0.01073421
v -0.32246753 -0.39466631 -0.01564315
v -0.32841923 -0.40264889 -0.01110582
v -0.33157604 -0.40914636 -0.00485844
v -0.34391579 -0.38979467 -0.0029173
v -0.34032237 -0.38477352 0.0050633
v -0.30270046 -0.43736571 -0.01057946
v -0.29839831 -0.43460175 -0.02225185
v -0.29356679 -0.4457823 -0.04228403
v -0.29864612 -0.45039853 -0.00184188
v -0.30425995 -0.43845659 0.00122423
v -0.29087242 -0.46670025 -0.03541692
v -0.29346314 -0.46370309 -0.00743433
v -0.15141955 -0.29504424 -0.02238567
v -0.16003349 -0.28094855 -0.04346165
v -0.16428576 -0.2907691 -0.047024
v -0.14331606 -0.31454092 -0.0124972
v -0.13944678 -0.30797767 -0.00266891
v -0.15759646 -0.30104464 -0.05456274
v -0.14263537 -0.30730882 -0.03468683
v -0.1335126 -0.31794059 -0.01388492
v -0.14908045 -0.29868114 -0.05819693
v -0.28216669 -0.4327268 -0.05265475
v -0.28769114 -0.42297524 -0.02851958
v -0.28115084 -0.41878539 -0.02705156
v -0.2800408 -0.41647157 -0.07697791
v -0.28759166 -0.42706224 -0.07812833
v -0.27324345 -0.4176419 -0.02368076
v -0.26261743 -0.42715001 -0.04143166
v -0.25005018 -0.42074713 -0.05712001
v -0.2605099 -0.41301628 -0.06655444
v -0.14635881 -0.21953354 -0.07837042
v -0.14127431 -0.24520437 -0.06158235
v -0.12807811 -0.24595356 -0.06676471
v -0.1206917 -0.24911671 -0.07283624
v -0.11737076 -0.23581059 -0.09219303
v -0.1376805 -0.19244264 -0.10602384
v -0.15457764 -0.19538484 -0.10004179
v -0.11050813 -0.2113125 -0.10059811
v -0.12614497 -0.1846874 -0.11118094
v -0.10638006 -0.22861133 -0.09851443
v -0.09304277 -0.18261997 -0.09145046
v -0.11963333 -0.16300372 -0.10260941
v -0.1207905 -0.17413428 -0.10869735
v -0.07017489 -0.20601396 -0.08328316
v -0.06605731 -0.19353559 -0.08175711
v -0.09438316 -0.22374934 -0.09441432
v -0.07299353 -0.22211292 -0.08491203
v -0.133851 -0.34007331 -0.09563759
v -0.1326393 -0.32558834 -0.10553395
v -0.16393527 -0.33378678 -0.11564188
v -0.16064168 -0.37399873 -0.09101267
v -0.13464511 -0.36154264 -0.08485005
v -0.20381301 -0.34742516 -0.13646832
v -0.21292425 -0.36027854 -0.13223587
v -0.18866092 -0.37040397 -0.10720732
v -0.17506703 -0.38472229 -0.09461584
v -0.19623255 -0.3346109 -0.14028716
v -0.10950963 -0.28623521 -0.11117031
v -0.13340915 -0.30573236 -0.11584328
v -0.13044014 -0.31351375 -0.11286649
v -0.09255901 -0.3124116 -0.10163711
v -0.05492648 -0.30787351 -0.09532199
v -0.05241941 -0.28768253 -0.09664867
v -0.04728094 -0.26488167 -0.08860379
v -0.08108823 -0.2648707 -0.09721315
v -0.0981095 -0.2642441 -0.10294664
v -0.11605264 0.10643232 -0.1214558
v -0.1279242 0.09525374 -0.13071975
v -0.1300712 0.06992744 -0.12632614
v -0.10922876 0.07554296 -0.06097807
v -0.08996238 0.0922958 -0.06355138
v -0.0945231 0.09939375 -0.10480676
v -0.19728265 -0.27826955 -0.12183833
v -0.21628934 -0.27350422 -0.16183579
v -0.20903389 -0.28854498 -0.16960561
v -0.17563423 -0.29442149 -0.09948808
v -0.18375401 -0.28145417 -0.0957762
v -0.2117232 -0.30382823 -0.17558962
v -0.18383374 -0.31044077 -0.14257669
v -0.16019719 -0.3125326 -0.12248491
v -0.16209004 -0.3049893 -0.11547003
v -0.16097776 -0.30080744 -0.10086029
v -0.14891332 -0.00191789 -0.17067705
v -0.16043196 -0.04393054 -0.15436478
v -0.15824505 -0.02061206 -0.12902316
v -0.15476435 -0.0054285 -0.09558349
v -0.14451938 0.03865392 -0.11432229
v -0.13247793 0.05869216 -0.14956888
v -0.13760539 0.05809057 -0.17118468
v -0.14608791 0.04318601 -0.17677554
v -0.14509031 0.03119635 -0.18906231
v -0.15125396 0.04337461 -0.21907113
v -0.14091315 0.04958601 -0.22471983
v -0.1284853 0.02803353 -0.21541762
v -0.15822352 0.04640574 -0.20856724
v -0.12646444 -0.00715933 -0.2337107
v -0.13809666 -0.02327689 -0.21998967
v -0.1497367 -0.02722016 -0.18778811
v -0.28087601 -0.30906927 0.02027523
v -0.3366914 -0.30359247 0.00322087
v -0.33952567 -0.29748222 0.01217111
v -0.28596061 -0.30810067 0.01295287
v -0.28411784 -0.3211824 0.00813714
v -0.29118701 -0.33550456 -0.00385514
v -0.30130904 -0.3350403 -0.01006466
v -0.29284223 -0.36536222 0.01980069
v -0.26956743 -0.39606931 0.02544882
v -0.26052871 -0.39906871 0.01509088
v -0.28992283 -0.32661965 0.02727881
v -0.11068828 -0.30075603 0.00305016
v -0.2522009 -0.46329817 -0.0042945
v -0.2610751 -0.44310799 0.01407276
v -0.26512876 -0.46687531 0.01547807
v -0.2572714 -0.47510552 -0.00449621
v -0.27199238 -0.4435727 0.02112592
v -0.09305211 -0.29023668 -0.01387834
v -0.09730539 -0.29145053 -0.00538456
v -0.09270906 -0.30048689 -0.00022205
v -0.09226362 -0.29970282 -0.01301159
v -0.33663636 -0.39355203 0.01269156
v -0.35150113 -0.39828661 -0.00024999
v -0.33004573 -0.41248911 0.0044492
v -0.32474011 -0.4070335 0.01349718
v -0.3571476 -0.32649001 -0.00384877
v -0.36331847 -0.32482352 0.0044358
v -0.3534848 -0.31320038 0.00556961
v -0.35081788 -0.31925684 -0.00469696
v -0.32582932 -0.38400769 0.01328469
v -0.23922139 -0.45745596 -0.03447651
v -0.23781088 -0.44935569 -0.03791157
v -0.25154835 -0.43860912 -0.0147075
v -0.24313612 -0.46888279 -0.03257437
v -0.25759556 -0.42210352 -0.00205948
v -0.25871568 -0.42259967 0.00741301
v -0.26734668 -0.42096728 0.01700608
v -0.14227047 0.10701235 -0.19878737
v -0.15196827 0.09355599 -0.21197515
v -0.14036676 0.07830711 -0.18879126
v -0.12915602 0.0989128 -0.17017036
v -0.13532784 0.12219137 -0.18295536
v -0.12959866 0.07563762 -0.1690595
v -0.10797613 -0.56576138 -0.49134925
v -0.07927362 -0.56381946 -0.51194238
v -0.06907911 -0.56537687 -0.46914875
v -0.09899418 -0.56718438 -0.442115
v -0.1306142 -0.56787174 -0.46537515
v -0.06956661 -0.5666874 -0.4358817
v -0.01450789 -0.11388793 0.15992711
v -0.00261673 -0.1272366 0.15379001
v 0.00921083 -0.11590962 0.15976248
v -0.00146843 -0.08441615 0.1567091
v -0.01908948 -0.08522397 0.15500399
v 0.01585033 -0.08590351 0.15611124
v -0.16923885 -0.28504809 -0.075639
v -0.16453288 -0.29231858 -0.0787536
v -0.16994155 -0.275698 -0.07035769
v -0.07377799 0.1088951 -0.10562403
v -0.07532656 0.11128279 -0.1346392
v -0.07332839 0.10858015 -0.16031028
v -0.09124377 0.10481941 -0.15781654
v -0.10739743 0.12586033 -0.13932351
v -0.12137581 0.126319 -0.12872393
v -0.10399688 0.11734325 -0.15865391
v -0.17548745 -0.5099591 -0.12857353
v -0.18930044 -0.51426225 -0.11405833
v -0.21476946 -0.53153544 -0.12810722
v -0.17034246 -0.53017687 -0.16259501
v -0.15850783 -0.50870734 -0.13547797
v -0.24857151 -0.53302443 -0.13925096
v -0.24522313 -0.5378651 -0.17357133
v -0.24564458 -0.54773175 -0.2150049
v -0.2075387 -0.55136156 -0.20486253
v -0.175243 -0.55188596 -0.20045352
v -0.27516114 -0.31712326 -0.26335591
v -0.2880012 -0.30965423 -0.32063224
v -0.30625197 -0.3371486 -0.33173799
v -0.26108863 -0.33656072 -0.21098819
v -0.24991121 -0.31766903 -0.21476706
v -0.31976091 -0.38893997 -0.29860904
v -0.31690329 -0.40309774 -0.26184573
v -0.2956022 -0.37144568 -0.23828256
v -0.32163351 -0.37493893 -0.35196787
v -0.26814109 -0.35534295 -0.20185191
v -0.27041739 -0.39037686 -0.09715811
v -0.28839963 -0.39838567 -0.10380047
v -0.25150173 -0.39068153 -0.08367667
v -0.28295972 -0.4750939 -0.03888393
v -0.28147646 -0.47571516 -0.00952122
v -0.28919142 -0.46471604 0.00483591
v -0.27422013 -0.48080262 -0.03787422
v -0.27794903 -0.41944885 0.02213936
v -0.2971031 -0.40474769 0.02103939
v -0.28759291 -0.42289915 0.02239878
v -0.30716136 -0.38456305 0.0179462
v -0.31489193 -0.39729225 0.01655542
v -0.30928558 -0.36590531 0.0209461
v -0.31793156 -0.34580934 0.01785308
v -0.32928142 -0.32904779 0.01796904
v -0.34944543 -0.34247344 0.01320563
v -0.34118244 -0.33575439 0.01821384
v -0.35168027 -0.31944048 0.01370494
v -0.35192626 -0.34359833 0.00294343
v -0.34471938 -0.31168085 0.0050779
v -0.13338515 0.06153474 -0.22439843
v -0.11299685 0.00429255 -0.24650365
v -0.12478078 0.07896914 -0.21633547
v -0.11121642 0.0663065 -0.2130856
v -0.09545449 0.06454467 -0.22321994
v -0.09638803 0.0409082 -0.24232794
v -0.09500572 0.01251572 -0.26164755
v -0.13314245 0.16810539 -0.21640321
v -0.13686806 0.15206898 -0.22983431
v -0.14598684 0.16269572 -0.24190865
v -0.15608532 0.1725929 -0.25090965
v -0.14632572 0.18756881 -0.22894917
v -0.13529647 0.18447415 -0.2088779
v -0.15064595 0.1391651 -0.25389021
v -0.13753765 0.11857494 -0.2369785
v -0.14709559 0.10845959 -0.25228628
v -0.12995807 0.13481375 -0.2206767
v -0.17750802 0.1868104 -0.21720099
v -0.18668168 0.17141985 -0.23862499
v -0.17475934 0.16292105 -0.23172527
v -0.16126105 0.15763047 -0.22241388
v -0.16288691 0.17184488 -0.20670397
v -0.16738174 0.18627069 -0.19635859
v -0.16368714 0.13682526 -0.23334246
v -0.1603827 0.11223553 -0.22805528
v -0.14926229 0.12264261 -0.21251654
v -0.1507423 0.15023282 -0.20922163
v -0.1425161 0.13845887 -0.19633512
v -0.08293262 -0.05358558 0.0778158
v -0.09309287 -0.08458878 0.07106051
v -0.07864683 -0.09635458 0.10599478
v -0.06565549 -0.09743348 0.1268595
v -0.06563001 -0.07159356 0.11648111
v -0.07148836 -0.0384241 0.08918688
v -0.10643767 -0.07187409 0.03778397
v -0.11256968 -0.0270359 -0.00076177
v -0.1225672 -0.06944268 0.00865836
v -0.0785899 -0.00268652 0.0588575
v -0.08178244 0.02580319 0.03673755
v -0.09126651 0.01147347 0.01438643
v -0.11476488 0.01118104 -0.01213232
v -0.10300201 0.03939214 -0.02399835
v -0.08794555 0.04894867 0.01237165
v -0.09900376 0.06601823 -0.02184195
v 0.26159757 -0.37350499 0.00784933
v 0.25721821 -0.38182127 0.0178012
v 0.32326334 -0.31193375 0.02053378
v 0.31840884 -0.3028413 0.01651615
v 0.29658299 -0.31935548 0.02478959
v 0.29390573 -0.33236461 0.02548524
v 0.32078814 -0.29721486 0.00750551
v 0.31430876 -0.3089486 0.00351149
v 0.30827736 -0.31808474 -0.00163338
v 0.27791702 -0.34487488 0.0150663
v 0.28100079 -0.33981552 0.00393025
v 0.27708107 -0.35625538 0.00142401
v 0.28677648 -0.34938412 0.02149
v 0.2706159 -0.37202641 -0.00051837
v 0.10292419 -0.3093158 0.00360412
v 0.10637239 -0.31307497 -0.00717645
v 0.11419627 -0.31855201 -0.00165695
v 0.12282834 -0.31944084 0.00627162
v 0.11840459 -0.30868101 0.00651063
v 0.33136397 -0.32662525 -0.00787021
v 0.31932959 -0.32021102 -0.00708398
v 0.32562407 -0.30817121 -0.00145697
v 0.33016035 -0.29758235 0.00266701
v 0.33874049 -0.30281019 0.00575021
v 0.34990322 -0.31308651 0.00543951
v 0.35021963 -0.32273569 -0.00566386
v 0.34229871 -0.33590588 -0.00887018
v 0.3334496 -0.37754407 0.00594232
v 0.33824244 -0.38407757 0.00488691
v 0.33501148 -0.40019574 -0.00841875
v 0.33549776 -0.36730563 -0.00324263
v 0.3349654 -0.36666977 0.00846742
v 0.32069096 -0.38413074 -0.01773578
v 0.32720947 -0.36376315 -0.01469109
v 0.31312325 -0.42247721 -0.00763745
v 0.31344622 -0.4257017 0.00085462
v 0.30136859 -0.4443919 0.00045599
v 0.29524698 -0.45926538 -0.00275297
v 0.29499822 -0.46324715 -0.01936337
v 0.29256182 -0.45780482 -0.0454918
v 0.292122 -0.44871205 -0.04895522
v 0.29711291 -0.43931064 -0.02632654
v 0.31113407 -0.41695717 -0.01398944
v 0.28835567 -0.46821045 -0.04489995
v 0.35865786 -0.33101794 0.00020548
v 0.16408558 -0.29063814 -0.04626721
v 0.15946275 -0.28076618 -0.04250044
v 0.15110212 -0.29483982 -0.02196472
v 0.13906666 -0.30776098 -0.00252181
v 0.14333972 -0.31448024 -0.01227237
v 0.13386471 -0.3184342 -0.01327582
v 0.14357858 -0.30782038 -0.03418999
v 0.15090817 -0.29974451 -0.05721559
v 0.15825837 -0.30126634 -0.05359358
v 0.28237384 -0.43320334 -0.05391892
v 0.28775495 -0.42788177 -0.07787371
v 0.28017443 -0.41704592 -0.07663628
v 0.26137465 -0.41274961 -0.06718458
v 0.2632161 -0.42699646 -0.04268413
v 0.27349576 -0.41875326 -0.02461031
v 0.28022489 -0.42155095 -0.02906593
v 0.28709223 -0.42567297 -0.03096579
v 0.25162351 -0.41946357 -0.05827872
v 0.14356583 -0.22211842 -0.07640191
v 0.15269455 -0.20132373 -0.09447649
v 0.13252674 -0.20182824 -0.10073962
v 0.12622304 -0.24769541 -0.06735602
v 0.13917322 -0.2464593 -0.06110005
v 0.11759328 -0.19809223 -0.10499005
v 0.1079438 -0.22042466 -0.09932942
v 0.11513637 -0.2424924 -0.09268799
v 0.11893688 -0.25355058 -0.07431402
v 0.10353075 -0.23820321 -0.0990323
v 0.10306413 -0.17697365 -0.09573974
v 0.07257763 -0.19132305 -0.08379411
v 0.07378996 -0.2034019 -0.08457463
v 0.14008504 -0.16747586 -0.12115305
v 0.13495661 -0.15969012 -0.11723892
v 0.13623397 -0.15037691 -0.11015529
v 0.07360744 -0.21861761 -0.08487567
v 0.09572389 -0.2174092 -0.09460903
v 0.15974183 -0.33749455 -0.11023667
v 0.13266822 -0.3330262 -0.10008583
v 0.13554565 -0.35127475 -0.08968803
v 0.13451004 -0.38561114 -0.07976305
v 0.1558887 -0.39356187 -0.08627427
v 0.16873344 -0.40041697 -0.09005256
v 0.18261706 -0.37604281 -0.10076155
v 0.19867408 -0.36557683 -0.11741487
v 0.18866159 -0.35103055 -0.12120898
v 0.1809602 -0.33809548 -0.12495197
v 0.09783801 -0.3093625 -0.10426157
v 0.13052839 -0.31960311 -0.10896036
v 0.12900279 -0.30713999 -0.11501164
v 0.13445152 -0.29666048 -0.11370185
v 0.1137474 -0.28060925 -0.11012145
v 0.10321103 -0.25971511 -0.10269945
v 0.09127873 -0.26090249 -0.09990165
v 0.06825045 -0.26229777 -0.09223587
v 0.06759739 -0.28652367 -0.09900426
v 0.06714744 -0.30608868 -0.09826906
v 0.12935705 0.0726138 -0.12802466
v 0.12818042 0.09590477 -0.1318525
v 0.11543934 0.10688617 -0.12177888
v 0.10542362 0.0808052 -0.06342732
v 0.11850497 0.05619643 -0.05946572
v 0.1312845 0.05530331 -0.08990769
v 0.14172892 0.04591941 -0.12024481
v 0.09198431 0.10088859 -0.10585083
v 0.08506543 0.09530345 -0.06566674
v 0.19663994 -0.27881932 -0.12102759
v 0.18349671 -0.28060624 -0.09416716
v 0.17738932 -0.29196283 -0.09831374
v 0.16818247 -0.29912054 -0.10086575
v 0.17010457 -0.30386632 -0.11899245
v 0.18757124 -0.31108734 -0.14653918
v 0.21376451 -0.3055107 -0.17716459
v 0.20882007 -0.28946992 -0.1696888
v 0.21477457 -0.2752183 -0.16049055
v 0.1703224 -0.31538003 -0.12975876
v 0.15474045 -0.00659265 -0.13767039
v 0.15582309 -0.02897607 -0.16270259
v 0.14600408 0.00651476 -0.17562341
v 0.14555983 0.0322374 -0.18980789
v 0.14629222 0.04436691 -0.17724959
v 0.13124579 0.06104625 -0.14984808
v 0.1524699 0.01011257 -0.10597371
v 0.1369666 0.05952585 -0.17149651
v 0.15082092 0.04258593 -0.21712558
v 0.15789291 0.04629528 -0.20622366
v 0.14603489 -0.01738125 -0.19396676
v 0.12633492 0.03012624 -0.21712255
v 0.14009574 0.0479581 -0.22299613
v 0.13373816 -0.01643772 -0.22576221
v 0.12149154 -0.0031254 -0.23925226
v 0.14457011 -0.04067765 -0.21228119
v 0.28499409 -0.31444478 0.01069559
v 0.33854693 -0.29226556 0.01331934
v 0.32956093 -0.28599157 0.01388246
v 0.33157393 -0.2956511 0.02167564
v 0.33717122 -0.30412599 0.01757406
v 0.28271895 -0.32404294 0.00817649
v 0.28144362 -0.31742602 0.02368767
v 0.30115798 -0.33404624 -0.00937709
v 0.2909623 -0.33563432 -0.00379351
v 0.29225292 -0.36993047 0.01916098
v 0.30205294 -0.35031908 0.02030744
v 0.26941719 -0.39703828 0.02513761
v 0.26043033 -0.39988505 0.01466536
v 0.11080315 -0.3006047 0.00288649
v 0.25127813 -0.46359831 -0.00736298
v 0.25691625 -0.47449156 -0.00909936
v 0.26364833 -0.47055476 0.01344488
v 0.26998528 -0.44813755 0.02031303
v 0.26007509 -0.44566366 0.01331673
v 0.0928441 -0.29058039 -0.01401243
v 0.09235601 -0.30006992 -0.01286276
v 0.09272197 -0.30057045 -0.00024915
v 0.09708429 -0.291442 -0.00546426
v 0.35812494 -0.32918372 0.0126184
v 0.34576714 -0.38653698 0.00336508
v 0.33663919 -0.39095026 0.0117274
v 0.32539144 -0.40571084 0.01361511
v 0.33162036 -0.41067156 0.006982
v 0.33501318 -0.4074113 -0.00410935
v 0.23829664 -0.4572891 -0.03574496
v 0.24195243 -0.46835804 -0.03463619
v 0.25107106 -0.43850505 -0.01613923
v 0.23723764 -0.44857403 -0.03913493
v 0.25828462 -0.42409962 0.00668622
v 0.25754496 -0.42292705 -0.00316306
v 0.2666876 -0.42308712 0.01648957
v 0.12864023 0.10061311 -0.16876865
v 0.12924973 0.07679752 -0.16890725
v 0.13868364 0.07985177 -0.18660603
v 0.13948306 0.11117317 -0.19327545
v 0.13436919 0.12543954 -0.17885106
v 0.1473236 0.09658727 -0.20624919
v 0.14957752 0.19269113 -0.2287234
v 0.15442846 0.17804224 -0.24677597
v 0.1438578 0.16479267 -0.23773255
v 0.13501629 0.14789313 -0.22734212
v 0.13329795 0.16866295 -0.21643893
v 0.13678506 0.18656784 -0.20970653
v 0.11018319 -0.56589806 -0.4901362
v 0.13237009 -0.56803172 -0.46384838
v 0.10000663 -0.56724929 -0.44149628
v 0.07096624 -0.56673026 -0.43529477
v 0.07089778 -0.56545138 -0.46829173
v 0.08171552 -0.56396293 -0.51076638
v 0.00866072 -0.1862076 0.05648151
v 0.03215692 -0.18201607 0.05952834
v 0.02427682 -0.18060302 0.0888165
v -0.00459745 -0.18382546 0.0903177
v -0.01438485 -0.18603846 0.06057612
v 0.01052289 -0.17403805 0.10797789
v 0.16848763 -0.28459572 -0.0731797
v 0.16935579 -0.27559524 -0.06857625
v 0.1653907 -0.29080155 -0.07678122
v 0.12082295 0.12678524 -0.128901
v 0.10704437 0.12575858 -0.13994324
v 0.07051381 0.11268203 -0.13523586
v 0.06824672 0.1112091 -0.10657148
v 0.08773045 0.1043326 -0.15837778
v 0.06854882 0.10986574 -0.16109977
v 0.10362887 0.11617541 -0.1586738
v 0.17455615 -0.50891643 -0.12800064
v 0.15907014 -0.50793713 -0.13453149
v 0.17117704 -0.52976381 -0.16150417
v 0.17626524 -0.55098295 -0.19869454
v 0.20761722 -0.55032062 -0.20294901
v 0.21455214 -0.5312041 -0.12690129
v 0.18890184 -0.51334655 -0.11301265
v 0.24515099 -0.54672288 -0.21198843
v 0.24486744 -0.53770393 -0.17182019
v 0.24814589 -0.53280669 -0.13745947
v 0.27756911 -0.32301399 -0.25918895
v 0.25317725 -0.32310876 -0.21358512
v 0.26509323 -0.34348923 -0.21000812
v 0.27122581 -0.36003306 -0.20178709
v 0.29904222 -0.3786455 -0.23414404
v 0.32038804 -0.39655965 -0.29183736
v 0.32302954 -0.38119483 -0.34391486
v 0.30905368 -0.34522327 -0.32448944
v 0.29072958 -0.31546789 -0.31377628
v 0.31898543 -0.40813776 -0.25438869
v 0.27307108 -0.39164134 -0.09742015
v 0.25481483 -0.39109706 -0.08507364
v 0.2898277 -0.40036261 -0.10261872
v 0.28526443 -0.47165682 0.00008262
v 0.27838999 -0.47726252 -0.01674344
v 0.28709349 -0.47249573 -0.01981022
v 0.29199746 -0.45755657 0.00847745
v 0.29668888 -0.40547382 0.02114824
v 0.31547164 -0.39681893 0.01639857
v 0.30793651 -0.38584032 0.0175458
v 0.3090868 -0.37131139 0.02066486
v 0.27716434 -0.42236954 0.02154523
v 0.28622934 -0.42630815 0.02249737
v 0.31533834 -0.35451278 0.0186433
v 0.32352376 -0.3370921 0.01800072
v 0.33108001 -0.32081747 0.01852821
v 0.3405019 -0.33143165 0.01805294
v 0.3504444 -0.34222188 0.01229484
v 0.10683267 0.00698049 -0.25236657
v 0.10742227 0.06497615 -0.21502426
v 0.12353539 0.07600122 -0.21474449
v 0.13249671 0.05934739 -0.22276239
v 0.08998175 0.04180035 -0.24715472
v 0.09019517 0.06536541 -0.22698332
v 0.15619343 0.15362477 -0.25730738
v 0.15355381 0.12507149 -0.25947502
v 0.14139427 0.13012601 -0.24209734
v 0.17687128 0.1877404 -0.21614877
v 0.16764041 0.18755625 -0.19690065
v 0.16406978 0.173922 -0.20473478
v 0.17554146 0.16830636 -0.2269891
v 0.18490973 0.17723366 -0.23413381
v 0.16184154 0.16318042 -0.2183939
v 0.15289695 0.14242006 -0.21644075
v 0.14558149 0.12918978 -0.20507371
v 0.15323138 0.11522966 -0.21880586
v 0.16771799 0.12891119 -0.23822885
v 0.16449403 0.14940773 -0.23085042
v 0.16610561 0.10444119 -0.23147401
v 0.08092903 -0.05912774 0.08528034
v 0.06936704 -0.0426387 0.09452254
v 0.06398547 -0.07230698 0.11904201
v 0.07487478 -0.10007135 0.11298818
v 0.08949722 -0.09260376 0.08191456
v 0.06218884 -0.09870263 0.1307687
v 0.10324957 -0.03208757 0.01476078
v 0.10036616 0.00640358 0.00881084
v 0.08554232 0.0145199 0.02554144
v 0.10191822 -0.07986141 0.04853528
v 0.11479376 -0.07850324 0.02206383
v 0.07909221 0.03086208 0.04360575
v 0.07640855 -0.003806 0.06469559
v 0.10688142 0.02840052 -0.02617617
v 0.10330696 0.05319175 -0.02538698
v 0.09033044 0.03942213 0.00742099
v 0.11985292 0.00056523 -0.0178074
v 0.12572278 -0.00784572 -0.04248656
v 0.11839952 0.02459189 -0.05534588
v 0.12299435 -0.03619874 -0.00813041
v 0.14152213 -0.04107856 -0.02940182
v 0.15701174 -0.04884848 -0.05602627
v 0.14688849 -0.01291834 -0.06337858
v 0.12954159 -0.07993871 -0.00310276
v 0.14404065 -0.08253019 -0.02850982
v 0.15565134 -0.08857135 -0.05518426
v 0.16169838 -0.09850519 -0.08322511
v 0.16600704 -0.06172079 -0.08707899
v 0.13322871 -0.12249914 -0.03667867
v 0.14119879 -0.12693774 -0.06163145
v 0.14376272 -0.13459754 -0.08340505
v 0.14061148 -0.14362527 -0.09954553
v 0.16125309 -0.11242754 -0.10744805
v 0.11302179 -0.15738073 -0.0649131
v 0.11092664 -0.16207109 -0.07848993
v 0.10663495 -0.16665057 -0.088585
v 0.07554024 -0.17573939 -0.07102388
v 0.07298469 -0.18073955 -0.07950674
v 0.04048313 -0.18372637 -0.06493923
v 0.03911466 -0.18921625 -0.07236865
v 0.03929514 -0.19892965 -0.07539299
v 0.04053812 -0.21004779 -0.07606277
v 0.0026518 -0.1925356 -0.06856168
v 0.00176828 -0.20186738 -0.07188696
v 0.00067104 -0.21297401 -0.07274084
v -0.0007869 -0.22582858 -0.07409661
v 0.04027281 -0.22323626 -0.07704436
v -0.03456119 -0.19970351 -0.0747014
v -0.03764393 -0.21125592 -0.07569005
v -0.04096325 -0.22452522 -0.07727464
v -0.04464043 -0.24179908 -0.08115395
v -0.00319613 -0.24234604 -0.07756122
v -0.07445164 -0.24132053 -0.088666
v -0.09349709 -0.24266357 -0.096682
v -0.10480357 -0.24486646 -0.09967283
v -0.10823529 -0.26361304 -0.10334987
v -0.11440814 -0.24880285 -0.09396864
v -0.11778337 -0.26458105 -0.09637359
v -0.12885934 -0.27962136 -0.09903366
v -0.1205137 -0.28172501 -0.1093535
v -0.14294081 -0.29366448 -0.10005906
v -0.13925983 -0.29689788 -0.11159636
v -0.13156718 -0.28190472 -0.08278054
v -0.14331112 -0.29017016 -0.08218425
v -0.15519514 -0.29561534 -0.08096157
v -0.1404909 -0.29320427 -0.05997601
v -0.13083687 -0.28796541 -0.06122457
v -0.12422819 -0.29894548 -0.04061654
v -0.13361237 -0.30328512 -0.03791099
v -0.11579988 -0.30609118 -0.02145213
v -0.12449866 -0.31195843 -0.01758361
v -0.10742498 -0.29983979 -0.02451777
v -0.09913207 -0.30606681 -0.01028866
v -0.11600115 -0.29265376 -0.04226973
v -0.11059626 -0.28425803 -0.04157978
v -0.10080405 -0.29287514 -0.02636449
v -0.12229464 -0.28120726 -0.06219903
v -0.11704195 -0.27295923 -0.05884519
v -0.11902815 -0.26579377 -0.0534159
v -0.11130445 -0.27648842 -0.03664983
v -0.12256009 -0.27045702 -0.08155842
v -0.11821273 -0.25868278 -0.07822218
v -0.11826288 -0.27456584 -0.03021195
v -0.1068109 -0.28350558 -0.01656745
v -0.10024215 -0.28481802 -0.02287947
v -0.12622131 -0.26276227 -0.04789974
v -0.13610804 -0.26319396 -0.0432328
v -0.12671898 -0.27736645 -0.02503651
v -0.13526976 -0.28070497 -0.02151973
v -0.12238816 -0.29280188 -0.00667326
v -0.11417992 -0.28797549 -0.0116668
v -0.14525201 -0.26618278 -0.04068392
v -0.15388514 -0.27222138 -0.04078759
v -0.14413413 -0.28595429 -0.02076343
v -0.15354752 -0.24897806 -0.05986103
v -0.16310922 -0.25624275 -0.06164084
v -0.16804042 -0.2658452 -0.06591755
v -0.16387505 -0.2252544 -0.07778909
v -0.1763219 -0.23602826 -0.08174198
v -0.18343998 -0.24997481 -0.0872614
v -0.18621355 -0.26567658 -0.09163627
v -0.18979698 -0.21710622 -0.10842528
v -0.19929018 -0.23656418 -0.1145365
v -0.20300801 -0.2582561 -0.11849537
v -0.21534553 -0.22328266 -0.14721602
v -0.22105522 -0.25013884 -0.153842
v -0.22925476 -0.2089485 -0.18254438
v -0.23604603 -0.23984341 -0.19481714
v -0.2355654 -0.26508989 -0.20473979
v -0.23468826 -0.283683 -0.21163776
v -0.24597467 -0.22362761 -0.23551742
v -0.25100126 -0.25223022 -0.24833545
v -0.25141376 -0.27565807 -0.25723499
v -0.25895631 -0.29575479 -0.26176893
v -0.239249 -0.30125829 -0.21563465
v -0.25110194 -0.23501771 -0.291581
v -0.2537215 -0.26277378 -0.30331739
v -0.26621943 -0.28564009 -0.31235167
v -0.24548803 -0.24779643 -0.34823042
v -0.26121169 -0.27329519 -0.36297282
v -0.2825908 -0.2983134 -0.37626761
v -0.30136108 -0.32672104 -0.39106315
v -0.24590174 -0.2589035 -0.41054311
v -0.2632893 -0.28708043 -0.42769306
v -0.27933985 -0.31752345 -0.44490799
v -0.28982237 -0.35361185 -0.46069058
v -0.31252852 -0.36378526 -0.40714496
v -0.23493701 -0.27388688 -0.47486019
v -0.24796591 -0.30596917 -0.49365878
v -0.25748997 -0.34263449 -0.51009714
v -0.26111933 -0.38409411 -0.51995295
v -0.29277375 -0.39436593 -0.47109174
v -0.20937241 -0.29161948 -0.53703665
v -0.21827583 -0.3298349 -0.55423939
v -0.22286686 -0.37305635 -0.56435018
v -0.22244629 -0.41874647 -0.56597793
v -0.25894454 -0.42841681 -0.52216708
v -0.17381936 -0.31660154 -0.59179663
v -0.17910793 -0.36161798 -0.60251551
v -0.18078376 -0.4088 -0.60517692
v -0.17889669 -0.45553851 -0.60099548
v -0.21820911 -0.46432256 -0.56144267
v -0.13124251 -0.35205456 -0.63407379
v -0.13412499 -0.3999519 -0.63817405
v -0.13397209 -0.44701588 -0.63534688
v -0.13010159 -0.49012035 -0.62632018
v -0.17325834 -0.49763053 -0.59188854
v -0.08200012 -0.39357522 -0.66413116
v -0.08272804 -0.44028949 -0.66276615
v -0.08038646 -0.4834021 -0.65350323
v -0.07428758 -0.51866 -0.63520008
v -0.12138041 -0.52542394 -0.61015474
v -0.02529446 -0.43693131 -0.68005663
v -0.02456252 -0.47981461 -0.66990047
v -0.02268509 -0.51523804 -0.64953571
v -0.01956082 -0.54113656 -0.61740785
v -0.06454163 -0.54405766 -0.60602831
v 0.03397066 -0.48029384 -0.66826623
v 0.03067052 -0.51551824 -0.64820021
v 0.02586629 -0.5412898 -0.61655885
v 0.02132634 -0.55487752 -0.57600879
v -0.01661684 -0.55477559 -0.57651948
v 0.0815783 -0.51971423 -0.63212722
v 0.0703707 -0.54477661 -0.60369241
v 0.05948864 -0.557433 -0.56630271
v 0.049937 -0.56220942 -0.5236538
v 0.01758738 -0.56115388 -0.5295335
v 0.1126662 -0.55037629 -0.58037602
v 0.09658836 -0.5611847 -0.54767143
v 0.15021827 -0.55521887 -0.54955858
v 0.13026325 -0.56420505 -0.52116882
v 0.18143869 -0.56005835 -0.51370585
v 0.15792848 -0.56719052 -0.4896909
v 0.20712165 -0.56575769 -0.47433248
v 0.17940659 -0.571015 -0.45419961
v 0.14850656 -0.5707798 -0.43338313
v 0.11107802 -0.56904327 -0.41542118
v 0.194072 -0.57498103 -0.41519418
v 0.15905402 -0.57357263 -0.39866867
v 0.12014876 -0.5710777 -0.38393765
v 0.16487665 -0.57554006 -0.36140191
v 0.12597826 -0.57248246 -0.34941631
v 0.0881691 -0.5701639 -0.34047618
v 0.08321113 -0.56923216 -0.37426012
v 0.07690821 -0.56799793 -0.40551331
v 0.04902046 -0.56864374 -0.36924377
v 0.04555605 -0.56771564 -0.40288257
v 0.04315845 -0.56649059 -0.43719604
v 0.01575335 -0.5677582 -0.40257334
v 0.01516242 -0.56651574 -0.43905624
v 0.0155105 -0.56447219 -0.48126474
v 0.04391124 -0.56474095 -0.47702866
v -0.0133126 -0.56651788 -0.43922582
v -0.0132306 -0.56446713 -0.48143577
v -0.01421464 -0.56109947 -0.52986002
v -0.04184949 -0.56469535 -0.47758761
v -0.0469216 -0.56207221 -0.52441394
v -0.05489672 -0.55702358 -0.56779062
v -0.09278334 -0.56082201 -0.55010926
v -0.10761901 -0.54954898 -0.58405304
v -0.12729552 -0.56391859 -0.52415692
v -0.14641381 -0.55453568 -0.55368107
v -0.162648 -0.53166604 -0.57691466
v -0.17844657 -0.55938333 -0.51807773
v -0.19785977 -0.53782719 -0.53860253
v -0.21051971 -0.5049985 -0.55242133
v -0.22718088 -0.54489409 -0.49683457
v -0.24184483 -0.51249033 -0.50943893
v -0.25207796 -0.47276225 -0.51804542
v -0.26725849 -0.51990515 -0.46373277
v -0.28031128 -0.48110112 -0.47191309
v -0.28931337 -0.4377869 -0.4748193
v -0.30063915 -0.48882949 -0.42310404
v -0.31076917 -0.44683373 -0.42461714
v -0.31516161 -0.4042859 -0.41911527
v -0.32286551 -0.45533084 -0.37385675
v -0.32642814 -0.4144206 -0.36688479
v -0.32595047 -0.46253329 -0.32572799
v -0.32771968 -0.42554694 -0.3177213
v -0.32345032 -0.46781843 -0.27914288
v -0.32520914 -0.43523854 -0.27367177
v -0.32932061 -0.4708074 -0.23394428
v -0.32973477 -0.44087773 -0.23163692
v -0.32274362 -0.41179513 -0.22516806
v -0.32494238 -0.44364252 -0.1866616
v -0.32087904 -0.41787341 -0.18646302
v -0.30878192 -0.39400702 -0.18255822
v -0.30401089 -0.38441404 -0.21247161
v -0.28612157 -0.37592619 -0.16964002
v -0.27586492 -0.3689326 -0.19081325
v -0.25456851 -0.36794945 -0.14714103
v -0.24407152 -0.36026531 -0.16055281
v -0.23667581 -0.34674906 -0.16696803
v -0.22862424 -0.33189559 -0.17203235
v -0.18959718 -0.32331687 -0.14333561
v -0.21981526 -0.3180556 -0.1752862
v -0.16094017 -0.32369491 -0.12092202
v -0.22516852 -0.37001931 -0.12237304
v -0.26455941 -0.37537622 -0.12595243
v -0.23900258 -0.3755652 -0.10622078
v -0.21850888 -0.38355305 -0.08772177
v -0.20256696 -0.37885257 -0.10236883
v -0.20316818 -0.39965194 -0.07627608
v -0.1882485 -0.39321497 -0.09138141
v -0.19193939 -0.41985628 -0.0714475
v -0.17759774 -0.41338414 -0.08623205
v -0.16514721 -0.40745464 -0.08914243
v -0.1520482 -0.40130832 -0.08490887
v -0.17059347 -0.43789511 -0.08627731
v -0.15841023 -0.43364784 -0.08997791
v -0.14578743 -0.43067783 -0.08701825
v -0.12865479 -0.42763143 -0.08085081
v -0.13161878 -0.39341598 -0.07832709
v -0.15735903 -0.46001026 -0.09778905
v -0.14454297 -0.4590657 -0.09642839
v -0.12768033 -0.45904284 -0.09116286
v -0.10276548 -0.45880678 -0.08436839
v -0.09934056 -0.42367342 -0.07310603
v -0.1488683 -0.48535117 -0.11292668
v -0.13165204 -0.48793286 -0.10932944
v -0.10699428 -0.49026092 -0.10330694
v -0.06528921 -0.49290722 -0.09436456
v -0.06258847 -0.45974338 -0.07629069
v -0.1380776 -0.51308435 -0.133686
v -0.10880899 -0.51724356 -0.12845052
v -0.06596816 -0.52045679 -0.11920319
v -0.02026899 -0.5222696 -0.11256753
v -0.01980827 -0.49446022 -0.08830478
v -0.10709714 -0.53875297 -0.15806371
v -0.06357392 -0.54123652 -0.14940197
v -0.01980007 -0.54293692 -0.14295683
v 0.02463531 -0.54273051 -0.14313256
v 0.02617976 -0.52189165 -0.11276092
v -0.06008425 -0.5554592 -0.18402719
v -0.01869589 -0.55684679 -0.17910955
v 0.02251952 -0.55667418 -0.17913849
v 0.06368164 -0.55512559 -0.18389459
v 0.06793025 -0.54065167 -0.14956964
v -0.01797502 -0.56661284 -0.21753871
v 0.02112461 -0.56647884 -0.21746386
v 0.06047939 -0.56472498 -0.22124487
v 0.10003837 -0.56339359 -0.22741362
v 0.10527618 -0.55362856 -0.19080008
v 0.02009167 -0.57134991 -0.25624066
v 0.0577657 -0.56992214 -0.2597033
v 0.09597174 -0.56883299 -0.26582187
v 0.13383145 -0.5699048 -0.27294138
v 0.1382008 -0.56363099 -0.2334501
v 0.05509935 -0.5704469 -0.29783776
v 0.09222628 -0.57055741 -0.30392539
v 0.13003921 -0.57262271 -0.31213763
v 0.1679591 -0.57570648 -0.32168471
v 0.17049208 -0.57252049 -0.28026357
v 0.20468875 -0.57699281 -0.33116725
v 0.2061174 -0.57410651 -0.28736397
v 0.20815344 -0.56568688 -0.24427908
v 0.17367655 -0.56467866 -0.23876343
v 0.14272701 -0.55234336 -0.19549091
v 0.14502799 -0.53385984 -0.16159291
v 0.11056175 -0.53793579 -0.15766064
v 0.14030554 -0.51171582 -0.1329911
v 0.11273354 -0.51579755 -0.12815624
v 0.07117873 -0.51943457 -0.11946089
v 0.11098381 -0.48838979 -0.10308614
v 0.07183583 -0.49140286 -0.0947813
v 0.02659232 -0.49387782 -0.0885626
v 0.06914389 -0.45764383 -0.07665575
v 0.02638164 -0.45983839 -0.07121694
v -0.01857478 -0.46063467 -0.070992
v 0.02624005 -0.42081427 -0.06243076
v -0.01709435 -0.42193433 -0.06198883
v -0.05967737 -0.42212203 -0.06641919
v -0.01577106 -0.38244044 -0.06225305
v -0.05795897 -0.38312268 -0.06594625
v -0.09762408 -0.38549625 -0.07143277
v -0.05741238 -0.35031434 -0.073071
v -0.09747949 -0.35255727 -0.07894904
v -0.05615446 -0.32657071 -0.08549442
v -0.09622997 -0.32959348 -0.09134204
v -0.01297969 -0.32624566 -0.0821242
v -0.01160503 -0.30718579 -0.09140494
v -0.01452861 -0.35040214 -0.06956283
v 0.02822824 -0.34912666 -0.07072176
v 0.029694 -0.32529923 -0.08353021
v 0.02687477 -0.38100653 -0.06300059
v 0.0665369 -0.37901958 -0.06745889
v 0.06748358 -0.34687715 -0.07580831
v 0.06699748 -0.41898116 -0.06720483
v 0.10416688 -0.41918823 -0.07339366
v 0.10292626 -0.37906882 -0.07307767
v 0.10752822 -0.4562653 -0.08429547
v 0.12941594 -0.45607084 -0.09036026
v 0.13113941 -0.42281669 -0.08047315
v 0.13277114 -0.48598915 -0.10837334
v 0.1495088 -0.48343917 -0.11185554
v 0.14576572 -0.45601254 -0.09550286
v 0.15766839 -0.4570136 -0.09660561
v 0.15989898 -0.42879176 -0.08937683
v 0.14796492 -0.4257768 -0.08647868
v 0.16256171 -0.48365008 -0.1104259
v 0.17446212 -0.48810964 -0.09975236
v 0.16947655 -0.46085083 -0.0901444
v 0.18561682 -0.46670836 -0.07280272
v 0.18629603 -0.43983852 -0.0704855
v 0.17194455 -0.43332424 -0.08559025
v 0.19316896 -0.49171 -0.07895366
v 0.21981094 -0.48311606 -0.05610759
v 0.21174518 -0.46611899 -0.05472022
v 0.20869371 -0.5117557 -0.08721748
v 0.23158994 -0.49348962 -0.05971209
v 0.24759891 -0.47662216 -0.03552102
v 0.22955347 -0.5216214 -0.09441358
v 0.24416574 -0.49785399 -0.06363648
v 0.25536158 -0.48152956 -0.03741408
v 0.26313456 -0.47885248 -0.01170189
v 0.25653028 -0.49686601 -0.06717499
v 0.26360014 -0.48322343 -0.03965336
v 0.27077865 -0.47924581 -0.01373151
v 0.27929711 -0.4746901 0.00711527
v 0.27049303 -0.47504416 0.01179255
v 0.27341699 -0.48105648 -0.04188464
v 0.26846674 -0.49188298 -0.06997151
v 0.27922147 -0.48458221 -0.07256839
v 0.28177157 -0.47556561 -0.04345603
v 0.28706857 -0.47518178 -0.07412575
v 0.28770297 -0.50337487 -0.10357623
v 0.30012261 -0.48753806 -0.10520213
v 0.30643072 -0.4697752 -0.10661564
v 0.29119133 -0.46420338 -0.0754923
v 0.3081049 -0.45221069 -0.1071858
v 0.29281678 -0.45239558 -0.07719641
v 0.30659836 -0.43306493 -0.10708159
v 0.29216009 -0.43988552 -0.07827147
v 0.28853234 -0.44055983 -0.05208228
v 0.29291516 -0.43171954 -0.02975332
v 0.30509099 -0.41148871 -0.02014366
v 0.29818779 -0.40586596 -0.02358203
v 0.30902001 -0.38088816 -0.02387904
v 0.28895941 -0.40063273 -0.02406333
v 0.29756623 -0.37676557 -0.02443023
v 0.30494692 -0.35439723 -0.02053006
v 0.3157525 -0.35850897 -0.02043441
v 0.27937662 -0.39664638 -0.02056035
v 0.28710216 -0.37345844 -0.01931023
v 0.29493162 -0.35303628 -0.0155796
v 0.31205183 -0.33509603 -0.01426141
v 0.27843403 -0.37171173 -0.01041986
v 0.28534272 -0.35364309 -0.00864652
v 0.27059501 -0.39543092 -0.01350667
v 0.26420265 -0.39642441 -0.00497547
v 0.26661452 -0.41836109 -0.01884813
v 0.26107099 -0.41976082 -0.01189678
v 0.26007965 -0.39854392 0.00480343
v 0.25688162 -0.42985957 -0.03362286
v 0.25270709 -0.43377745 -0.02504617
v 0.24336601 -0.4283306 -0.05092744
v 0.23890799 -0.43897044 -0.04438828
v 0.22478345 -0.40977278 -0.06239894
v 0.2150762 -0.42779204 -0.05696915
v 0.21028408 -0.44700384 -0.05500302
v 0.19486533 -0.41458398 -0.07200958
v 0.20780751 -0.39447179 -0.07841779
v 0.19430287 -0.38665622 -0.09454631
v 0.18089105 -0.40722325 -0.08668752
v 0.22463439 -0.38102495 -0.09182494
v 0.21069887 -0.37522155 -0.10872019
v 0.24520705 -0.37527805 -0.1094525
v 0.23237906 -0.36896815 -0.12688633
v 0.22161018 -0.3611066 -0.13755022
v 0.25952738 -0.3689695 -0.14843809
v 0.24935653 -0.36228877 -0.16206713
v 0.24152934 -0.35010024 -0.16890415
v 0.21279647 -0.34838733 -0.14327161
v 0.23286108 -0.33525723 -0.17341493
v 0.2047396 -0.33570057 -0.14665347
v 0.22308346 -0.32029959 -0.17667287
v 0.19642381 -0.32346522 -0.14907594
v 0.17464529 -0.32682701 -0.12881456
v 0.15357522 -0.31557044 -0.12036797
v 0.15546308 -0.32556849 -0.11662273
v 0.15483717 -0.30506721 -0.11483955
v 0.15382137 -0.30013832 -0.10114193
v 0.13882635 -0.29038876 -0.10110784
v 0.12491583 -0.27638852 -0.10034701
v 0.1499516 -0.2938275 -0.08155702
v 0.13873918 -0.2873058 -0.08291319
v 0.12786799 -0.27794298 -0.08272226
v 0.11988448 -0.26556444 -0.08059788
v 0.11524956 -0.25971147 -0.09650677
v 0.13445149 -0.2903831 -0.06056575
v 0.12573792 -0.28446045 -0.06203374
v 0.11826542 -0.27644622 -0.06007211
v 0.11750898 -0.26812112 -0.05479829
v 0.11779467 -0.29470607 -0.04177996
v 0.11109759 -0.28630161 -0.04178387
v 0.11022694 -0.27795359 -0.0376388
v 0.1165251 -0.2746129 -0.03103189
v 0.12419623 -0.26343169 -0.04828235
v 0.10115207 -0.29393875 -0.02629399
v 0.09978663 -0.28558918 -0.0233287
v 0.10596723 -0.28345751 -0.01691375
v 0.11342103 -0.28770896 -0.01192581
v 0.12547966 -0.27725344 -0.02529028
v 0.10360422 -0.29602837 -0.00176639
v 0.12185725 -0.29265067 -0.00675137
v 0.09729702 -0.30409789 0.00036475
v 0.09929232 -0.30620831 -0.01011162
v 0.10820704 -0.30055889 -0.02398888
v 0.11648013 -0.30681398 -0.02102538
v 0.12593001 -0.30006095 -0.03965628
v 0.13510124 -0.30389881 -0.03729455
v 0.12498151 -0.31248739 -0.01716907
v 0.14338128 -0.2953948 -0.05837566
v 0.15921661 -0.29515272 -0.07972383
v 0.13047328 -0.29983115 -0.00391433
v 0.14349807 -0.28593397 -0.02028696
v 0.13416279 -0.28073421 -0.02133011
v 0.15288446 -0.27217051 -0.03992639
v 0.14394055 -0.26629748 -0.04011103
v 0.13450379 -0.26353555 -0.04292485
v 0.15178935 -0.25001773 -0.05882773
v 0.16173453 -0.25685828 -0.06000257
v 0.17435301 -0.23773962 -0.07898844
v 0.16166916 -0.22755755 -0.07508201
v 0.18804243 -0.22047326 -0.10411186
v 0.17299948 -0.20700649 -0.09751988
v 0.20049515 -0.20401932 -0.13258253
v 0.18226392 -0.18800509 -0.12269308
v 0.1632341 -0.17918007 -0.11883676
v 0.19122695 -0.16735585 -0.15222957
v 0.1745713 -0.15545903 -0.1466739
v 0.16461609 -0.14722116 -0.14339633
v 0.14950469 -0.17386277 -0.12105449
v 0.15817882 -0.13962195 -0.1397542
v 0.16955094 -0.12315683 -0.16535548
v 0.16292887 -0.11527795 -0.15884178
v 0.16222718 -0.10637883 -0.14961285
v 0.15507577 -0.13158215 -0.13324701
v 0.16566458 -0.09602041 -0.13726817
v 0.15721312 -0.12418465 -0.12370121
v 0.1676131 -0.07860698 -0.11599665
v 0.16450035 -0.06395474 -0.1509006
v 0.16331204 -0.04422167 -0.12556223
v 0.15986526 -0.02677989 -0.09571696
v 0.13544173 0.01976524 -0.07735902
v 0.16226846 -0.07885798 -0.16649398
v 0.15512289 -0.04946149 -0.18175983
v 0.15311332 -0.06552252 -0.19583283
v 0.16100785 -0.09062746 -0.17788307
v 0.16752034 -0.1005578 -0.18803228
v 0.1598321 -0.07819592 -0.20871749
v 0.17381849 -0.09083789 -0.22264306
v 0.16481345 -0.07304594 -0.24655507
v 0.15035605 -0.05764674 -0.22823476
v 0.17972733 -0.11044924 -0.19735813
v 0.1979902 -0.12745462 -0.21197359
v 0.19196817 -0.1101314 -0.24170608
v 0.18065998 -0.13182517 -0.17153494
v 0.19752652 -0.14697635 -0.18187239
v 0.21897831 -0.16878348 -0.19583459
v 0.21817469 -0.15120953 -0.22974036
v 0.21172924 -0.18711149 -0.16341236
v 0.22812371 -0.21338178 -0.1769984
v 0.23661401 -0.19698074 -0.21250046
v 0.21341209 -0.22634425 -0.1424115
v 0.2192583 -0.25269994 -0.15054465
v 0.2341312 -0.24376192 -0.19050177
v 0.19733211 -0.23822253 -0.11088171
v 0.20130312 -0.25898242 -0.11579217
v 0.18184085 -0.25099283 -0.08479339
v 0.18498586 -0.2656449 -0.08970183
v 0.16717909 -0.26605957 -0.0641947
v 0.23360684 -0.26785206 -0.20195455
v 0.2499202 -0.25748592 -0.24304018
v 0.24578838 -0.22936116 -0.22984434
v 0.25229445 -0.24121695 -0.28448188
v 0.24692566 -0.21135757 -0.26842907
v 0.23539876 -0.17995539 -0.24932745
v 0.23880328 -0.19314524 -0.30668842
v 0.22810293 -0.16237548 -0.28526938
v 0.2118033 -0.13423645 -0.26297634
v 0.2147669 -0.14560273 -0.32003262
v 0.19990347 -0.11834691 -0.29479837
v 0.18184831 -0.09424687 -0.27004137
v 0.18231403 -0.10355287 -0.32416436
v 0.16750392 -0.08007087 -0.29642888
v 0.15289017 -0.05859449 -0.27000758
v 0.1487798 -0.06625399 -0.32006731
v 0.13719132 -0.04533473 -0.29109439
v 0.1252776 -0.02782662 -0.26399159
v 0.13902545 -0.04109774 -0.24707649
v 0.11782556 -0.03171924 -0.309771
v 0.10857896 -0.01568776 -0.27979156
v 0.09319019 -0.01723769 -0.32607844
v 0.08691251 -0.0034991 -0.29435217
v 0.08526596 0.01590189 -0.26781007
v 0.05915143 0.00880945 -0.30511477
v 0.05899525 0.02471939 -0.27756726
v 0.0636978 0.04734879 -0.25824073
v 0.02633696 0.03289957 -0.28234177
v 0.02929901 0.05545296 -0.26063868
v 0.03289992 0.07531004 -0.23792728
v 0.06732227 0.06939046 -0.23608075
v 0.03486582 0.09183248 -0.21449844
v 0.06757769 0.08813829 -0.21140033
v 0.08785445 0.08431681 -0.20552766
v 0.06688208 0.10140134 -0.1864364
v 0.08549341 0.09712886 -0.18203271
v 0.10265857 0.10203175 -0.17894506
v 0.10460706 0.08498618 -0.19916282
v 0.11196057 0.11816894 -0.18377782
v 0.11704427 0.09750297 -0.20138266
v 0.11778651 0.13566665 -0.1931622
v 0.12281917 0.11268702 -0.20969431
v 0.13048924 0.09146171 -0.2257319
v 0.13932178 0.07640829 -0.2374103
v 0.12833772 0.12960554 -0.21854582
v 0.13682453 0.11044029 -0.23655702
v 0.14722877 0.09784849 -0.2521649
v 0.15935084 0.08942457 -0.26233083
v 0.15026931 0.06427148 -0.24284309
v 0.16705881 0.12462343 -0.27082502
v 0.18216209 0.12433716 -0.27115005
v 0.17499248 0.08583324 -0.26102727
v 0.16984003 0.15902163 -0.26455378
v 0.18335805 0.16017954 -0.26183795
v 0.18960544 0.15707673 -0.25072708
v 0.19062846 0.12468718 -0.2592135
v 0.16708311 0.18557702 -0.24911046
v 0.17913508 0.18417394 -0.24325569
v 0.15990488 0.19872209 -0.22654093
v 0.1712673 0.19737222 -0.22131426
v 0.14631408 0.19840502 -0.2042956
v 0.15930263 0.19868852 -0.19848054
v 0.13292722 0.18783214 -0.18445362
v 0.14678517 0.19008265 -0.17771516
v 0.1576569 0.17948316 -0.17950223
v 0.13483163 0.17424243 -0.15737134
v 0.14775475 0.16559596 -0.16190293
v 0.14456799 0.15513807 -0.17584577
v 0.15403154 0.16724671 -0.19105313
v 0.14186783 0.14330303 -0.19087192
v 0.15060654 0.15577049 -0.2045146
v 0.13577039 0.13648644 -0.16239824
v 0.14003546 0.144524 -0.14627142
v 0.13362273 0.11922936 -0.13704219
v 0.12857158 0.11162304 -0.15309923
v 0.12475334 0.08612877 -0.14794407
v 0.12596516 0.15135894 -0.1400205
v 0.11205215 0.14779305 -0.15041172
v 0.12092988 0.16985712 -0.16608344
v 0.116556 0.15546998 -0.17915241
v 0.10943098 0.13528138 -0.16657997
v 0.1257289 0.17294846 -0.19393345
v 0.12463764 0.15267731 -0.2042614
v 0.1834809 0.12654696 -0.246877
v 0.18069456 0.09637188 -0.23780979
v 0.18490839 0.08831699 -0.24998666
v 0.1797752 0.15292698 -0.2405118
v 0.17089131 0.0733349 -0.21927085
v 0.17226545 0.06242569 -0.22955295
v 0.16349799 0.05859952 -0.23926645
v 0.15796256 0.05698387 -0.19671946
v 0.1491795 0.06765907 -0.19242771
v 0.15946535 0.08398016 -0.21462954
v 0.03556804 0.10538911 -0.18970215
v 0.03674569 0.11469926 -0.16393202
v -0.0084579 0.10659555 -0.19042034
v -0.00819002 0.11623705 -0.16475017
v -0.00710146 0.12175864 -0.13830432
v 0.03776161 0.11935725 -0.13762341
v -0.00594375 0.12340549 -0.10880791
v 0.03551746 0.12040688 -0.10887261
v -0.0052666 0.11895721 -0.07411961
v 0.03164362 0.11563044 -0.07336784
v 0.06094772 0.10659752 -0.0699002
v 0.02865631 0.10649656 -0.03132944
v 0.05494255 0.09877991 -0.028898
v 0.07720798 0.08813206 -0.02565198
v 0.05102449 0.08364665 0.01608079
v 0.06991672 0.07311903 0.0161858
v 0.08391811 0.0583409 0.01398393
v 0.09458227 0.07375552 -0.02360513
v 0.06518093 0.04483826 0.05243485
v 0.04735253 0.05459427 0.05686913
v 0.04355402 0.01612612 0.08713962
v 0.06216983 0.00879446 0.08058372
v 0.03957386 -0.02309566 0.11295053
v 0.05642968 -0.03095399 0.10553215
v 0.03581506 -0.05760983 0.13593603
v 0.05125786 -0.06443522 0.12829239
v 0.03264066 -0.08975294 0.15236771
v 0.04854826 -0.09423062 0.14405739
v 0.02398927 -0.11909114 0.15559238
v 0.04044408 -0.12329774 0.14767375
v 0.05659559 -0.12610162 0.13255098
v 0.06984526 -0.12677823 0.11052913
v 0.02590734 -0.14108608 0.13906107
v 0.04163596 -0.14555183 0.12499728
v 0.05565401 -0.14780677 0.10328488
v 0.06893 -0.1481409 0.07294449
v 0.08251912 -0.12358224 0.07842473
v 0.02596136 -0.15955765 0.11625681
v 0.0417067 -0.16651718 0.09676948
v 0.05358207 -0.16960474 0.06690277
v 0.06328871 -0.16765509 0.03155607
v 0.08095738 -0.14704568 0.03964655
v 0.0384291 -0.17818154 0.02302924
v 0.04203537 -0.17582361 -0.01147763
v 0.0713531 -0.16568037 -0.00320426
v 0.00811666 -0.18119466 0.01942015
v 0.00705338 -0.17750527 -0.01386889
v 0.00619823 -0.17975042 -0.03194234
v 0.04362956 -0.17842583 -0.03244115
v -0.02155135 -0.18086667 0.02365171
v -0.0274903 -0.17723272 -0.00961689
v -0.03099111 -0.1793515 -0.03036627
v -0.03251554 -0.18131163 -0.04336759
v 0.00547133 -0.18180361 -0.04379585
v -0.05620111 -0.17218145 -0.00018363
v -0.06325746 -0.17298474 -0.02678727
v -0.0662729 -0.17543888 -0.04474322
v -0.06642632 -0.17690938 -0.05702022
v -0.03279854 -0.18254292 -0.05375648
v -0.08796975 -0.15836343 -0.01870375
v -0.09589868 -0.16130992 -0.04372487
v -0.09758354 -0.1652394 -0.06030262
v -0.09625045 -0.16821911 -0.07296741
v -0.06533926 -0.17843835 -0.06787339
v -0.11844366 -0.13950286 -0.03528201
v -0.12584397 -0.14389927 -0.05902817
v -0.12698109 -0.15065209 -0.07748378
v -0.12367706 -0.15671382 -0.09187904
v -0.09365901 -0.17256222 -0.0837104
v -0.14565493 -0.1126593 -0.05112119
v -0.15172509 -0.11943904 -0.07797119
v -0.15061946 -0.13087298 -0.09891015
v -0.14664529 -0.13948062 -0.11353433
v -0.16338694 -0.08268394 -0.07690101
v -0.16526608 -0.09675618 -0.10619201
v -0.16217942 -0.11253459 -0.12634477
v -0.15860557 -0.12172241 -0.13761317
v -0.14491358 -0.14714694 -0.12278041
v -0.166647 -0.06124462 -0.11513518
v -0.16662459 -0.08148213 -0.14063441
v -0.16359409 -0.09464668 -0.15481501
v -0.16230839 -0.10504926 -0.16486688
v -0.15977884 -0.13065198 -0.14558777
v -0.16005688 -0.06395692 -0.17207843
v -0.15808145 -0.07893665 -0.18486109
v -0.16416783 -0.09072798 -0.19571051
v -0.16894611 -0.11451456 -0.17294099
v -0.14895848 -0.05151856 -0.20316578
v -0.15522688 -0.06801524 -0.21715794
v -0.16964213 -0.08230093 -0.2316288
v -0.17691078 -0.10197044 -0.20605996
v -0.14429517 -0.04834736 -0.23712346
v -0.15932074 -0.06564174 -0.25600391
v -0.17624501 -0.08767905 -0.27942681
v -0.18787653 -0.10312067 -0.25131946
v -0.1319471 -0.03371503 -0.25528708
v -0.14595103 -0.05202525 -0.27897733
v -0.15991599 -0.07373379 -0.30504843
v -0.17412662 -0.09724131 -0.33247652
v -0.19362503 -0.1118361 -0.304075
v -0.12877316 -0.03888643 -0.29890057
v -0.13985543 -0.05943405 -0.32786154
v -0.15106822 -0.08121537 -0.35796085
v -0.16174277 -0.10462223 -0.38913601
v -0.18691377 -0.12322997 -0.36096248
v -0.11592499 -0.04264571 -0.34815836
v -0.12456457 -0.06211404 -0.38021257
v -0.13277356 -0.0833554 -0.41346988
v -0.13860797 -0.10843412 -0.44658812
v -0.16908232 -0.13152137 -0.41916203
v -0.09192626 -0.04417109 -0.39769822
v -0.09757652 -0.06414097 -0.43228504
v -0.10209909 -0.08700776 -0.46792584
v -0.10584538 -0.11358461 -0.5026701
v -0.14191934 -0.13791933 -0.47688823
v -0.05770881 -0.0482833 -0.44549173
v -0.06068389 -0.06910238 -0.48273229
v -0.06351826 -0.09393177 -0.52113246
v -0.06723723 -0.12429351 -0.55769997
v -0.1097475 -0.14482246 -0.53463637
v -0.01533175 -0.06003723 -0.49012669
v -0.01642812 -0.08609051 -0.52884471
v -0.01761642 -0.11715573 -0.5665394
v -0.01870239 -0.15425808 -0.60091143
v -0.06983505 -0.16131252 -0.58964419
v 0.0320155 -0.08770487 -0.52763927
v 0.03286869 -0.11836562 -0.56558954
v 0.03341657 -0.15539503 -0.59953892
v 0.03355477 -0.19890882 -0.62684071
v -0.01965762 -0.19760881 -0.62889254
v 0.08100322 -0.12991075 -0.5527659
v 0.0829514 -0.16610778 -0.58412814
v 0.08364742 -0.2076244 -0.60973942
v 0.0849912 -0.25322207 -0.62972623
v 0.03381188 -0.24644795 -0.64744609
v 0.12450749 -0.18685533 -0.55584687
v 0.12802977 -0.22420361 -0.58142149
v 0.13212084 -0.26496854 -0.60198992
v 0.13720318 -0.30870854 -0.61748492
v 0.08774485 -0.30027911 -0.64439821
v 0.16894258 -0.24506977 -0.54749882
v 0.17676314 -0.28081232 -0.56789529
v 0.18383778 -0.3211036 -0.58484953
v 0.18822357 -0.36568856 -0.59577006
v 0.14138686 -0.35505384 -0.62829935
v 0.21896274 -0.2971073 -0.52910929
v 0.22719685 -0.33474203 -0.54642766
v 0.2307108 -0.37745428 -0.55660802
v 0.22911228 -0.42266973 -0.55859732
v 0.18869397 -0.41243034 -0.59842503
v 0.2647598 -0.34764504 -0.50162023
v 0.26749467 -0.38878217 -0.5117191
v 0.26425579 -0.43257445 -0.51441299
v 0.25635945 -0.47631174 -0.5108233
v 0.22361454 -0.46767485 -0.5544238
v 0.29737132 -0.39933729 -0.4625349
v 0.29309594 -0.4421924 -0.46679791
v 0.28333535 -0.48460894 -0.46444857
v 0.26954335 -0.52237677 -0.45690751
v 0.24515421 -0.51509887 -0.5027796
v 0.31295895 -0.45116278 -0.41647324
v 0.30224773 -0.49209925 -0.41543009
v 0.28650888 -0.52841061 -0.40851387
v 0.2652463 -0.55641681 -0.39757683
v 0.25146174 -0.55267065 -0.44560825
v 0.3125067 -0.49789884 -0.36542198
v 0.2951276 -0.53191548 -0.35863837
v 0.27102515 -0.55758518 -0.34914925
v 0.23966094 -0.57290494 -0.33985748
v 0.23579728 -0.57308286 -0.38550099
v 0.29755896 -0.53100198 -0.31150415
v 0.27294105 -0.55554658 -0.30232474
v 0.24081949 -0.57053065 -0.29410529
v 0.27423194 -0.54666537 -0.26016956
v 0.24364425 -0.56250566 -0.25126844
v 0.27756992 -0.5378586 -0.21861887
v 0.29745319 -0.5247395 -0.26746937
v 0.30370599 -0.52194309 -0.22342461
v 0.30077534 -0.5154609 -0.18097582
v 0.27824693 -0.53046226 -0.17947723
v 0.29363808 -0.51120871 -0.14017993
v 0.27469152 -0.52549046 -0.14027012
v 0.27126902 -0.51537501 -0.1019454
v 0.25237914 -0.5217598 -0.09957833
v 0.31569463 -0.49525052 -0.18124379
v 0.30761796 -0.49218401 -0.14093071
v 0.32307392 -0.47143077 -0.18172936
v 0.31454923 -0.47057005 -0.14194835
v 0.32428658 -0.44568032 -0.18152132
v 0.31698703 -0.44803828 -0.1420353
v 0.3205595 -0.42023634 -0.18065314
v 0.31482386 -0.42481955 -0.14113357
v 0.31029167 -0.39667356 -0.17835003
v 0.30689418 -0.40351411 -0.13953797
v 0.30073425 -0.41451081 -0.10538072
v 0.29171487 -0.38700535 -0.13642054
v 0.28889617 -0.37774232 -0.16782338
v 0.2688528 -0.37683457 -0.12598455
v 0.30797454 -0.38833504 -0.20848007
v 0.28001177 -0.37109923 -0.1894267
v 0.32377734 -0.41549405 -0.21921545
v 0.32961338 -0.44345578 -0.22503452
v 0.3264293 -0.43870717 -0.26646837
v 0.3243784 -0.47017401 -0.27221521
v 0.32508632 -0.46597799 -0.31849196
v 0.32718265 -0.43048203 -0.31030628
v 0.32870236 -0.47234505 -0.22748814
v 0.32058221 -0.49928763 -0.22698134
v 0.31491905 -0.49989125 -0.27196514
v 0.31485128 -0.50036805 -0.31792733
v 0.32346975 -0.45923844 -0.36600926
v 0.31786131 -0.40936476 -0.41066855
v 0.32744509 -0.41932684 -0.35879677
v 0.31572768 -0.36932852 -0.3985084
v 0.2955237 -0.35872426 -0.45202535
v 0.28596606 -0.32265195 -0.43641558
v 0.30576118 -0.33321821 -0.38282287
v 0.26970845 -0.29230594 -0.41900041
v 0.28721052 -0.3035036 -0.36789339
v 0.25161689 -0.26447513 -0.40192949
v 0.26539066 -0.2783443 -0.3539868
v 0.26879519 -0.29080122 -0.30528321
v 0.24841357 -0.25391915 -0.34015178
v 0.25477373 -0.26805469 -0.29631048
v 0.25025457 -0.27935484 -0.25230974
v 0.25999009 -0.30043122 -0.25721287
v 0.23374585 -0.28625583 -0.21005581
v 0.24026447 -0.30451995 -0.21423302
v 0.24408634 -0.22438956 -0.32520362
v 0.23531509 -0.23790498 -0.38304421
v 0.22881798 -0.20763635 -0.36466246
v 0.22422215 -0.17603261 -0.34390065
v 0.20737482 -0.19018121 -0.40242242
v 0.20300874 -0.159029 -0.37890163
v 0.19509989 -0.12985681 -0.35259497
v 0.17746348 -0.13973408 -0.41097891
v 0.17077425 -0.11246277 -0.38137257
v 0.16019591 -0.08822622 -0.35000741
v 0.14397329 -0.09142462 -0.4066753
v 0.13542217 -0.07023788 -0.37327596
v 0.12662772 -0.05041329 -0.34111496
v 0.10543894 -0.05106329 -0.39244857
v 0.09942505 -0.03319447 -0.35890424
v 0.06935837 -0.03526207 -0.40609896
v 0.06566886 -0.01846046 -0.3715212
v 0.06245359 -0.00371735 -0.33782723
v 0.02817501 -0.00743127 -0.37904197
v 0.02712969 0.00653655 -0.344381
v 0.02614464 0.01822295 -0.31132078
v -0.01024068 0.00896541 -0.34569397
v -0.00915132 0.02046317 -0.31243822
v -0.00853865 0.03476007 -0.28301283
v -0.04367024 0.01408424 -0.30843129
v -0.04259995 0.02959636 -0.28053781
v -0.0455761 0.0521985 -0.26013797
v -0.00880169 0.05787273 -0.2605901
v -0.04919869 0.0730372 -0.23745329
v -0.00913573 0.07720359 -0.23785832
v -0.04873351 0.09064122 -0.21371203
v -0.00890911 0.09311196 -0.2149062
v -0.0480264 0.10435693 -0.18882764
v -0.0750003 0.08683196 -0.21016554
v -0.07286633 0.09996217 -0.18535453
v -0.04813994 0.11353819 -0.16305436
v -0.04801544 0.11780443 -0.13688693
v -0.04502806 0.11816585 -0.10796437
v -0.06713375 0.10386795 -0.06781642
v -0.04005168 0.11337742 -0.07226736
v -0.06112841 0.09590141 -0.02700707
v -0.03602553 0.10449014 -0.03029847
v -0.00462847 0.10977213 -0.03184384
v -0.03340536 0.08907142 0.01594533
v -0.00409782 0.09376933 0.01590953
v 0.02659034 0.09067617 0.0157291
v -0.00346023 0.0630783 0.05787159
v 0.02429082 0.06094085 0.05793637
v -0.00264181 0.02351449 0.08948029
v 0.02209142 0.02160733 0.08932623
v -0.00184686 -0.01625974 0.11587078
v 0.0196576 -0.01832822 0.11541606
v -0.00150753 -0.05159285 0.13970315
v 0.01761287 -0.05321649 0.13921025
v -0.02342523 -0.0177301 0.11443152
v -0.02084935 -0.05276569 0.13830316
v -0.04324153 -0.02177664 0.1104715
v -0.03892081 -0.05715701 0.13377116
v -0.03662358 -0.08847498 0.15011332
v -0.05370546 -0.06410946 0.12565361
v -0.05255259 -0.09348279 0.14072394
v -0.04866404 -0.12074796 0.1438077
v -0.03131728 -0.11666397 0.15428504
v -0.035168 -0.1412324 0.13565321
v -0.01764605 -0.13440468 0.146371
v -0.02058927 -0.15208624 0.1250287
v -0.00426421 -0.1426232 0.13637383
v 0.01038606 -0.13410498 0.14681188
v 0.01021518 -0.15075996 0.12743406
v -0.00593399 -0.16393747 0.11838562
v -0.02271675 -0.1759238 0.10065447
v -0.03739195 -0.16052737 0.10789662
v -0.05319468 -0.16481265 0.08050078
v -0.03562205 -0.17983916 0.07003255
v -0.0509997 -0.14457665 0.11685881
v -0.0651525 -0.14421612 0.08933997
v -0.07914825 -0.14126291 0.05543689
v -0.06584371 -0.16298148 0.04591978
v -0.06263675 -0.12372937 0.1257268
v -0.07669406 -0.12252374 0.09912984
v -0.09031251 -0.11632683 0.06476018
v -0.10317782 -0.10993 0.03199135
v -0.09254834 -0.13827438 0.02249198
v -0.10570742 -0.1377272 -0.00795942
v -0.07736277 -0.15935589 0.01146815
v -0.11915553 -0.10795812 0.0028762
v -0.13409242 -0.10883488 -0.02409892
v -0.1389997 -0.06914498 -0.01830966
v -0.15415751 -0.07335168 -0.04645925
v -0.13136909 -0.02963653 -0.02548716
v -0.15105074 -0.03389526 -0.05069907
v -0.1629592 -0.04471874 -0.08324701
v -0.11843252 0.00535352 -0.04175323
v -0.13674159 0.00334597 -0.06619786
v -0.11700529 0.04291907 -0.0544329
v -0.13201545 0.04468248 -0.08301799
v -0.04676676 -0.17608231 0.0343284
v -0.05926575 -0.02866037 0.10123927
v -0.06591226 0.00946737 0.07672964
v -0.04785704 0.01646798 0.08508653
v -0.05219826 0.05288805 0.05550375
v -0.06923345 0.04245129 0.04987084
v -0.02675484 0.02141464 0.08857233
v -0.03055125 0.06011445 0.05760065
v -0.05659442 0.08114239 0.01645045
v -0.08306907 0.08368495 -0.02317327
v -0.07491724 0.06782874 0.01614831
v -0.09266062 0.08382023 -0.20307533
v -0.0894602 0.09690965 -0.18130908
v -0.10768203 0.08687944 -0.19856995
v -0.10475921 0.10376936 -0.17908591
v -0.11824725 0.10038568 -0.20251551
v -0.11255706 0.12012334 -0.18456515
v -0.10954771 0.13605493 -0.16645157
v -0.11845644 0.13751003 -0.19430024
v -0.11654762 0.15615861 -0.17846427
v -0.12121204 0.16996948 -0.1644997
v -0.11277678 0.14787416 -0.14917707
v -0.13588799 0.17289356 -0.15632408
v -0.12715102 0.15066081 -0.13942793
v -0.14820364 0.1623601 -0.16357384
v -0.14023077 0.14226925 -0.14874362
v -0.13357324 0.11822044 -0.13789139
v -0.13475742 0.13431656 -0.16555571
v -0.12812359 0.1102551 -0.1546334
v -0.12462935 0.08393918 -0.15003365
v -0.14285443 0.15227824 -0.17927065
v -0.15751616 0.17722615 -0.17928609
v -0.15236486 0.16477429 -0.19335615
v -0.14657291 0.18903137 -0.17609942
v -0.15816086 0.19838857 -0.19720044
v -0.14448003 0.19733838 -0.20313751
v -0.15767622 0.19755803 -0.228733
v -0.17118927 0.19719421 -0.22328591
v -0.13240911 0.18720927 -0.18299081
v -0.12536729 0.17290881 -0.1929195
v -0.12513551 0.15402352 -0.20499052
v -0.1239717 0.11658608 -0.21156169
v -0.13156649 0.09682215 -0.22770237
v -0.13994623 0.08199579 -0.23976565
v -0.1502732 0.07046838 -0.24695666
v -0.15762768 0.10194191 -0.26438009
v -0.17343156 0.09720977 -0.26836642
v -0.17519639 0.14180932 -0.26971381
v -0.16174025 0.14111287 -0.26512706
v -0.16357281 0.06342891 -0.24504382
v -0.17296662 0.06489706 -0.236028
v -0.18663732 0.09675407 -0.26077157
v -0.18673519 0.10079036 -0.24681027
v -0.19024597 0.14007787 -0.25322842
v -0.18769027 0.14148777 -0.2652311
v -0.1743655 0.07321961 -0.22497052
v -0.16496308 0.08324585 -0.21864229
v -0.17444732 0.10629276 -0.23773619
v -0.15935109 0.05622301 -0.19880373
v -0.15153241 0.06679207 -0.19403922
v -0.17748172 0.13864599 -0.24374626
v -0.18179108 0.17844827 -0.24913397
v -0.16877831 0.17896835 -0.2551952
v -0.07642189 0.06722856 -0.23420558
v -0.07555946 0.04443597 -0.25489908
v -0.07254272 0.02072164 -0.27301558
v -0.07433397 0.00278624 -0.29958561
v -0.09831018 -0.00925026 -0.28656682
v -0.10738277 -0.02482618 -0.31667152
v -0.11688912 -0.02137968 -0.27134648
v -0.07993147 -0.01061469 -0.33132404
v -0.08586683 -0.02642459 -0.36417704
v -0.04687216 0.00166134 -0.34107255
v -0.05011374 -0.01300634 -0.37500312
v -0.05387898 -0.02971974 -0.40973845
v -0.01140256 -0.0048075 -0.38045004
v -0.01273966 -0.02063865 -0.41615656
v -0.01414571 -0.03879373 -0.45266637
v 0.02938963 -0.02341012 -0.41454288
v 0.03043384 -0.04143643 -0.45102706
v 0.03132789 -0.06224841 -0.48855257
v 0.07299841 -0.05400512 -0.44182607
v 0.07549721 -0.07493472 -0.47912749
v 0.07772856 -0.0996211 -0.51696592
v 0.11091422 -0.07119756 -0.42710268
v 0.11497722 -0.09462393 -0.46255347
v 0.11764127 -0.12188204 -0.49606758
v 0.12067363 -0.15294848 -0.52720582
v 0.14952896 -0.11683407 -0.43957492
v 0.15228031 -0.14646305 -0.46939361
v 0.15619483 -0.17780126 -0.49704924
v 0.16205351 -0.21076896 -0.52333945
v 0.18187648 -0.17012862 -0.43825629
v 0.18840697 -0.20046331 -0.46307641
v 0.1978584 -0.23190659 -0.48734933
v 0.20828583 -0.26416426 -0.5090419
v 0.21478542 -0.22031939 -0.42421871
v 0.22886675 -0.24912877 -0.4465577
v 0.24311153 -0.27934131 -0.46632468
v 0.25610986 -0.31115382 -0.48528334
v 0.20201237 -0.57719224 -0.37380749
v 0.22527883 -0.5707097 -0.43117094
v 0.22984021 -0.54660308 -0.49107295
v 0.20140114 -0.53948426 -0.53305399
v 0.21485909 -0.50751858 -0.54598188
v 0.16727118 -0.53308427 -0.57161551
v 0.17898717 -0.49983567 -0.58595216
v 0.18565782 -0.45859533 -0.59458923
v 0.1372184 -0.49207368 -0.62112093
v 0.14199516 -0.44950762 -0.62972599
v 0.14317023 -0.4026893 -0.63241934
v 0.09209849 -0.44193577 -0.65847551
v 0.0923904 -0.39536604 -0.65989792
v 0.09053586 -0.34773179 -0.65446668
v 0.03597193 -0.39096605 -0.67871618
v 0.03534982 -0.34346833 -0.67283213
v 0.03445809 -0.29523789 -0.66230952
v -0.0233648 -0.3428646 -0.67497009
v -0.02193392 -0.29442557 -0.66441482
v -0.02066375 -0.24533937 -0.64959782
v -0.07600964 -0.29819828 -0.64907527
v -0.07294225 -0.25036671 -0.63479685
v -0.07113029 -0.20396418 -0.61519777
v -0.12111011 -0.2605257 -0.6089037
v -0.11722133 -0.21818807 -0.58880972
v -0.11377352 -0.17966562 -0.56350237
v -0.1585737 -0.23842057 -0.55538439
v -0.15194965 -0.2031288 -0.53107547
v -0.14624877 -0.16961193 -0.5047326
v -0.18867173 -0.2251338 -0.4955362
v -0.17987363 -0.19305922 -0.47147539
v -0.17358958 -0.16173875 -0.44619622
v -0.20793187 -0.21347437 -0.43324968
v -0.20035408 -0.1831489 -0.4112761
v -0.19523191 -0.15205542 -0.38731396
v -0.22360862 -0.20094671 -0.37333011
v -0.21849033 -0.16921916 -0.35276734
v -0.20868276 -0.13900965 -0.32925474
v -0.23494632 -0.18642987 -0.31505772
v -0.22393086 -0.15564239 -0.29414403
v -0.20739401 -0.12756799 -0.27233526
v -0.23334156 -0.17347535 -0.25720495
v -0.21577014 -0.1446184 -0.23838767
v -0.19519572 -0.12019868 -0.22099913
v -0.21858455 -0.16221669 -0.20350633
v -0.19729578 -0.13966995 -0.19002103
v -0.18017339 -0.12355099 -0.17940942
v -0.19225578 -0.16110147 -0.15974307
v -0.1763886 -0.14780245 -0.15392133
v -0.16663532 -0.13875372 -0.14995807
v -0.16616241 -0.17237049 -0.12683537
v -0.15430413 -0.16522422 -0.12787814
v -0.14784848 -0.15598718 -0.12777569
v -0.18373458 -0.18244402 -0.12936902
v -0.17437398 -0.2025562 -0.10238409
v -0.20219636 -0.19976234 -0.13801075
v -0.21289756 -0.18153758 -0.16990579
v -0.23629781 -0.19122329 -0.21930402
v -0.24502044 -0.20460857 -0.27573102
v -0.24076767 -0.21786852 -0.33326533
v -0.230157 -0.231523 -0.39166137
v -0.2211477 -0.24314853 -0.45526224
v -0.19870165 -0.25824829 -0.51749831
v -0.16629993 -0.27536186 -0.5754646
v -0.12642087 -0.30533403 -0.62380278
v -0.07932983 -0.3458752 -0.65886199
v -0.02469032 -0.39035591 -0.68080931
v 0.0357383 -0.43751648 -0.67808044
v 0.08882566 -0.48474839 -0.64964157
v 0.12730763 -0.52702814 -0.60546493
v -0.06445033 -0.1829615 -0.0773221
v -0.03268605 -0.19015671 -0.07120051
v -0.03241836 -0.18437314 -0.0630479
v 0.00367912 -0.18590326 -0.06123482
v 0.0046165 -0.18339799 -0.05244632
v 0.04247887 -0.1818273 -0.05583119
v 0.04363102 -0.18051269 -0.04576248
v 0.07801287 -0.17370499 -0.06093011
v 0.07910424 -0.17138412 -0.04860484
v 0.07779021 -0.16799037 -0.03101703
v 0.11086883 -0.15161885 -0.04661697
v 0.10286961 -0.1478734 -0.02234588
v 0.09188133 -0.14644943 0.00675751
v 0.12123653 -0.11914341 -0.01085581
v 0.10742003 -0.1177461 0.01611824
v 0.09435194 -0.11904716 0.04582143
v 0.23824878 -0.39667376 -0.07234349
v 0.32314965 -0.3405492 -0.01471794
v 0.33393281 -0.34901896 -0.01225482
v 0.35017746 -0.34335267 -0.00093839
v 0.34183725 -0.35553959 -0.00213766
v 0.34165567 -0.35483685 0.01099491
v 0.3337681 -0.34650749 0.01842869
v 0.32700479 -0.36107164 0.01754672
v 0.32409325 -0.37414473 0.01531749
v 0.32719266 -0.38422367 0.01264058
v 0.27884659 -0.45172104 0.02051493
v 0.28639125 -0.4554992 0.01644721
v 0.29513675 -0.43391862 0.01959571
v 0.30016863 -0.44093754 0.01193235
v 0.31195962 -0.42389205 0.01089922
v 0.30631542 -0.41576188 0.01824557
v 0.10242995 -0.346688 -0.08243794
v 0.100319 -0.32657113 -0.09452356
v 0.06762268 -0.32466545 -0.08858797
v 0.03109433 -0.30671715 -0.09303908
v 0.03310369 -0.28550505 -0.09367752
v -0.00919864 -0.28577685 -0.09209447
v 0.03685751 -0.26285982 -0.08648603
v -0.00599406 -0.26377892 -0.08467288
v 0.03931585 -0.2400103 -0.07988118
v 0.07192064 -0.23713046 -0.08680351
v 0.09194196 -0.23684835 -0.09506999
v 0.05230709 -0.56951767 -0.33474522
v 0.01899503 -0.57081794 -0.29454571
v 0.01790892 -0.56954592 -0.3318195
v 0.01676261 -0.56862175 -0.36732265
v -0.01596051 -0.56954413 -0.3319818
v -0.01496654 -0.56861871 -0.36751037
v -0.01401739 -0.56775951 -0.40273258
v -0.04730278 -0.56861805 -0.36971554
v -0.04396316 -0.56769722 -0.40333429
v -0.04148873 -0.56647098 -0.43770074
v -0.07538362 -0.56793236 -0.40620294
v -0.08160911 -0.56914126 -0.37508016
v -0.11875102 -0.57091504 -0.38535687
v -0.10974298 -0.56890583 -0.41652119
v -0.15786017 -0.57335209 -0.40105384
v -0.14722922 -0.57056117 -0.43541625
v -0.19309118 -0.57469868 -0.41869893
v -0.17759703 -0.57069176 -0.45744359
v -0.15531542 -0.56693768 -0.4926888
v -0.20462599 -0.56506288 -0.47885188
v -0.2240657 -0.57017231 -0.43611884
v -0.2498064 -0.55128103 -0.45178386
v -0.23604047 -0.57275414 -0.39049741
v -0.26481884 -0.55541938 -0.40370735
v -0.28549042 -0.52637553 -0.41551727
v -0.27151674 -0.55693209 -0.35496535
v -0.29522466 -0.53046083 -0.36549261
v -0.31230777 -0.49518656 -0.37289324
v -0.29824101 -0.53034353 -0.31745117
v -0.31570613 -0.49856948 -0.32501623
v -0.29775551 -0.52464681 -0.27305614
v -0.31435388 -0.49814489 -0.27833235
v -0.30436378 -0.52180087 -0.22856065
v -0.32099926 -0.49847534 -0.2328674
v -0.30205971 -0.51517343 -0.18491201
v -0.31699845 -0.49458345 -0.18561652
v -0.324117 -0.4699122 -0.1865073
v -0.30856218 -0.49136787 -0.14370043
v -0.31538379 -0.46942016 -0.14493118
v -0.31777578 -0.44616419 -0.14522308
v -0.30701038 -0.46877011 -0.10817815
v -0.30868437 -0.45049828 -0.10884542
v -0.30697587 -0.43148815 -0.10864353
v -0.31517615 -0.42261043 -0.14455694
v -0.30064863 -0.41257253 -0.1070293
v -0.30680063 -0.40139719 -0.14320099
v -0.28982314 -0.38488683 -0.13865952
v -0.29206472 -0.43912485 -0.07847248
v -0.29275631 -0.45122909 -0.07705932
v -0.28847694 -0.43929773 -0.04990775
v -0.29319182 -0.42905122 -0.02728268
v -0.30930793 -0.41595745 -0.0157243
v -0.30410355 -0.41033864 -0.02095854
v -0.2971214 -0.40454211 -0.02412992
v -0.3154084 -0.38817706 -0.02077372
v -0.30587497 -0.3827047 -0.02478959
v -0.29546237 -0.37810432 -0.02423659
v -0.28789627 -0.39947468 -0.02401125
v -0.28586864 -0.37445065 -0.01880802
v -0.27846163 -0.39633974 -0.0200758
v -0.27778121 -0.37239268 -0.01008119
v -0.27012613 -0.39537847 -0.01288919
v -0.26629191 -0.41759175 -0.01803056
v -0.2568289 -0.42983886 -0.0321256
v -0.26401373 -0.39616856 -0.00447635
v -0.26098391 -0.41931235 -0.01100108
v -0.25295251 -0.4338538 -0.02357672
v -0.23865677 -0.44036653 -0.04332724
v -0.24243438 -0.42993256 -0.04963964
v -0.221707 -0.41321963 -0.06131074
v -0.23462998 -0.39854919 -0.0702015
v -0.2133872 -0.43137103 -0.05649628
v -0.21011884 -0.4500457 -0.05460818
v -0.18531122 -0.44388639 -0.07076761
v -0.2124845 -0.46833342 -0.05469501
v -0.18570473 -0.46975448 -0.07360009
v -0.16928438 -0.46386858 -0.0912631
v -0.19371773 -0.49357181 -0.07991042
v -0.17479501 -0.48987633 -0.10092528
v -0.16277509 -0.4853301 -0.11170914
v -0.20928411 -0.51264131 -0.08815652
v -0.22083939 -0.4841983 -0.05619353
v -0.23229888 -0.49388054 -0.05992151
v -0.24471254 -0.49783346 -0.06381516
v -0.23009929 -0.5221194 -0.09554595
v -0.25681796 -0.49660414 -0.06711491
v -0.25291669 -0.522035 -0.10081579
v -0.26897755 -0.49127188 -0.06969126
v -0.27197495 -0.51556175 -0.10318558
v -0.27560952 -0.52540761 -0.14230915
v -0.28851676 -0.50339645 -0.10499858
v -0.29476854 -0.51081067 -0.14259325
v -0.27900266 -0.5306366 -0.18235224
v -0.27770263 -0.53843897 -0.2224012
v -0.27485516 -0.54748094 -0.26470521
v -0.2437319 -0.56337958 -0.25498855
v -0.2078032 -0.56641525 -0.24721357
v -0.27335771 -0.55553007 -0.30732521
v -0.24091485 -0.57084053 -0.29847142
v -0.20580183 -0.57448327 -0.29075852
v -0.1695854 -0.57282674 -0.28272855
v -0.17270134 -0.56522244 -0.24095979
v -0.2399888 -0.57291156 -0.34445777
v -0.20440973 -0.57709008 -0.33475911
v -0.16711051 -0.57572114 -0.32426369
v -0.12862312 -0.57258135 -0.31383732
v -0.13228291 -0.57006752 -0.27458924
v -0.20153984 -0.57712209 -0.377543
v -0.16392657 -0.57541054 -0.36395883
v -0.1245975 -0.57234942 -0.35102209
v -0.08646941 -0.57007545 -0.34143298
v -0.090379 -0.57052147 -0.30493658
v -0.05302643 -0.57044738 -0.29833659
v -0.05530296 -0.5700798 -0.26015332
v -0.09389922 -0.56894785 -0.26674538
v -0.05044241 -0.569494 -0.33526194
v -0.01677035 -0.57082843 -0.29469072
v -0.01747351 -0.57141065 -0.25639367
v -0.05748147 -0.56502276 -0.22158542
v -0.10230036 -0.55410951 -0.19137001
v -0.09756586 -0.56366998 -0.22821441
v -0.14097273 -0.55293077 -0.19677248
v -0.13652315 -0.563928 -0.23494403
v -0.14307132 -0.53477722 -0.16232539
v -0.30090686 -0.48712304 -0.1067415
v -0.27929687 -0.48390352 -0.07169877
v -0.28659915 -0.47437644 -0.07258853
v -0.29060193 -0.46142092 -0.07208014
v -0.26412943 -0.48260149 -0.03685766
v -0.25606706 -0.48105558 -0.03486051
v -0.26431599 -0.47955068 -0.00562452
v -0.27378994 -0.47950264 -0.00652782
v -0.27328631 -0.46843662 0.01582429
v -0.28245967 -0.46737301 0.01160081
v -0.28091692 -0.44565847 0.0214223
v -0.28909587 -0.44907018 0.01763892
v -0.29549118 -0.45105108 0.00979091
v -0.29699051 -0.43023094 0.01951077
v -0.30273649 -0.43636736 0.01151044
v -0.30696263 -0.41550886 0.01801216
v -0.31299594 -0.42335346 0.01018892
v -0.31430801 -0.42476546 -0.00029898
v -0.31281593 -0.42156791 -0.00901323
v -0.24863719 -0.47642543 -0.03339525
v -0.26014399 -0.39781084 0.00461723
v -0.29412007 -0.35461515 -0.01586528
v -0.28495359 -0.35439649 -0.00865482
v -0.30337292 -0.35675799 -0.02090459
v -0.31181025 -0.337096 -0.0151513
v -0.31270501 -0.36116868 -0.02178979
v -0.32152879 -0.34218606 -0.0156303
v -0.33244156 -0.32813301 -0.00827012
v -0.32146093 -0.32206475 -0.00797226
v -0.34133493 -0.31661474 -0.00221376
v -0.32964667 -0.31196117 -0.00243138
v -0.34116303 -0.33499172 -0.00910668
v -0.32989466 -0.34907168 -0.01389928
v -0.34774836 -0.34070909 -0.00530846
v -0.32208588 -0.36688944 -0.01814182
v -0.13088281 -0.29996538 -0.00396652
v -0.10378292 -0.29611152 -0.0017083
v -0.09725464 -0.30409759 0.00033616
v 0.2797901 -0.33089405 0.01990699
v -0.32961091 -0.35253909 0.01830782
v -0.32354098 -0.37013405 0.01668989
v -0.2794049 -0.32555028 0.01878273
f 1 97 98 99
f 3 100 35 101
f 3 101 102 18
f 3 98 97 100
f 3 103 104 98
f 3 18 105 103
f 4 106 107 19
f 4 96 108 109
f 4 109 110 106
f 2 111 112 113
f 2 113 114 115
f 5 116 117 118
f 5 118 119 120
f 5 120 121 122
f 5 122 123 124
f 5 124 125 116
f 6 126 127 128
f 6 129 130 126
f 6 131 132 129
f 7 133 134 135
f 7 136 137 133
f 7 139 140 136
f 7 138 141 139
f 8 142 143 144
f 8 145 146 142
f 8 144 147 148
f 8 148 149 150
f 8 150 32 145
f 9 151 152 153
f 9 153 154 155
f 9 156 157 151
f 9 158 159 156
f 9 155 160 158
f 10 161 162 163
f 10 164 165 161
f 10 163 159 158
f 10 158 160 166
f 10 166 167 164
f 11 168 169 170
f 11 171 172 168
f 11 173 174 175
f 11 175 176 171
f 11 170 177 173
f 12 178 179 180
f 12 180 169 181
f 12 181 182 183
f 12 183 184 185
f 12 185 186 178
f 13 187 188 189
f 13 190 191 192
f 13 192 29 187
f 14 193 194 195
f 14 196 197 193
f 14 195 198 199
f 14 199 200 201
f 14 201 202 196
f 15 203 204 205
f 15 205 206 207
f 15 208 209 210
f 15 207 189 208
f 15 210 211 203
f 16 212 213 214
f 16 211 215 212
f 16 214 216 217
f 16 218 203 211
f 102 20 219 222
f 17 99 98 104
f 17 104 220 221
f 136 140 112 137
f 18 102 222 223
f 18 224 225 105
f 18 223 110 224
f 19 226 34 227
f 19 107 35 226
f 19 227 228 95
f 20 102 101 229
f 2 115 230 111
f 21 231 24 232
f 21 233 234 231
f 21 232 235 233
f 22 240 23 241
f 22 241 242 243
f 244 245 246 247
f 23 240 248 125
f 23 125 124 241
f 24 249 250 251
f 24 231 252 249
f 24 251 253 254
f 24 254 255 232
f 25 256 257 258
f 25 259 260 256
f 25 258 261 259
f 26 262 263 264
f 26 265 266 262
f 26 264 267 265
f 27 268 269 270
f 27 271 272 268
f 27 270 273 271
f 28 274 275 138
f 28 135 276 274
f 29 192 277 278
f 29 278 279 280
f 29 281 282 187
f 29 280 283 281
f 30 284 285 286
f 30 287 288 284
f 30 286 289 290
f 30 290 291 292
f 30 292 293 287
f 31 294 295 296
f 31 297 298 294
f 31 299 300 301
f 31 296 302 299
f 31 301 303 297
f 32 304 305 145
f 32 150 306 304
f 33 132 131 307
f 33 308 309 132
f 33 307 310 308
f 34 311 255 227
f 34 312 313 311
f 34 314 315 312
f 34 226 316 314
f 35 317 316 226
f 35 100 318 317
f 35 107 229 101
f 36 319 320 321
f 36 321 246 245
f 36 245 322 319
f 37 321 320 318
f 37 221 220 323
f 37 323 246 321
f 38 214 213 324
f 38 325 216 214
f 38 324 326 327
f 38 327 328 329
f 38 329 330 325
f 39 331 332 333
f 39 333 334 335
f 39 335 336 331
f 40 337 333 332
f 40 338 339 337
f 40 332 340 338
f 41 341 342 343
f 41 343 344 345
f 41 345 346 341
f 42 347 348 349
f 42 350 344 347
f 42 349 351 350
f 43 352 353 354
f 43 354 355 356
f 43 356 357 352
f 44 358 353 352
f 44 359 360 358
f 44 352 357 361
f 44 361 362 363
f 44 363 364 359
f 45 365 364 363
f 45 366 367 365
f 45 363 362 366
f 46 85 370 371
f 46 372 373 85
f 46 371 374 375
f 46 67 66 372
f 46 375 376 67
f 47 377 378 379
f 47 68 380 377
f 47 379 381 368
f 48 382 383 384
f 48 384 385 386
f 49 387 388 389
f 49 389 390 391
f 49 392 52 393
f 49 393 394 387
f 49 391 87 392
f 50 395 396 397
f 50 398 399 395
f 50 400 401 398
f 51 402 403 404
f 51 404 405 406
f 51 407 408 409
f 51 409 410 402
f 51 406 411 407
f 52 70 412 393
f 52 392 86 70
f 53 413 414 415
f 53 415 416 417
f 53 417 418 419
f 53 419 420 421
f 54 422 423 424
f 54 424 82 425
f 54 426 427 428
f 54 428 429 422
f 54 425 430 426
f 55 431 432 433
f 55 434 435 431
f 55 433 436 437
f 55 438 439 434
f 55 437 440 438
f 56 441 442 443
f 56 436 444 445
f 56 445 446 441
f 56 443 447 448
f 56 448 437 436
f 57 449 450 451
f 57 451 452 453
f 57 453 454 455
f 57 455 456 457
f 57 457 458 449
f 58 459 460 461
f 58 461 462 463
f 58 463 464 465
f 58 465 466 467
f 58 467 468 459
f 59 469 470 471
f 59 472 473 474
f 59 474 475 469
f 59 471 79 476
f 59 476 477 472
f 60 478 479 480
f 60 480 481 482
f 60 483 484 485
f 60 485 486 478
f 60 482 487 483
f 61 488 489 490
f 61 490 491 492
f 61 493 469 475
f 61 475 494 488
f 61 492 495 493
f 62 496 497 491
f 62 491 490 498
f 62 499 500 496
f 62 501 502 499
f 62 498 503 501
f 63 505 64 506
f 63 507 508 505
f 63 506 65 507
f 64 505 391 390
f 64 390 374 506
f 65 371 370 507
f 65 506 374 371
f 417 416 385 418
f 66 67 509 504
f 66 504 510 372
f 67 376 511 512
f 67 512 378 509
f 68 513 514 380
f 68 515 84 513
f 68 369 516 515
f 48 386 517 382
f 69 518 519 520
f 69 520 521 522
f 69 522 73 518
f 70 86 527 412
f 71 72 528 529
f 71 530 531 72
f 72 531 532 528
f 73 533 534 518
f 73 535 536 533
f 73 537 538 535
f 73 522 539 537
f 74 540 541 542
f 74 543 544 540
f 74 542 545 543
f 75 546 547 548
f 75 548 549 550
f 75 550 551 546
f 76 552 553 554
f 76 554 555 556
f 76 556 557 552
f 77 558 559 560
f 77 561 562 558
f 77 560 563 561
f 78 564 565 413
f 78 421 566 564
f 79 471 567 568
f 79 569 570 476
f 79 571 572 569
f 79 568 573 571
f 80 574 575 576
f 80 576 577 578
f 80 579 580 574
f 80 578 581 582
f 80 582 583 579
f 81 584 585 586
f 81 586 587 588
f 81 589 590 591
f 81 591 592 584
f 81 588 593 589
f 82 594 595 425
f 82 424 596 594
f 83 597 598 599
f 83 405 600 597
f 83 599 406 405
f 84 601 602 603
f 84 603 604 513
f 84 605 606 601
f 84 515 539 605
f 85 514 607 608
f 85 608 609 370
f 85 373 380 514
f 86 392 87 527
f 87 610 611 527
f 87 391 505 508
f 87 508 609 610
f 88 499 502 612
f 88 613 614 615
f 88 615 500 499
f 88 616 617 613
f 89 618 619 620
f 89 548 547 618
f 89 620 549 548
f 90 621 622 623
f 90 624 625 621
f 90 623 626 624
f 91 627 628 629
f 91 630 631 627
f 91 629 632 630
f 92 633 634 635
f 92 636 637 633
f 92 635 638 636
f 93 639 640 641
f 93 642 643 639
f 93 641 644 645
f 93 645 634 633
f 94 646 647 648
f 94 640 649 646
f 94 648 641 640
f 649 650 651 646
f 649 640 639 652
f 649 652 653 650
f 653 654 655 650
f 653 652 656 657
f 653 657 658 654
f 658 659 660 654
f 658 657 661 662
f 658 662 663 659
f 663 664 665 659
f 663 662 666 667
f 663 667 668 664
f 668 441 446 664
f 668 667 669 670
f 668 670 442 441
f 670 669 671 672
f 670 672 673 442
f 673 674 443 442
f 673 672 675 676
f 673 676 677 674
f 677 678 679 674
f 677 676 680 681
f 677 681 682 678
f 682 683 684 678
f 682 681 164 167
f 682 167 685 683
f 685 185 184 683
f 685 167 166 686
f 685 686 186 185
f 686 166 160 687
f 686 687 688 186
f 688 687 689 690
f 688 690 691 692
f 688 692 178 186
f 692 691 693 694
f 692 694 179 178
f 694 693 202 201
f 694 201 200 179
f 693 691 695 696
f 693 696 697 202
f 697 696 698 141
f 697 141 138 275
f 697 275 196 202
f 698 699 700 701
f 698 701 139 141
f 698 696 695 699
f 701 700 702 703
f 701 703 140 139
f 703 702 114 113
f 703 113 112 140
f 702 704 705 114
f 702 700 706 704
f 706 707 708 704
f 706 700 699 709
f 706 709 710 707
f 710 711 712 707
f 710 709 713 714
f 710 714 154 711
f 714 713 690 689
f 714 689 155 154
f 713 709 699 695
f 713 695 691 690
f 712 715 716 717
f 712 717 708 707
f 712 711 718 715
f 718 719 720 715
f 718 711 154 153
f 718 153 152 719
f 720 721 722 723
f 720 723 716 715
f 720 719 724 721
f 724 725 726 721
f 724 719 152 727
f 724 727 728 725
f 728 729 134 725
f 728 727 730 731
f 728 731 732 729
f 732 733 276 729
f 732 731 734 735
f 732 735 736 733
f 736 193 197 733
f 736 735 737 738
f 736 738 194 193
f 738 737 739 740
f 738 740 741 194
f 741 742 195 194
f 741 740 743 744
f 741 744 745 742
f 745 746 747 742
f 745 744 748 749
f 745 749 750 746
f 750 295 294 746
f 750 749 751 752
f 750 752 753 295
f 753 754 296 295
f 753 752 755 756
f 753 756 757 754
f 757 758 759 754
f 757 756 760 761
f 757 761 762 758
f 762 763 764 758
f 762 761 765 766
f 762 766 767 763
f 767 768 769 763
f 767 766 770 771
f 767 771 772 768
f 772 773 774 768
f 772 771 775 776
f 772 776 777 773
f 777 778 779 773
f 777 776 780 781
f 777 781 782 778
f 782 783 784 778
f 782 781 785 786
f 782 786 787 783
f 787 788 789 783
f 787 786 790 791
f 787 791 792 788
f 792 793 794 788
f 792 791 795 796
f 792 796 797 793
f 797 798 799 793
f 797 796 800 801
f 797 801 557 798
f 801 800 802 803
f 801 803 552 557
f 803 802 804 805
f 803 805 553 552
f 805 804 806 807
f 805 807 808 553
f 808 809 554 553
f 808 807 810 811
f 808 811 812 809
f 812 811 813 814
f 812 814 815 816
f 812 816 817 809
f 817 816 818 819
f 817 819 820 555
f 817 555 554 809
f 820 819 821 822
f 820 822 823 824
f 820 824 556 555
f 824 823 799 798
f 824 798 557 556
f 823 822 825 826
f 823 826 827 799
f 827 826 828 829
f 827 829 830 794
f 827 794 793 799
f 830 829 263 831
f 830 831 832 789
f 830 789 788 794
f 832 831 833 834
f 832 834 835 784
f 832 784 783 789
f 835 834 836 837
f 835 837 838 779
f 835 779 778 784
f 838 837 839 840
f 838 840 841 774
f 838 774 773 779
f 841 840 842 843
f 841 843 844 769
f 841 769 768 774
f 844 843 845 846
f 844 846 847 764
f 844 764 763 769
f 847 846 848 849
f 847 849 302 759
f 847 759 758 764
f 849 848 850 851
f 849 851 299 302
f 851 850 852 853
f 851 853 300 299
f 853 852 854 855
f 853 855 856 300
f 856 855 857 858
f 856 858 859 860
f 856 860 301 300
f 860 859 861 862
f 860 862 303 301
f 862 861 863 864
f 862 864 865 303
f 865 864 174 173
f 865 173 177 866
f 865 866 297 303
f 866 177 867 868
f 866 868 298 297
f 868 867 199 198
f 868 198 747 298
f 867 177 170 869
f 867 869 200 199
f 869 180 179 200
f 869 170 169 180
f 864 863 870 174
f 870 863 871 872
f 870 872 873 874
f 870 874 175 174
f 874 873 875 876
f 874 876 176 175
f 876 875 877 878
f 876 878 879 176
f 879 880 171 176
f 879 878 881 882
f 879 882 883 880
f 883 884 885 880
f 883 882 886 887
f 883 887 888 884
f 888 889 890 884
f 888 887 891 892
f 888 892 893 889
f 893 894 895 889
f 893 892 896 897
f 893 897 898 894
f 898 899 900 894
f 898 897 901 902
f 898 902 903 899
f 903 904 905 899
f 903 902 906 907
f 903 907 908 904
f 908 909 910 904
f 908 907 911 912
f 908 912 913 909
f 913 914 915 909
f 913 912 916 917
f 913 917 918 914
f 918 919 920 914
f 918 917 921 922
f 918 922 923 919
f 923 924 925 919
f 923 922 815 814
f 923 814 813 924
f 925 924 926 927
f 925 927 928 929
f 925 929 920 919
f 929 928 578 577
f 929 577 930 920
f 930 577 576 931
f 930 931 932 915
f 930 915 914 920
f 932 931 933 934
f 932 934 935 910
f 932 910 909 915
f 935 934 936 937
f 935 937 938 905
f 935 905 904 910
f 938 937 939 940
f 938 940 941 900
f 938 900 899 905
f 941 940 942 943
f 941 943 944 895
f 941 895 894 900
f 944 943 945 946
f 944 946 947 890
f 944 890 889 895
f 947 946 948 949
f 947 949 172 885
f 947 885 884 890
f 949 948 950 951
f 949 951 168 172
f 951 950 182 181
f 951 181 169 168
f 950 952 953 182
f 950 948 954 952
f 954 955 956 952
f 954 948 946 945
f 954 945 957 955
f 957 958 959 955
f 957 945 943 942
f 957 942 960 958
f 960 961 962 958
f 960 942 940 939
f 960 939 963 961
f 963 964 965 961
f 963 939 937 936
f 963 936 966 964
f 966 967 968 964
f 966 936 934 933
f 966 933 575 967
f 968 969 970 971
f 968 971 965 964
f 968 967 972 969
f 972 973 974 969
f 972 967 575 574
f 972 574 580 973
f 974 975 976 977
f 974 977 970 969
f 974 973 978 975
f 978 979 980 975
f 978 973 580 981
f 978 981 982 979
f 982 983 534 979
f 982 981 984 985
f 982 985 986 983
f 986 987 519 983
f 986 985 988 989
f 986 989 990 987
f 990 991 992 987
f 990 989 993 598
f 990 598 597 991
f 993 989 988 994
f 993 994 995 996
f 993 996 599 598
f 996 995 997 411
f 996 411 406 599
f 997 995 998 999
f 997 999 1000 1001
f 997 1001 407 411
f 1001 1000 1002 1003
f 1001 1003 408 407
f 1003 1002 1004 1005
f 1003 1005 1006 408
f 1006 1005 423 422
f 1006 422 429 1007
f 1006 1007 409 408
f 1007 1008 410 409
f 1007 429 1009 1008
f 1009 1010 400 1008
f 1009 429 428 1011
f 1009 1011 1012 1010
f 1012 1013 1014 1010
f 1012 1011 1015 1016
f 1012 1016 1017 1013
f 1017 511 1018 1013
f 1017 1016 1019 1020
f 1017 1020 512 511
f 1020 1019 381 379
f 1020 379 378 512
f 1019 1016 1015 1021
f 1019 1021 1022 381
f 1022 1021 1023 1024
f 1022 1024 538 1025
f 1022 1025 368 381
f 1025 538 537 516
f 1025 516 369 368
f 1024 1023 1026 1027
f 1024 1027 535 538
f 1027 1026 1028 1029
f 1027 1029 536 535
f 1029 1028 1030 1031
f 1029 1031 1032 536
f 1032 1031 1033 976
f 1032 976 975 980
f 1032 980 533 536
f 1033 1031 1030 1034
f 1033 1034 1035 1036
f 1033 1036 977 976
f 1036 1035 455 454
f 1036 454 970 977
f 1035 1034 1037 1038
f 1035 1038 456 455
f 1038 1037 1039 1040
f 1038 1040 1041 456
f 1041 1040 1042 1043
f 1041 1043 1044 1045
f 1041 1045 457 456
f 1045 1044 1046 1047
f 1045 1047 458 457
f 1047 1046 1048 1049
f 1047 1049 1050 458
f 1050 1049 483 487
f 1050 487 1051 1052
f 1050 1052 449 458
f 1052 1051 461 460
f 1052 460 450 449
f 1051 487 482 1053
f 1051 1053 462 461
f 1053 482 481 1054
f 1053 1054 1055 462
f 1055 1056 463 462
f 1055 1054 1057 1058
f 1055 1058 1059 1056
f 1059 1060 1061 1056
f 1059 1058 1062 1063
f 1059 1063 1064 1060
f 1064 1065 439 1060
f 1064 1063 1066 1067
f 1064 1067 1068 1065
f 1068 1069 1070 1065
f 1068 1067 1071 1072
f 1068 1072 1073 1069
f 1073 1074 1075 1069
f 1073 1072 523 526
f 1073 526 1076 1074
f 1076 517 1077 1074
f 1076 526 525 1078
f 1076 1078 382 517
f 1078 525 524 1079
f 1078 1079 383 382
f 1079 524 1071 1080
f 1079 1080 1081 383
f 1081 1080 1066 1082
f 1081 1082 1083 1084
f 1081 1084 384 383
f 1084 1083 419 418
f 1084 418 385 384
f 1083 1082 1062 1085
f 1083 1085 420 419
f 1085 1062 1058 1057
f 1085 1057 1086 420
f 1086 1057 1054 481
f 1086 481 480 566
f 1086 566 421 420
f 1082 1066 1063 1062
f 1080 1071 1067 1066
f 1077 1087 1088 1089
f 1077 1089 1075 1074
f 1077 517 386 1087
f 1089 1088 1090 1091
f 1089 1091 1092 1075
f 1092 1091 1093 435
f 1092 435 434 1070
f 1092 1070 1069 1075
f 1093 1094 1095 1096
f 1093 1096 431 435
f 1093 1091 1090 1094
f 1096 1095 1097 1098
f 1096 1098 432 431
f 1098 1097 1099 1100
f 1098 1100 1101 432
f 1101 1100 1102 1103
f 1101 1103 1104 1105
f 1101 1105 433 432
f 1105 1104 1106 444
f 1105 444 436 433
f 1106 1104 1107 1108
f 1106 1108 1109 1110
f 1106 1110 445 444
f 1110 1109 1111 1112
f 1110 1112 446 445
f 1112 1111 1113 665
f 1112 665 664 446
f 1113 1111 1114 1115
f 1113 1115 1116 660
f 1113 660 659 665
f 1116 1115 488 494
f 1116 494 1117 655
f 1116 655 654 660
f 1117 494 475 474
f 1117 474 473 651
f 1117 651 650 655
f 1115 1114 489 488
f 1114 1118 1119 489
f 1114 1111 1109 1118
f 1119 1120 503 498
f 1119 498 490 489
f 1119 1118 1121 1120
f 1121 1122 1123 1120
f 1121 1118 1109 1108
f 1121 1108 1107 1122
f 1123 1124 1125 1126
f 1123 1126 503 1120
f 1123 1122 1127 1124
f 1127 1128 1129 1124
f 1127 1122 1107 1130
f 1127 1130 1131 1128
f 1131 1132 1133 1128
f 1131 1130 1103 1102
f 1131 1102 1134 1132
f 1134 1135 1136 1132
f 1134 1102 1100 1099
f 1134 1099 1137 1135
f 1137 1138 1139 1135
f 1137 1099 1097 1140
f 1137 1140 1141 1138
f 1141 478 486 1138
f 1141 1140 1142 1143
f 1141 1143 479 478
f 1143 1142 1144 565
f 1143 565 564 479
f 1144 1142 1095 1094
f 1144 1094 1090 414
f 1144 414 413 565
f 1142 1140 1097 1095
f 1139 1145 1146 1147
f 1139 1147 1136 1135
f 1139 1138 486 1145
f 1147 1146 1148 1149
f 1147 1149 1150 1136
f 1150 1149 1151 1152
f 1150 1152 1153 1133
f 1150 1133 1132 1136
f 1153 1152 1154 1155
f 1153 1155 1156 1129
f 1153 1129 1128 1133
f 1156 1155 1157 1158
f 1156 1158 1159 1125
f 1156 1125 1124 1129
f 1159 1158 1160 1161
f 1159 1161 1162 1163
f 1159 1163 1126 1125
f 1163 1162 502 501
f 1163 501 503 1126
f 1162 1161 1164 1165
f 1162 1165 612 502
f 1165 1164 1166 1167
f 1165 1167 1168 612
f 1168 1167 1169 1170
f 1168 1170 1171 616
f 1168 616 88 612
f 1171 1170 1172 1173
f 1171 1173 1174 1175
f 1171 1175 617 616
f 1175 1174 1176 1177
f 1175 1177 1178 617
f 1178 1177 1179 1180
f 1178 1180 1181 1182
f 1178 1182 613 617
f 1182 1181 1183 1184
f 1182 1184 614 613
f 1184 1183 1185 1186
f 1184 1186 1187 614
f 1187 1188 615 614
f 1187 1186 1189 1190
f 1187 1190 1191 1188
f 1191 1192 1193 1188
f 1191 1190 620 619
f 1191 619 1194 1192
f 1194 1195 1196 1192
f 1194 619 618 1197
f 1194 1197 1198 1195
f 1198 1199 1200 1195
f 1198 1197 1201 1202
f 1198 1202 625 1199
f 1202 1201 1203 1204
f 1202 1204 621 625
f 1204 1203 1205 1206
f 1204 1206 622 621
f 1206 1205 1207 1208
f 1206 1208 1209 622
f 1209 1208 1210 1211
f 1209 1211 1212 1213
f 1209 1213 623 622
f 1213 1212 1214 1215
f 1213 1215 626 623
f 1215 1214 628 627
f 1215 627 631 626
f 1214 1212 1216 544
f 1214 544 543 628
f 1216 1217 1218 1219
f 1216 1219 540 544
f 1216 1212 1211 1217
f 1219 1218 470 1220
f 1219 1220 541 540
f 1220 470 469 493
f 1220 493 495 541
f 1218 567 471 470
f 1218 1217 1221 567
f 1221 1222 568 567
f 1221 1217 1211 1210
f 1221 1210 1223 1222
f 1223 1224 1225 1222
f 1223 1210 1208 1207
f 1223 1207 1226 1224
f 1226 1227 1185 1224
f 1226 1207 1205 551
f 1226 551 550 1227
f 1227 1189 1186 1185
f 1227 550 549 1189
f 1225 1183 1181 573
f 1225 573 568 1222
f 1225 1224 1185 1183
f 1205 1203 546 551
f 1203 1201 547 546
f 1201 1197 618 547
f 1200 1228 1229 1230
f 1200 1230 1196 1195
f 1200 1199 1231 1228
f 1231 631 630 1228
f 1231 1199 625 624
f 1231 624 626 631
f 1230 1229 1232 1233
f 1230 1233 1234 1196
f 1234 1233 497 496
f 1234 496 500 1193
f 1234 1193 1192 1196
f 1233 1232 1235 497
f 1235 1236 495 492
f 1235 492 491 497
f 1235 1232 1237 1236
f 1237 545 542 1236
f 1237 1232 1229 632
f 1237 632 629 545
f 1236 542 541 495
f 1229 1228 630 632
f 1193 500 615 1188
f 1190 1189 549 620
f 1181 1180 571 573
f 1180 1179 572 571
f 1179 1177 1176 1238
f 1179 1238 1239 572
f 1239 1238 1240 1241
f 1239 1241 1242 1243
f 1239 1243 569 572
f 1243 1242 1244 1245
f 1243 1245 570 569
f 1245 1244 1246 1247
f 1245 1247 1248 570
f 1248 1247 1249 1250
f 1248 1250 1251 477
f 1248 477 476 570
f 1251 1250 1252 1253
f 1251 1253 1254 1255
f 1251 1255 472 477
f 1255 1254 648 647
f 1255 647 473 472
f 1254 1253 1256 644
f 1254 644 641 648
f 1256 1253 1252 1257
f 1256 1257 1258 1259
f 1256 1259 645 644
f 1259 1258 1260 1261
f 1259 1261 634 645
f 1261 1260 1262 1263
f 1261 1263 635 634
f 1263 1262 1264 1265
f 1263 1265 638 635
f 1265 1264 1266 1267
f 1265 1267 1268 638
f 1268 1269 636 638
f 1268 1267 1270 1271
f 1268 1271 1272 1269
f 1272 1273 1274 1269
f 1272 1271 1275 1276
f 1272 1276 1277 1273
f 1277 1278 1279 1273
f 1277 1276 560 559
f 1277 559 1280 1278
f 1280 1281 1282 1278
f 1280 559 558 1283
f 1280 1283 1284 1281
f 1284 1285 1286 1281
f 1284 1283 1287 1288
f 1284 1288 1289 1285
f 1289 1290 1291 1285
f 1289 1288 1292 1293
f 1289 1293 1294 1290
f 1294 1295 1296 1290
f 1294 1293 1297 1298
f 1294 1298 1299 1295
f 1299 1300 1301 1295
f 1299 1298 1302 1303
f 1299 1303 1304 1300
f 1304 1305 1306 1300
f 1304 1303 1307 1308
f 1304 1308 1309 1305
f 1309 1310 162 1305
f 1309 1308 1311 1312
f 1309 1312 1313 1310
f 1313 1314 1315 1310
f 1313 1312 1316 1317
f 1313 1317 1318 1314
f 1318 1319 1320 1314
f 1318 1317 204 1321
f 1318 1321 1322 1319
f 1322 1323 1324 1319
f 1322 1321 218 1325
f 1322 1325 1326 1323
f 1326 1327 1328 1323
f 1326 1325 217 1329
f 1326 1329 1330 1327
f 1330 1331 1332 1327
f 1330 1329 1333 1334
f 1330 1334 1335 1331
f 1335 1336 1337 1331
f 1335 1334 1338 1339
f 1335 1339 1340 1336
f 1340 1341 1342 1336
f 1340 1339 1343 1344
f 1340 1344 1345 1341
f 1345 1346 1347 1341
f 1345 1344 1348 1349
f 1345 1349 1350 1346
f 1350 1351 1352 1346
f 1350 1349 1353 1354
f 1350 1354 1355 1351
f 1355 1356 1357 1351
f 1355 1354 1358 1359
f 1355 1359 1360 1356
f 1360 1361 1362 1356
f 1360 1359 1363 1364
f 1360 1364 1365 1361
f 1365 1366 1367 1361
f 1365 1364 1368 1369
f 1365 1369 1370 1366
f 1370 1371 1372 1366
f 1370 1369 1373 1374
f 1370 1374 1375 1371
f 1375 1376 1377 1371
f 1375 1374 1378 1379
f 1375 1379 1380 1376
f 1380 1381 1382 1376
f 1380 1379 1383 1384
f 1380 1384 1385 1381
f 1385 1386 1387 1381
f 1385 1384 1388 1389
f 1385 1389 1390 1386
f 1390 1391 1392 1386
f 1390 1389 1393 1394
f 1390 1394 1395 1391
f 1395 1396 1397 1391
f 1395 1394 1398 1399
f 1395 1399 1400 1396
f 1400 1401 1402 1396
f 1400 1399 1403 1404
f 1400 1404 1405 1401
f 1405 1406 1407 1401
f 1405 1404 1408 1409
f 1405 1409 1410 1406
f 1410 927 926 1406
f 1410 1409 1411 1412
f 1410 1412 928 927
f 1412 1411 1413 581
f 1412 581 578 928
f 1413 1411 1414 1415
f 1413 1415 1416 1417
f 1413 1417 582 581
f 1417 1416 1418 1419
f 1417 1419 583 582
f 1419 1418 998 1420
f 1419 1420 1421 583
f 1421 984 579 583
f 1421 1420 994 988
f 1421 988 985 984
f 1420 998 995 994
f 1418 1416 1422 1423
f 1418 1423 999 998
f 1423 1422 1424 1425
f 1423 1425 1000 999
f 1425 1424 1426 1427
f 1425 1427 1002 1000
f 1427 1426 1428 1429
f 1427 1429 1004 1002
f 1429 1428 1430 1431
f 1429 1431 1432 1004
f 1432 1431 1433 596
f 1432 596 424 423
f 1432 423 1005 1004
f 1433 1431 1430 1434
f 1433 1434 1042 1435
f 1433 1435 594 596
f 1435 1042 1040 1039
f 1435 1039 595 594
f 1434 1430 1436 1437
f 1434 1437 1043 1042
f 1437 1436 588 587
f 1437 587 1044 1043
f 1436 1438 593 588
f 1436 1430 1428 1438
f 1438 1439 1440 593
f 1438 1428 1426 1439
f 1440 1441 1442 1443
f 1440 1443 589 593
f 1440 1439 1444 1441
f 1444 1445 1446 1441
f 1444 1439 1426 1424
f 1444 1424 1422 1445
f 1446 1414 1408 1447
f 1446 1447 1442 1441
f 1446 1445 1415 1414
f 1447 1408 1404 1403
f 1447 1403 1448 1442
f 1448 1403 1399 1398
f 1448 1398 1449 1450
f 1448 1450 1443 1442
f 1450 1449 1451 590
f 1450 590 589 1443
f 1451 1449 1393 1452
f 1451 1452 1453 1454
f 1451 1454 591 590
f 1454 1453 1455 1456
f 1454 1456 592 591
f 1456 1455 1457 1458
f 1456 1458 1459 592
f 1459 1458 1460 1461
f 1459 1461 1462 1463
f 1459 1463 584 592
f 1463 1462 1464 1465
f 1463 1465 585 584
f 1465 1464 485 484
f 1465 484 1048 585
f 1464 1462 1146 1145
f 1464 1145 486 485
f 1462 1461 1148 1146
f 1461 1460 1466 1148
f 1466 1460 1467 1468
f 1466 1468 1469 1151
f 1466 1151 1149 1148
f 1469 1468 1470 1471
f 1469 1471 1472 1154
f 1469 1154 1152 1151
f 1472 1471 1473 1474
f 1472 1474 1475 1157
f 1472 1157 1155 1154
f 1475 1474 1476 1477
f 1475 1477 1478 1160
f 1475 1160 1158 1157
f 1478 1477 1479 1480
f 1478 1480 1166 1164
f 1478 1164 1161 1160
f 1480 1479 1481 1482
f 1480 1482 1483 1166
f 1483 1482 1484 1485
f 1483 1485 1486 1169
f 1483 1169 1167 1166
f 1486 1485 1487 1488
f 1486 1488 1489 1172
f 1486 1172 1170 1169
f 1489 1488 1490 1491
f 1489 1491 1492 1493
f 1489 1493 1173 1172
f 1493 1492 1494 1495
f 1493 1495 1174 1173
f 1495 1494 1496 1497
f 1495 1497 1176 1174
f 1497 1496 1498 1240
f 1497 1240 1238 1176
f 1498 1496 1499 1500
f 1498 1500 279 1501
f 1498 1501 1241 1240
f 1501 279 278 1502
f 1501 1502 1242 1241
f 1502 278 277 1503
f 1502 1503 1244 1242
f 1503 277 1504 1505
f 1503 1505 1246 1244
f 1505 1504 1506 1507
f 1505 1507 1508 1246
f 1508 1507 1509 1510
f 1508 1510 1511 1249
f 1508 1249 1247 1246
f 1511 1510 1512 1513
f 1511 1513 1257 1252
f 1511 1252 1250 1249
f 1513 1512 1514 1515
f 1513 1515 1258 1257
f 1515 1514 1516 1517
f 1515 1517 1260 1258
f 1517 1516 1518 1519
f 1517 1519 1262 1260
f 1519 1518 271 273
f 1519 273 1264 1262
f 1518 1516 1520 1521
f 1518 1521 272 271
f 1521 1520 1522 1523
f 1521 1523 1524 272
f 1524 1523 1525 1526
f 1524 1526 1527 1528
f 1524 1528 268 272
f 1528 1527 1529 1530
f 1528 1530 269 268
f 1530 1529 1531 1532
f 1530 1532 1533 269
f 1533 1270 1267 1266
f 1533 1266 270 269
f 1533 1532 1534 1270
f 1534 1275 1271 1270
f 1534 1532 1531 1535
f 1534 1535 563 1275
f 1535 1536 561 563
f 1535 1531 1537 1536
f 1537 1538 1539 1536
f 1537 1531 1529 1540
f 1537 1540 1541 1538
f 1541 1542 1543 1538
f 1541 1540 1544 1545
f 1541 1545 1546 1542
f 1546 1547 1548 1542
f 1546 1545 354 353
f 1546 353 358 1547
f 1548 1549 1297 1550
f 1548 1550 1543 1542
f 1548 1547 1551 1549
f 1551 1552 1302 1549
f 1551 1547 358 360
f 1551 360 1553 1552
f 1553 1554 1307 1552
f 1553 360 359 1555
f 1553 1555 1556 1554
f 1556 1557 1311 1554
f 1556 1555 1558 1559
f 1556 1559 206 1557
f 1559 1558 1560 1561
f 1559 1561 207 206
f 1561 1560 190 13
f 1561 13 189 207
f 1560 1558 364 365
f 1560 365 367 190
f 1558 1555 359 364
f 1557 1316 1312 1311
f 1557 206 205 1316
f 1554 1311 1308 1307
f 1552 1307 1303 1302
f 1550 1297 1293 1292
f 1550 1292 1562 1543
f 1562 1292 1288 1287
f 1562 1287 562 1539
f 1562 1539 1538 1543
f 1549 1302 1298 1297
f 1545 1544 355 354
f 1544 1540 1529 1527
f 1544 1527 1526 355
f 1539 562 561 1536
f 1526 1525 356 355
f 1525 1563 357 356
f 1525 1523 1522 1563
f 1563 1564 361 357
f 1563 1522 1565 1564
f 1565 1566 1567 1564
f 1565 1522 1520 1568
f 1565 1568 1569 1566
f 1569 1509 1570 1566
f 1569 1568 1514 1512
f 1569 1512 1510 1509
f 1570 1506 1571 1572
f 1570 1572 1567 1566
f 1570 1509 1507 1506
f 1572 1571 367 366
f 1572 366 362 1567
f 1571 191 190 367
f 1571 1506 1504 191
f 1568 1520 1516 1514
f 1567 362 361 1564
f 1504 277 192 191
f 1500 1499 1573 1574
f 1500 1574 280 279
f 1574 1573 1575 1576
f 1574 1576 283 280
f 1576 1575 1577 1578
f 1576 1578 1579 283
f 1579 1578 1580 1581
f 1579 1581 1582 1583
f 1579 1583 281 283
f 1583 1582 1584 1585
f 1583 1585 282 281
f 1585 1584 1586 1587
f 1585 1587 1588 282
f 1588 1587 1589 1590
f 1588 1590 1591 188
f 1588 188 187 282
f 1591 1590 259 261
f 1591 261 209 208
f 1591 208 189 188
f 1590 1589 260 259
f 1589 1587 1586 1592
f 1589 1592 351 260
f 1592 1586 1593 1594
f 1592 1594 350 351
f 1594 1593 346 345
f 1594 345 344 350
f 1593 1595 1596 346
f 1593 1586 1584 1595
f 1596 1597 1598 1599
f 1596 1599 341 346
f 1596 1595 1600 1597
f 1600 1601 336 1597
f 1600 1595 1584 1582
f 1600 1582 1581 1601
f 1601 1602 331 336
f 1601 1581 1580 1602
f 1602 340 332 331
f 1602 1580 1603 340
f 1603 1604 338 340
f 1603 1580 1578 1577
f 1603 1577 326 1604
f 1604 1605 339 338
f 1604 326 324 1605
f 1605 1606 1607 339
f 1605 324 213 1606
f 1607 1608 1609 1610
f 1607 1610 337 339
f 1607 1606 1611 1608
f 1611 1612 1613 1608
f 1611 1606 213 212
f 1611 212 215 1612
f 1613 1614 1615 1616
f 1613 1616 1609 1608
f 1613 1612 1617 1614
f 1617 1618 1619 1614
f 1617 1612 215 1620
f 1617 1620 1621 1618
f 1621 258 257 1618
f 1621 1620 210 209
f 1621 209 261 258
f 1620 215 211 210
f 1619 348 347 1622
f 1619 1622 1615 1614
f 1619 1618 257 348
f 1622 347 344 343
f 1622 343 342 1615
f 1616 1615 342 1623
f 1616 1623 1624 1609
f 1624 1623 1599 1598
f 1624 1598 335 334
f 1624 334 1610 1609
f 1623 342 341 1599
f 1610 334 333 337
f 1598 1597 336 335
f 1577 1575 327 326
f 1575 1573 328 327
f 1573 1499 1625 328
f 1625 1626 329 328
f 1625 1499 1496 1494
f 1625 1494 1492 1626
f 1626 1627 330 329
f 1626 1492 1491 1627
f 1627 1628 1629 330
f 1627 1491 1490 1628
f 1629 1630 1338 1631
f 1629 1631 325 330
f 1629 1628 1632 1630
f 1632 1633 1343 1630
f 1632 1628 1490 1634
f 1632 1634 1635 1633
f 1635 1636 1348 1633
f 1635 1634 1487 1637
f 1635 1637 1638 1636
f 1638 1639 1353 1636
f 1638 1637 1484 1640
f 1638 1640 1641 1639
f 1641 1642 1358 1639
f 1641 1640 1481 1643
f 1641 1643 1644 1642
f 1644 1645 1363 1642
f 1644 1643 1646 1647
f 1644 1647 1648 1645
f 1648 1649 1368 1645
f 1648 1647 1650 1651
f 1648 1651 1652 1649
f 1652 1653 1373 1649
f 1652 1651 1654 1655
f 1652 1655 1656 1653
f 1656 1657 1378 1653
f 1656 1655 1658 1659
f 1656 1659 1660 1657
f 1660 1661 1383 1657
f 1660 1659 1457 1455
f 1660 1455 1453 1661
f 1661 1388 1384 1383
f 1661 1453 1452 1388
f 1659 1658 1467 1457
f 1658 1655 1654 1470
f 1658 1470 1468 1467
f 1657 1383 1379 1378
f 1654 1651 1650 1473
f 1654 1473 1471 1470
f 1653 1378 1374 1373
f 1650 1647 1646 1476
f 1650 1476 1474 1473
f 1649 1373 1369 1368
f 1646 1643 1481 1479
f 1646 1479 1477 1476
f 1645 1368 1364 1363
f 1642 1363 1359 1358
f 1640 1484 1482 1481
f 1639 1358 1354 1353
f 1637 1487 1485 1484
f 1636 1353 1349 1348
f 1634 1490 1488 1487
f 1633 1348 1344 1343
f 1631 1338 1334 1333
f 1631 1333 216 325
f 1630 1343 1339 1338
f 1467 1460 1458 1457
f 1452 1393 1389 1388
f 1449 1398 1394 1393
f 1445 1422 1416 1415
f 1414 1411 1409 1408
f 1407 1662 810 1663
f 1407 1663 1402 1401
f 1407 1406 926 1662
f 1663 810 807 806
f 1663 806 1664 1402
f 1664 806 804 1665
f 1664 1665 1666 1397
f 1664 1397 1396 1402
f 1666 1665 1667 1668
f 1666 1668 1669 1392
f 1666 1392 1391 1397
f 1669 1668 1670 1671
f 1669 1671 1672 1387
f 1669 1387 1386 1392
f 1672 1671 1673 1674
f 1672 1674 1675 1382
f 1672 1382 1381 1387
f 1675 1674 1676 1677
f 1675 1677 1678 1377
f 1675 1377 1376 1382
f 1678 1677 1679 1680
f 1678 1680 1681 1372
f 1678 1372 1371 1377
f 1681 1680 1682 1683
f 1681 1683 1684 1367
f 1681 1367 1366 1372
f 1684 1683 1685 1686
f 1684 1686 1687 1362
f 1684 1362 1361 1367
f 1687 1686 1688 1689
f 1687 1689 1690 1357
f 1687 1357 1356 1362
f 1690 1689 1691 1692
f 1690 1692 1693 1352
f 1690 1352 1351 1357
f 1693 1692 1694 1695
f 1693 1695 1696 1347
f 1693 1347 1346 1352
f 1696 1695 1697 1698
f 1696 1698 1699 1342
f 1696 1342 1341 1347
f 1699 1698 1700 1701
f 1699 1701 1702 1337
f 1699 1337 1336 1342
f 1702 1701 1703 1704
f 1702 1704 1705 1332
f 1702 1332 1331 1337
f 1705 1704 1706 1707
f 1705 1707 1708 1328
f 1705 1328 1327 1332
f 1708 1707 1709 1710
f 1708 1710 1711 1324
f 1708 1324 1323 1328
f 1711 1710 1712 1713
f 1711 1713 1714 1320
f 1711 1320 1319 1324
f 1714 1713 156 159
f 1714 159 163 1315
f 1714 1315 1314 1320
f 1713 1712 157 156
f 1712 1715 1716 157
f 1712 1710 1709 1715
f 1716 734 731 730
f 1716 730 151 157
f 1716 1715 1717 734
f 1717 737 735 734
f 1717 1715 1709 1718
f 1717 1718 739 737
f 1718 1709 1707 1706
f 1718 1706 1719 739
f 1719 743 740 739
f 1719 1706 1704 1703
f 1719 1703 1720 743
f 1720 748 744 743
f 1720 1703 1701 1700
f 1720 1700 1721 748
f 1721 751 749 748
f 1721 1700 1698 1697
f 1721 1697 1722 751
f 1722 755 752 751
f 1722 1697 1695 1694
f 1722 1694 1723 755
f 1723 760 756 755
f 1723 1694 1692 1691
f 1723 1691 1724 760
f 1724 765 761 760
f 1724 1691 1689 1688
f 1724 1688 1725 765
f 1725 770 766 765
f 1725 1688 1686 1685
f 1725 1685 1726 770
f 1726 775 771 770
f 1726 1685 1683 1682
f 1726 1682 1727 775
f 1727 780 776 775
f 1727 1682 1680 1679
f 1727 1679 1728 780
f 1728 785 781 780
f 1728 1679 1677 1676
f 1728 1676 1729 785
f 1729 790 786 785
f 1729 1676 1674 1673
f 1729 1673 1730 790
f 1730 795 791 790
f 1730 1673 1671 1670
f 1730 1670 1731 795
f 1731 800 796 795
f 1731 1670 1668 1667
f 1731 1667 802 800
f 1667 1665 804 802
f 1662 813 811 810
f 1662 926 924 813
f 1333 1329 217 216
f 1325 218 16 217
f 1321 204 203 218
f 1317 1316 205 204
f 1315 163 162 1310
f 1306 161 165 1732
f 1306 1732 1301 1300
f 1306 1305 162 161
f 1732 165 680 1733
f 1732 1733 1734 1301
f 1734 1733 675 1735
f 1734 1735 1736 1296
f 1734 1296 1295 1301
f 1736 1735 671 1737
f 1736 1737 1738 1291
f 1736 1291 1290 1296
f 1738 1737 1739 1740
f 1738 1740 1741 1286
f 1738 1286 1285 1291
f 1741 1740 1742 1743
f 1741 1743 1744 1282
f 1741 1282 1281 1286
f 1744 1743 1745 1746
f 1744 1746 1747 1279
f 1744 1279 1278 1282
f 1747 1746 643 642
f 1747 642 637 1274
f 1747 1274 1273 1279
f 1746 1745 656 643
f 1745 661 657 656
f 1745 1743 1742 661
f 1742 666 662 661
f 1742 1740 1739 666
f 1739 669 667 666
f 1739 1737 671 669
f 1735 675 672 671
f 1733 680 676 675
f 1287 1283 558 562
f 1276 1275 563 560
f 1274 637 636 1269
f 1266 1264 273 270
f 1130 1107 1104 1103
f 1090 1088 415 414
f 1088 1087 416 415
f 1087 386 385 416
f 1072 1071 524 523
f 1070 434 439 1065
f 1061 438 440 464
f 1061 464 463 1056
f 1061 1060 439 438
f 1049 1048 484 483
f 1048 1046 586 585
f 1046 1044 587 586
f 1039 1037 1748 595
f 1748 430 425 595
f 1748 1037 1034 1030
f 1748 1030 1028 430
f 1028 1026 426 430
f 1026 1023 427 426
f 1023 1021 1015 427
f 1018 388 387 1749
f 1018 1749 1014 1013
f 1018 511 376 388
f 1749 387 394 1750
f 1749 1750 401 1014
f 1750 394 1751 1752
f 1750 1752 398 401
f 1752 1751 611 1753
f 1752 1753 399 398
f 1753 611 610 1754
f 1753 1754 1755 399
f 1755 1754 608 607
f 1755 607 604 1756
f 1755 1756 395 399
f 1756 604 603 1757
f 1756 1757 396 395
f 1757 603 602 529
f 1757 529 528 396
f 1754 610 609 608
f 1751 412 527 611
f 1751 394 393 412
f 1015 1011 428 427
f 1014 401 400 1010
f 1008 400 50 410
f 992 1758 521 520
f 992 520 519 987
f 992 991 1759 1758
f 1759 1760 606 1758
f 1759 991 597 600
f 1759 600 1761 1760
f 1761 1762 1763 1760
f 1761 600 405 404
f 1761 404 403 1762
f 1763 530 602 601
f 1763 601 606 1760
f 1763 1762 531 530
f 1762 403 532 531
f 1758 606 605 521
f 984 981 580 579
f 983 519 518 534
f 980 979 534 533
f 971 970 454 453
f 971 453 452 965
f 965 452 962 961
f 962 452 451 1764
f 962 1764 959 958
f 1764 451 450 1765
f 1764 1765 1766 959
f 1766 1765 459 468
f 1766 468 1767 956
f 1766 956 955 959
f 1767 468 467 1768
f 1767 1768 1769 953
f 1767 953 952 956
f 1769 1768 1770 1771
f 1769 1771 184 183
f 1769 183 182 953
f 1771 1770 1772 684
f 1771 684 683 184
f 1772 1770 466 1773
f 1772 1773 447 679
f 1772 679 678 684
f 1773 466 465 1774
f 1773 1774 448 447
f 1774 465 464 440
f 1774 440 437 448
f 1770 1768 467 466
f 1765 450 460 459
f 933 931 576 575
f 922 921 1775 815
f 1775 921 1776 1777
f 1775 1777 1778 818
f 1775 818 816 815
f 1778 1777 1779 1780
f 1778 1780 1781 821
f 1778 821 819 818
f 1781 1780 1782 1783
f 1781 1783 1784 825
f 1781 825 822 821
f 1784 1783 1785 267
f 1784 267 264 828
f 1784 828 826 825
f 1785 1783 1782 1786
f 1785 1786 1787 1788
f 1785 1788 265 267
f 1788 1787 1789 1790
f 1788 1790 266 265
f 1790 1789 1791 1792
f 1790 1792 1793 266
f 1793 1792 1794 836
f 1793 836 834 833
f 1793 833 262 266
f 1794 1792 1791 1795
f 1794 1795 1796 839
f 1794 839 837 836
f 1796 1795 1797 1798
f 1796 1798 1799 842
f 1796 842 840 839
f 1799 1798 1800 1801
f 1799 1801 1802 845
f 1799 845 843 842
f 1802 1801 1803 1804
f 1802 1804 850 848
f 1802 848 846 845
f 1804 1803 1805 1806
f 1804 1806 852 850
f 1806 1805 1807 1808
f 1806 1808 854 852
f 1808 1807 1809 1810
f 1808 1810 1811 854
f 1811 1810 1812 1813
f 1811 1813 1814 857
f 1811 857 855 854
f 1814 1813 1815 1816
f 1814 1816 1817 1818
f 1814 1818 858 857
f 1818 1817 1819 1820
f 1818 1820 859 858
f 1820 1819 305 1821
f 1820 1821 861 859
f 1821 305 304 871
f 1821 871 863 861
f 1819 1817 1822 146
f 1819 146 145 305
f 1822 1823 128 1824
f 1822 1824 142 146
f 1822 1817 1816 1823
f 1824 128 127 1825
f 1824 1825 143 142
f 1825 127 1826 1827
f 1825 1827 1828 143
f 1828 1827 1829 1830
f 1828 1830 1831 1832
f 1828 1832 144 143
f 1832 1831 1833 1834
f 1832 1834 147 144
f 1834 1833 1835 1836
f 1834 1836 1837 147
f 1837 1838 148 147
f 1837 1836 1839 1840
f 1837 1840 1841 1838
f 1841 1842 1843 1838
f 1841 1840 253 251
f 1841 251 250 1842
f 1843 1844 1845 149
f 1843 149 148 1838
f 1843 1842 1846 1844
f 1846 877 875 1844
f 1846 1842 250 1847
f 1846 1847 1848 877
f 1848 881 878 877
f 1848 1847 1849 1850
f 1848 1850 1851 881
f 1851 886 882 881
f 1851 1850 1852 1853
f 1851 1853 1854 886
f 1854 891 887 886
f 1854 1853 285 284
f 1854 284 288 891
f 1853 1852 1855 285
f 1855 1852 1856 1857
f 1855 1857 1858 1859
f 1855 1859 286 285
f 1859 1858 1860 1861
f 1859 1861 289 286
f 1861 1860 1862 1863
f 1861 1863 1864 289
f 1864 1863 1865 1866
f 1864 1866 1809 1867
f 1864 1867 290 289
f 1867 1809 1807 1868
f 1867 1868 291 290
f 1868 1807 1805 1869
f 1868 1869 1870 291
f 1870 1871 292 291
f 1870 1869 1872 1873
f 1870 1873 1874 1871
f 1874 1875 1876 1871
f 1874 1873 1877 1878
f 1874 1878 1879 1875
f 1879 1880 1881 1875
f 1879 1878 1882 1883
f 1879 1883 1884 1880
f 1884 1885 1886 1880
f 1884 1883 1789 1787
f 1884 1787 1786 1885
f 1886 1887 1888 1889
f 1886 1889 1881 1880
f 1886 1885 1890 1887
f 1890 1779 1891 1887
f 1890 1885 1786 1782
f 1890 1782 1780 1779
f 1891 1776 916 1892
f 1891 1892 1888 1887
f 1891 1779 1777 1776
f 1892 916 912 911
f 1892 911 1893 1888
f 1893 911 907 906
f 1893 906 1894 1895
f 1893 1895 1889 1888
f 1895 1894 1896 1897
f 1895 1897 1881 1889
f 1897 1896 293 1876
f 1897 1876 1875 1881
f 1896 1894 901 1898
f 1896 1898 287 293
f 1898 901 897 896
f 1898 896 288 287
f 1894 906 902 901
f 1883 1882 1791 1789
f 1882 1878 1877 1797
f 1882 1797 1795 1791
f 1877 1873 1872 1800
f 1877 1800 1798 1797
f 1876 293 292 1871
f 1872 1869 1805 1803
f 1872 1803 1801 1800
f 1866 1865 1899 1812
f 1866 1812 1810 1809
f 1899 1865 1900 1901
f 1899 1901 1902 1815
f 1899 1815 1813 1812
f 1902 1901 131 6
f 1902 6 128 1823
f 1902 1823 1816 1815
f 1901 1900 307 131
f 1900 1862 310 307
f 1900 1865 1863 1862
f 1862 1860 1903 310
f 1903 1860 1858 1904
f 1903 1904 1905 1906
f 1903 1906 308 310
f 1906 1905 1907 1908
f 1906 1908 309 308
f 1908 1907 1909 1910
f 1908 1910 1911 309
f 1911 1910 1912 1913
f 1911 1913 130 129
f 1911 129 132 309
f 1913 1912 1914 1915
f 1913 1915 1916 130
f 1916 1915 242 123
f 1916 123 122 1917
f 1916 1917 126 130
f 1917 122 121 1826
f 1917 1826 127 126
f 1915 1914 243 242
f 1914 1912 313 312
f 1914 312 315 243
f 1912 1910 1909 313
f 1909 1907 233 235
f 1909 235 311 313
f 1907 1905 234 233
f 1905 1904 1918 234
f 1918 1857 1856 252
f 1918 252 231 234
f 1918 1904 1858 1857
f 1856 1852 1850 1849
f 1856 1849 249 252
f 1849 1847 250 249
f 1845 873 872 306
f 1845 306 150 149
f 1845 1844 875 873
f 1840 1839 1919 253
f 1919 1839 108 96
f 1919 96 95 228
f 1919 228 254 253
f 1839 1836 1835 108
f 1835 1833 1920 1921
f 1835 1921 109 108
f 1921 1920 225 224
f 1921 224 110 109
f 1920 1833 1831 1922
f 1920 1922 1923 225
f 1923 1922 1924 1925
f 1923 1925 1926 1927
f 1923 1927 105 225
f 1927 1926 1928 1929
f 1927 1929 103 105
f 1929 1928 323 220
f 1929 220 104 103
f 1928 1926 1930 247
f 1928 247 246 323
f 1930 1931 119 1932
f 1930 1932 244 247
f 1930 1926 1925 1931
f 1932 119 118 322
f 1932 322 245 244
f 1931 1933 120 119
f 1931 1925 1924 1933
f 1933 1829 121 120
f 1933 1924 1830 1829
f 1924 1922 1831 1830
f 1829 1827 1826 121
f 1776 921 917 916
f 896 892 891 288
f 885 172 171 880
f 872 871 304 306
f 833 831 263 262
f 829 828 264 263
f 759 302 296 754
f 747 198 195 742
f 747 746 294 298
f 733 197 274 276
f 730 727 152 151
f 729 276 135 134
f 726 133 137 1934
f 726 1934 722 721
f 726 725 134 133
f 1934 137 112 111
f 1934 111 230 722
f 723 722 230 1935
f 723 1935 237 716
f 1935 230 115 1936
f 1935 1936 238 237
f 1936 115 114 705
f 1936 705 239 238
f 717 716 237 236
f 717 236 239 708
f 708 239 705 704
f 689 687 160 155
f 681 680 165 164
f 679 447 443 674
f 656 652 639 643
f 651 473 647 646
f 642 93 633 637
f 629 628 543 545
f 609 508 507 370
f 607 514 513 604
f 605 539 522 521
f 602 530 71 529
f 566 480 479 564
f 539 515 516 537
f 532 403 402 397
f 532 397 396 528
f 510 504 509 1937
f 510 1937 373 372
f 1937 509 378 377
f 1937 377 380 373
f 410 50 397 402
f 390 389 375 374
f 389 388 376 375
f 351 349 256 260
f 349 348 257 256
f 37 97 1 221
f 37 318 100 97
f 322 118 117 319
f 320 319 117 1938
f 320 1938 317 318
f 1938 117 116 1939
f 1938 1939 316 317
f 1939 116 125 248
f 1939 248 314 316
f 315 314 248 240
f 315 240 22 243
f 311 235 232 255
f 275 274 197 196
f 255 254 228 227
f 242 241 124 123
f 229 107 106 1940
f 229 1940 219 20
f 1940 106 110 223
f 1940 223 222 219
f 99 17 221 1
f 4 19 95 96
f 7 135 28 138
f 236 237 238 239
f 47 368 369 68
f 53 421 78 413
f 523 524 525 526

 